-- phpMyAdmin SQL Dump
-- version 4.7.9
-- https://www.phpmyadmin.net/
--
-- Host: 127.0.0.1
-- Generation Time: Jul 20, 2018 at 12:44 PM
-- Server version: 10.1.31-MariaDB
-- PHP Version: 7.2.3

SET SQL_MODE = "NO_AUTO_VALUE_ON_ZERO";
SET AUTOCOMMIT = 0;
START TRANSACTION;
SET time_zone = "+00:00";


/*!40101 SET @OLD_CHARACTER_SET_CLIENT=@@CHARACTER_SET_CLIENT */;
/*!40101 SET @OLD_CHARACTER_SET_RESULTS=@@CHARACTER_SET_RESULTS */;
/*!40101 SET @OLD_COLLATION_CONNECTION=@@COLLATION_CONNECTION */;
/*!40101 SET NAMES utf8mb4 */;

--
-- Database: `macheo`
--

-- --------------------------------------------------------

--
-- Table structure for table `admins`
--

CREATE TABLE `admins` (
  `adminAutoId` int(10) NOT NULL,
  `adminStaffId` varchar(15) NOT NULL,
  `adminUserName` varchar(30) NOT NULL,
  `adminId` varchar(30) NOT NULL,
  `adminFname` varchar(30) NOT NULL,
  `adminLname` varchar(30) NOT NULL,
  `adminOtherNames` varchar(50) DEFAULT NULL,
  `adminGender` varchar(15) NOT NULL,
  `adminEmail` varchar(100) NOT NULL,
  `adminPhone1` varchar(30) NOT NULL,
  `adminProfilePhoto` varchar(150) DEFAULT NULL,
  `adminDateAdded` datetime NOT NULL,
  `adminDateUpdated` timestamp NOT NULL DEFAULT CURRENT_TIMESTAMP ON UPDATE CURRENT_TIMESTAMP,
  `adminActiveStatus` tinyint(1) NOT NULL DEFAULT '1',
  `creating_user_group_id` int(5) NOT NULL,
  `creating_user_id` int(10) NOT NULL,
  `last_update_user_id` int(10) DEFAULT NULL,
  `last_update_user_group_id` int(10) DEFAULT NULL
) ENGINE=InnoDB DEFAULT CHARSET=latin1;

--
-- Dumping data for table `admins`
--

INSERT INTO `admins` (`adminAutoId`, `adminStaffId`, `adminUserName`, `adminId`, `adminFname`, `adminLname`, `adminOtherNames`, `adminGender`, `adminEmail`, `adminPhone1`, `adminProfilePhoto`, `adminDateAdded`, `adminDateUpdated`, `adminActiveStatus`, `creating_user_group_id`, `creating_user_id`, `last_update_user_id`, `last_update_user_group_id`) VALUES
(1, '2902', 'smokoro', '31537790', 'Stephen', 'Mokoro', 'Nyang\'wono', 'Male', 'smokoro@strathmore.edu', '0719508386', NULL, '2018-04-23 00:00:00', '2018-07-15 18:42:06', 1, 1, 1, 1, 1),
(2, '71891', 'oodoyo', '29650723', 'Oliver', 'Yogoh', 'Odoyo', 'Male', 'oodoyo@strathmore.edu', '0707871247', NULL, '2018-04-23 11:18:50', '2018-07-15 18:42:10', 1, 1, 1, NULL, NULL),
(3, '02835', 'vmwema', '29561128', 'Victoria', 'Mwema', '', 'Female', 'vmwema@strathmore.edu', '0703296082', NULL, '2018-04-24 17:18:33', '2018-07-15 18:48:30', 1, 1, 1, NULL, NULL),
(4, '00463', 'lborrallo', '242945', 'Luis', 'Borrallo', '', 'Male', 'lborrallo@strathmore.edu', '0721344197', NULL, '2018-05-17 10:46:23', '2018-07-15 18:48:33', 1, 1, 3, NULL, NULL);

-- --------------------------------------------------------

--
-- Table structure for table `classes`
--

CREATE TABLE `classes` (
  `classAutoId` int(10) NOT NULL,
  `classMenteeId` int(10) NOT NULL,
  `formCode` varchar(10) NOT NULL,
  `classYear` year(4) NOT NULL,
  `menteePromoted` tinyint(1) NOT NULL DEFAULT '0' COMMENT 'Denote 1 if the mentee is promoted to next class',
  `menteeDropped` tinyint(1) NOT NULL DEFAULT '0' COMMENT 'Denote 1 if the mentee drops out of the program while in this class',
  `creating_user_group_id` int(5) NOT NULL,
  `creating_user_id` int(10) NOT NULL,
  `last_update_user_id` int(10) DEFAULT NULL,
  `last_update_user_group_id` int(10) DEFAULT NULL
) ENGINE=InnoDB DEFAULT CHARSET=latin1;

--
-- Dumping data for table `classes`
--

INSERT INTO `classes` (`classAutoId`, `classMenteeId`, `formCode`, `classYear`, `menteePromoted`, `menteeDropped`, `creating_user_group_id`, `creating_user_id`, `last_update_user_id`, `last_update_user_group_id`) VALUES
(2, 2, 'FORM4', 2018, 0, 0, 1, 3, NULL, NULL),
(5, 5, 'FORM3', 2018, 0, 0, 1, 3, NULL, NULL),
(6, 6, 'FORM4', 2018, 0, 0, 1, 3, NULL, NULL),
(7, 7, 'FORM4', 2018, 0, 0, 1, 3, NULL, NULL),
(8, 8, 'FORM4', 2018, 0, 0, 1, 3, NULL, NULL),
(10, 10, 'FORM4', 2018, 0, 0, 1, 3, NULL, NULL),
(11, 11, 'FORM3', 2018, 0, 0, 1, 3, NULL, NULL),
(12, 12, 'FORM3', 2018, 0, 0, 1, 3, NULL, NULL),
(13, 13, 'FORM3', 2018, 0, 0, 1, 3, NULL, NULL),
(14, 14, 'FORM3', 2018, 0, 0, 1, 3, NULL, NULL),
(15, 15, 'FORM3', 2018, 0, 0, 1, 3, NULL, NULL),
(16, 16, 'FORM3', 2018, 0, 0, 1, 3, NULL, NULL),
(17, 17, 'FORM3', 2018, 0, 0, 1, 3, NULL, NULL),
(18, 18, 'FORM3', 2018, 0, 0, 1, 3, NULL, NULL),
(19, 19, 'FORM3', 2018, 0, 0, 1, 3, NULL, NULL),
(20, 20, 'FORM3', 2018, 0, 0, 1, 3, NULL, NULL),
(21, 21, 'FORM3', 2018, 0, 0, 1, 3, NULL, NULL),
(22, 22, 'FORM3', 2018, 0, 0, 1, 3, NULL, NULL),
(23, 23, 'FORM4', 2018, 0, 0, 1, 3, NULL, NULL),
(24, 24, 'FORM4', 2018, 0, 0, 1, 3, NULL, NULL),
(25, 25, 'FORM3', 2018, 0, 0, 1, 3, NULL, NULL),
(26, 26, 'FORM4', 2018, 0, 0, 1, 3, NULL, NULL),
(27, 27, 'FORM4', 2018, 0, 0, 1, 3, NULL, NULL),
(28, 28, 'FORM4', 2018, 0, 0, 1, 3, NULL, NULL),
(29, 29, 'FORM4', 2018, 0, 0, 1, 3, NULL, NULL),
(30, 30, 'FORM3', 2018, 0, 0, 1, 3, NULL, NULL),
(31, 31, 'FORM3', 2018, 0, 0, 1, 3, NULL, NULL),
(32, 32, 'FORM3', 2018, 0, 0, 1, 3, NULL, NULL),
(33, 33, 'FORM4', 2018, 0, 0, 1, 3, NULL, NULL),
(34, 34, 'FORM3', 2018, 0, 0, 1, 3, NULL, NULL),
(37, 37, 'FORM4', 2018, 0, 0, 1, 3, NULL, NULL),
(38, 38, 'FORM4', 2018, 0, 0, 1, 3, NULL, NULL),
(39, 39, 'FORM4', 2018, 0, 0, 1, 3, NULL, NULL),
(40, 40, 'FORM3', 2018, 0, 0, 1, 3, NULL, NULL),
(41, 41, 'FORM3', 2018, 0, 0, 1, 3, NULL, NULL),
(42, 42, 'FORM4', 2018, 0, 0, 1, 3, NULL, NULL),
(43, 43, 'FORM4', 2018, 0, 0, 1, 3, NULL, NULL),
(44, 44, 'FORM4', 2018, 0, 0, 1, 3, NULL, NULL),
(46, 46, 'FORM4', 2018, 0, 0, 1, 3, NULL, NULL),
(47, 47, 'FORM2', 2018, 0, 0, 1, 3, NULL, NULL),
(48, 48, 'FORM2', 2018, 0, 0, 1, 3, NULL, NULL),
(49, 49, 'FORM2', 2018, 0, 0, 1, 3, NULL, NULL),
(50, 50, 'FORM2', 2018, 0, 0, 1, 3, NULL, NULL),
(51, 51, 'FORM2', 2018, 0, 0, 1, 3, NULL, NULL),
(52, 52, 'FORM2', 2018, 0, 0, 1, 3, NULL, NULL),
(53, 53, 'FORM2', 2018, 0, 0, 1, 3, NULL, NULL),
(54, 54, 'FORM2', 2018, 0, 0, 1, 3, NULL, NULL),
(55, 55, 'FORM2', 2018, 0, 0, 1, 3, NULL, NULL),
(56, 56, 'FORM2', 2018, 0, 0, 1, 3, NULL, NULL),
(57, 57, 'FORM2', 2018, 0, 0, 1, 3, NULL, NULL),
(58, 58, 'FORM2', 2018, 0, 0, 1, 3, NULL, NULL),
(59, 59, 'FORM2', 2018, 0, 0, 1, 3, NULL, NULL),
(60, 60, 'FORM2', 2018, 0, 0, 1, 3, NULL, NULL),
(61, 61, 'FORM2', 2018, 0, 0, 1, 3, NULL, NULL),
(62, 62, 'FORM2', 2018, 0, 0, 1, 3, NULL, NULL),
(63, 63, 'FORM2', 2018, 0, 0, 1, 3, NULL, NULL),
(64, 64, 'FORM2', 2018, 0, 0, 1, 3, NULL, NULL),
(65, 65, 'FORM2', 2018, 0, 0, 1, 3, NULL, NULL),
(66, 66, 'FORM2', 2018, 0, 0, 1, 3, NULL, NULL),
(67, 67, 'FORM2', 2018, 0, 0, 1, 3, NULL, NULL),
(68, 68, 'FORM2', 2018, 0, 0, 1, 3, NULL, NULL),
(69, 69, 'FORM2', 2018, 0, 0, 1, 3, NULL, NULL),
(70, 70, 'FORM2', 2018, 0, 0, 1, 3, NULL, NULL),
(71, 71, 'FORM2', 2018, 0, 0, 1, 3, NULL, NULL),
(72, 72, 'FORM2', 2018, 0, 0, 1, 3, NULL, NULL),
(73, 73, 'FORM2', 2018, 0, 0, 1, 3, NULL, NULL),
(74, 74, 'FORM2', 2018, 0, 0, 1, 3, NULL, NULL),
(75, 75, 'FORM2', 2018, 0, 0, 1, 3, NULL, NULL),
(76, 76, 'FORM2', 2018, 0, 0, 1, 3, NULL, NULL),
(77, 77, 'FORM2', 2018, 0, 0, 1, 3, NULL, NULL),
(78, 78, 'FORM2', 2018, 0, 0, 1, 3, NULL, NULL),
(80, 80, 'FORM2', 2018, 0, 0, 1, 3, NULL, NULL),
(83, 83, 'FORM4', 2018, 0, 0, 1, 3, NULL, NULL),
(84, 84, 'FORM4', 2018, 0, 0, 1, 3, NULL, NULL),
(85, 85, 'FORM4', 2018, 0, 0, 1, 3, NULL, NULL),
(86, 86, 'FORM4', 2018, 0, 0, 1, 3, NULL, NULL),
(87, 87, 'FORM2', 2018, 0, 0, 1, 3, NULL, NULL),
(88, 88, 'FORM4', 2018, 0, 0, 1, 3, NULL, NULL),
(89, 89, 'FORM4', 2018, 0, 0, 1, 3, NULL, NULL),
(90, 90, 'FORM4', 2018, 0, 0, 1, 3, NULL, NULL),
(91, 91, 'FORM4', 2018, 0, 0, 1, 3, NULL, NULL),
(92, 92, 'FORM4', 2018, 0, 0, 1, 3, NULL, NULL),
(93, 93, 'FORM4', 2018, 0, 0, 1, 3, NULL, NULL),
(94, 94, 'FORM4', 2018, 0, 0, 1, 3, NULL, NULL),
(95, 95, 'FORM2', 2018, 0, 0, 1, 3, NULL, NULL),
(96, 96, 'FORM2', 2018, 0, 0, 1, 3, NULL, NULL),
(97, 97, 'FORM2', 2018, 0, 0, 1, 3, NULL, NULL),
(98, 98, 'FORM3', 2018, 0, 0, 1, 3, NULL, NULL),
(99, 99, 'FORM3', 2018, 0, 0, 1, 3, NULL, NULL),
(100, 100, 'FORM3', 2018, 0, 0, 1, 3, NULL, NULL),
(101, 101, 'FORM4', 2018, 0, 0, 1, 3, NULL, NULL),
(102, 102, 'FORM4', 2018, 0, 0, 1, 3, NULL, NULL),
(103, 103, 'FORM4', 2018, 0, 0, 1, 3, NULL, NULL),
(104, 104, 'FORM4', 2018, 0, 0, 1, 3, NULL, NULL),
(105, 105, 'FORM2', 2018, 0, 0, 1, 3, NULL, NULL),
(106, 106, 'FORM2', 2018, 0, 0, 1, 3, NULL, NULL),
(109, 109, 'FORM4', 2018, 0, 0, 1, 3, NULL, NULL),
(110, 110, 'FORM4', 2018, 0, 0, 1, 3, NULL, NULL),
(111, 111, 'FORM2', 2018, 0, 0, 1, 3, NULL, NULL),
(112, 112, 'FORM2', 2018, 0, 0, 1, 3, NULL, NULL),
(114, 114, 'FORM2', 2018, 0, 0, 1, 3, NULL, NULL),
(115, 115, 'FORM2', 2018, 0, 0, 1, 3, NULL, NULL),
(116, 116, 'FORM2', 2018, 0, 0, 1, 3, NULL, NULL),
(117, 117, 'FORM2', 2018, 0, 0, 1, 3, NULL, NULL),
(118, 118, 'FORM3', 2018, 0, 0, 1, 3, NULL, NULL),
(119, 119, 'FORM3', 2018, 0, 0, 1, 3, NULL, NULL),
(120, 120, 'FORM3', 2018, 0, 0, 1, 3, NULL, NULL),
(121, 121, 'FORM3', 2018, 0, 0, 1, 3, NULL, NULL),
(122, 122, 'FORM3', 2018, 0, 0, 1, 3, NULL, NULL),
(123, 123, 'FORM3', 2018, 0, 0, 1, 3, NULL, NULL),
(124, 124, 'FORM3', 2018, 0, 0, 1, 3, NULL, NULL),
(125, 125, 'FORM3', 2018, 0, 0, 1, 3, NULL, NULL),
(126, 126, 'FORM4', 2018, 0, 0, 1, 3, NULL, NULL),
(127, 127, 'FORM3', 2018, 0, 0, 1, 3, NULL, NULL),
(128, 128, 'FORM3', 2018, 0, 0, 1, 3, NULL, NULL),
(129, 129, 'FORM3', 2018, 0, 0, 1, 3, NULL, NULL),
(130, 130, 'FORM3', 2018, 0, 0, 1, 3, NULL, NULL),
(131, 131, 'FORM3', 2018, 0, 0, 1, 3, NULL, NULL),
(132, 132, 'FORM3', 2018, 0, 0, 1, 3, NULL, NULL),
(133, 133, 'FORM3', 2018, 0, 0, 1, 3, NULL, NULL),
(134, 134, 'FORM3', 2018, 0, 0, 1, 3, NULL, NULL),
(135, 135, 'FORM3', 2018, 0, 0, 1, 3, NULL, NULL),
(136, 136, 'FORM3', 2018, 0, 0, 1, 3, NULL, NULL),
(139, 139, 'FORM4', 2018, 0, 0, 1, 3, NULL, NULL),
(140, 140, 'FORM4', 2018, 0, 0, 1, 3, NULL, NULL),
(141, 141, 'FORM4', 2018, 0, 0, 1, 3, NULL, NULL),
(142, 142, 'FORM4', 2018, 0, 0, 1, 3, NULL, NULL),
(143, 143, 'FORM4', 2018, 0, 0, 1, 3, NULL, NULL),
(144, 144, 'FORM3', 2018, 0, 0, 1, 3, NULL, NULL),
(145, 145, 'FORM3', 2018, 0, 0, 1, 3, NULL, NULL),
(146, 146, 'FORM3', 2018, 0, 0, 1, 3, NULL, NULL),
(147, 147, 'FORM3', 2018, 0, 0, 1, 3, NULL, NULL),
(148, 148, 'FORM3', 2018, 0, 0, 1, 3, NULL, NULL),
(149, 149, 'FORM3', 2018, 0, 0, 1, 3, NULL, NULL),
(150, 150, 'FORM3', 2018, 0, 0, 1, 3, NULL, NULL),
(151, 151, 'FORM2', 2018, 0, 0, 1, 3, NULL, NULL),
(152, 152, 'FORM3', 2018, 0, 0, 1, 3, NULL, NULL),
(153, 153, 'FORM4', 2018, 0, 0, 1, 3, NULL, NULL),
(155, 155, 'FORM2', 2018, 0, 0, 1, 3, NULL, NULL),
(156, 156, 'FORM3', 2018, 0, 0, 1, 3, NULL, NULL),
(157, 157, 'FORM4', 2018, 0, 0, 1, 3, NULL, NULL),
(158, 158, 'FORM3', 2018, 0, 0, 1, 3, NULL, NULL),
(159, 159, 'FORM3', 2018, 0, 0, 1, 3, NULL, NULL),
(160, 160, 'FORM4', 2018, 0, 0, 1, 3, NULL, NULL),
(162, 162, 'FORM3', 2018, 0, 0, 1, 3, NULL, NULL),
(164, 164, 'FORM3', 2018, 0, 0, 1, 3, NULL, NULL),
(165, 165, 'FORM4', 2018, 0, 0, 1, 3, NULL, NULL),
(166, 166, 'FORM4', 2018, 0, 0, 1, 3, NULL, NULL);

-- --------------------------------------------------------

--
-- Table structure for table `courses`
--

CREATE TABLE `courses` (
  `courseAutoId` int(5) NOT NULL,
  `courseName` varchar(100) NOT NULL,
  `courseCode` varchar(20) NOT NULL,
  `courseInstitutionId` int(5) NOT NULL,
  `creating_user_group_id` int(5) NOT NULL,
  `creating_user_id` int(10) NOT NULL,
  `last_update_user_id` int(10) DEFAULT NULL,
  `last_update_user_group_id` int(10) DEFAULT NULL
) ENGINE=InnoDB DEFAULT CHARSET=latin1;

--
-- Dumping data for table `courses`
--

INSERT INTO `courses` (`courseAutoId`, `courseName`, `courseCode`, `courseInstitutionId`, `creating_user_group_id`, `creating_user_id`, `last_update_user_id`, `last_update_user_group_id`) VALUES
(1, 'Bachelor of Business Information Technology', 'BBIT', 1, 1, 1, NULL, NULL),
(2, 'Bachelor of Commerce', 'BCOM', 1, 1, 3, NULL, NULL),
(3, 'Bachelor of Arts in Communication', 'BAC', 1, 1, 3, NULL, NULL),
(4, 'Bachelor of Arts in International Studies', 'BIS', 1, 1, 3, NULL, NULL),
(5, 'Certified Public Accountant', 'CPA', 1, 1, 3, NULL, NULL),
(6, 'Procurement', 'Procurement', 2, 1, 3, NULL, NULL),
(7, 'Diploma in Business and Information Technology', 'DBIT', 1, 1, 3, NULL, NULL),
(8, 'Bachelor of Hospitality Management', 'BHM', 1, 1, 3, NULL, NULL),
(9, 'Finance', 'Finance', 1, 1, 3, NULL, NULL),
(10, 'Electrical engineering', 'Electrical engineeri', 3, 1, 3, NULL, NULL),
(11, 'Acturial Science', 'Acturial science', 4, 1, 3, NULL, NULL),
(12, 'Catering', 'Catering', 5, 1, 3, NULL, NULL);

-- --------------------------------------------------------

--
-- Table structure for table `forms`
--

CREATE TABLE `forms` (
  `formCode` varchar(10) NOT NULL,
  `formName` varchar(10) NOT NULL
) ENGINE=InnoDB DEFAULT CHARSET=latin1;

--
-- Dumping data for table `forms`
--

INSERT INTO `forms` (`formCode`, `formName`) VALUES
('FORM2', 'FORM 2'),
('FORM3', 'FORM 3'),
('FORM4', 'FORM 4');

-- --------------------------------------------------------

--
-- Table structure for table `generalexams`
--

CREATE TABLE `generalexams` (
  `examAutoId` int(10) NOT NULL,
  `examName` varchar(100) NOT NULL,
  `examTermCode` varchar(10) NOT NULL,
  `examFormCode` varchar(5) NOT NULL,
  `examLock` tinyint(1) NOT NULL DEFAULT '0',
  `examDateCreated` date NOT NULL,
  `creating_user_group_id` int(5) NOT NULL,
  `creating_user_id` int(10) NOT NULL,
  `last_update_user_id` int(10) DEFAULT NULL,
  `last_update_user_group_id` int(10) DEFAULT NULL
) ENGINE=InnoDB DEFAULT CHARSET=latin1 ROW_FORMAT=COMPACT;

--
-- Dumping data for table `generalexams`
--

INSERT INTO `generalexams` (`examAutoId`, `examName`, `examTermCode`, `examFormCode`, `examLock`, `examDateCreated`, `creating_user_group_id`, `creating_user_id`, `last_update_user_id`, `last_update_user_group_id`) VALUES
(1, 'END OF TERM 1 2018', 'TERM1', 'FORM2', 0, '2018-05-08', 1, 3, NULL, NULL),
(2, 'END OF TERM 1 2018', 'TERM1', 'FORM3', 0, '2018-05-08', 1, 3, NULL, NULL),
(3, 'END OF TERM 1 2018', 'TERM1', 'FORM4', 0, '2018-05-08', 1, 3, NULL, NULL),
(4, 'END OF TERM 2017', 'TERM1', 'FORM3', 0, '2018-05-08', 1, 3, NULL, NULL);

-- --------------------------------------------------------

--
-- Table structure for table `generalsubjects`
--

CREATE TABLE `generalsubjects` (
  `subjectAutoId` int(10) NOT NULL,
  `subjectName` varchar(30) NOT NULL,
  `subjectCode` varchar(10) NOT NULL,
  `subjectCompulsory` tinyint(1) NOT NULL DEFAULT '0',
  `subjectLocked` tinyint(1) NOT NULL DEFAULT '0'
) ENGINE=InnoDB DEFAULT CHARSET=latin1 ROW_FORMAT=COMPACT;

--
-- Dumping data for table `generalsubjects`
--

INSERT INTO `generalsubjects` (`subjectAutoId`, `subjectName`, `subjectCode`, `subjectCompulsory`, `subjectLocked`) VALUES
(1, 'English', 'ENG', 1, 0),
(2, 'Kiswahili', 'KISW', 1, 0),
(3, 'Mathematics', 'MATH', 1, 0),
(4, 'Biology', 'BIO', 0, 0),
(5, 'Chemistry', 'CHEM', 0, 0),
(6, 'Physics', 'PHY', 0, 0),
(7, 'Geography', 'GEOG', 0, 0),
(8, 'History and Government', 'HIST', 0, 0),
(9, 'Christian Religious Education', 'CRE', 0, 0),
(10, 'Islamic Religious Education', 'IRE', 0, 1),
(11, 'Home Science', 'HSC', 0, 1),
(12, 'Art and Design', 'ART', 0, 1),
(13, 'Agriculture', 'AGRIC', 0, 0),
(14, 'Computer Studies', 'COMP', 0, 0),
(15, 'French', 'FRE', 0, 1),
(16, 'German', 'GER', 0, 1),
(17, 'Arabic', 'ARAB', 0, 1),
(18, 'Music', 'MUSIC', 0, 1),
(19, 'Business Studies', 'BST', 0, 0);

-- --------------------------------------------------------

--
-- Table structure for table `general_exams_performance`
--

CREATE TABLE `general_exams_performance` (
  `perfAutoId` int(10) NOT NULL,
  `perfMenteeId` int(10) NOT NULL,
  `perfExamId` int(10) NOT NULL,
  `perfSubjectId` int(10) NOT NULL,
  `perfScore` double(5,2) NOT NULL,
  `creating_user_group_id` int(5) NOT NULL,
  `creating_user_id` int(10) NOT NULL,
  `last_update_user_id` int(10) DEFAULT NULL,
  `last_update_user_group_id` int(10) DEFAULT NULL
) ENGINE=InnoDB DEFAULT CHARSET=latin1;

--
-- Dumping data for table `general_exams_performance`
--

INSERT INTO `general_exams_performance` (`perfAutoId`, `perfMenteeId`, `perfExamId`, `perfSubjectId`, `perfScore`, `creating_user_group_id`, `creating_user_id`, `last_update_user_id`, `last_update_user_group_id`) VALUES
(1, 27, 3, 1, 27.00, 1, 3, NULL, NULL),
(2, 27, 3, 2, 38.00, 1, 3, NULL, NULL),
(3, 27, 3, 3, 56.00, 1, 3, NULL, NULL),
(4, 27, 3, 4, 41.00, 1, 3, NULL, NULL),
(5, 27, 3, 5, 37.00, 1, 3, NULL, NULL),
(6, 27, 3, 6, 43.00, 1, 3, NULL, NULL),
(7, 27, 3, 9, 40.00, 1, 3, NULL, NULL),
(8, 27, 3, 19, 38.00, 1, 3, NULL, NULL),
(9, 110, 3, 1, 59.00, 1, 3, NULL, NULL),
(10, 110, 3, 2, 59.00, 1, 3, NULL, NULL),
(11, 110, 3, 3, 23.00, 1, 3, NULL, NULL),
(12, 110, 3, 4, 48.00, 1, 3, NULL, NULL),
(13, 110, 3, 5, 50.00, 1, 3, NULL, NULL),
(14, 110, 3, 8, 78.00, 1, 3, NULL, NULL),
(15, 110, 3, 9, 65.00, 1, 3, NULL, NULL),
(16, 143, 3, 1, 45.00, 1, 3, NULL, NULL),
(17, 143, 3, 2, 49.00, 1, 3, NULL, NULL),
(18, 143, 3, 3, 52.00, 1, 3, NULL, NULL),
(19, 143, 3, 4, 31.00, 1, 3, NULL, NULL),
(20, 143, 3, 5, 34.00, 1, 3, NULL, NULL),
(21, 143, 3, 8, 61.00, 1, 3, NULL, NULL),
(22, 143, 3, 9, 47.00, 1, 3, NULL, NULL),
(23, 143, 3, 19, 42.00, 1, 3, NULL, NULL),
(24, 142, 3, 1, 74.00, 1, 3, NULL, NULL),
(25, 142, 3, 2, 58.00, 1, 3, NULL, NULL),
(26, 142, 3, 3, 39.00, 1, 3, NULL, NULL),
(27, 142, 3, 4, 72.00, 1, 3, NULL, NULL),
(28, 142, 3, 5, 55.00, 1, 3, NULL, NULL),
(29, 142, 3, 8, 75.00, 1, 3, NULL, NULL),
(30, 142, 3, 9, 76.00, 1, 3, NULL, NULL),
(31, 142, 3, 13, 74.00, 1, 3, NULL, NULL),
(32, 139, 3, 1, 68.00, 1, 3, NULL, NULL),
(33, 139, 3, 2, 62.00, 1, 3, NULL, NULL),
(34, 139, 3, 3, 57.00, 1, 3, NULL, NULL),
(35, 139, 3, 4, 34.00, 1, 3, NULL, NULL),
(36, 139, 3, 5, 37.00, 1, 3, NULL, NULL),
(37, 139, 3, 8, 66.00, 1, 3, NULL, NULL),
(38, 139, 3, 9, 73.00, 1, 3, NULL, NULL),
(39, 139, 3, 19, 69.00, 1, 3, NULL, NULL),
(40, 103, 3, 1, 72.00, 1, 3, NULL, NULL),
(41, 103, 3, 2, 48.00, 1, 3, NULL, NULL),
(42, 103, 3, 3, 69.00, 1, 3, NULL, NULL),
(43, 103, 3, 4, 52.00, 1, 3, NULL, NULL),
(44, 103, 3, 5, 35.00, 1, 3, NULL, NULL),
(45, 103, 3, 6, 67.00, 1, 3, NULL, NULL),
(46, 103, 3, 9, 60.00, 1, 3, NULL, NULL),
(47, 103, 3, 19, 54.00, 1, 3, NULL, NULL),
(48, 24, 3, 1, 60.00, 1, 3, NULL, NULL),
(49, 24, 3, 2, 61.00, 1, 3, NULL, NULL),
(50, 24, 3, 3, 36.00, 1, 3, NULL, NULL),
(51, 24, 3, 4, 43.00, 1, 3, NULL, NULL),
(52, 24, 3, 5, 37.00, 1, 3, NULL, NULL),
(53, 24, 3, 7, 50.00, 1, 3, NULL, NULL),
(54, 24, 3, 9, 64.00, 1, 3, NULL, NULL),
(55, 24, 3, 19, 48.00, 1, 3, NULL, NULL),
(56, 109, 3, 1, 70.00, 1, 3, NULL, NULL),
(57, 109, 3, 2, 62.00, 1, 3, NULL, NULL),
(58, 109, 3, 3, 75.00, 1, 3, NULL, NULL),
(59, 109, 3, 4, 61.00, 1, 3, NULL, NULL),
(60, 109, 3, 5, 68.00, 1, 3, NULL, NULL),
(61, 109, 3, 8, 65.00, 1, 3, NULL, NULL),
(62, 109, 3, 9, 61.00, 1, 3, NULL, NULL),
(63, 109, 3, 19, 60.00, 1, 3, NULL, NULL),
(64, 102, 3, 1, 46.00, 1, 3, NULL, NULL),
(65, 102, 3, 2, 41.00, 1, 3, NULL, NULL),
(66, 102, 3, 3, 42.00, 1, 3, NULL, NULL),
(67, 102, 3, 4, 63.00, 1, 3, NULL, NULL),
(68, 102, 3, 5, 46.00, 1, 3, NULL, NULL),
(69, 102, 3, 8, 77.00, 1, 3, NULL, NULL),
(70, 102, 3, 9, 51.00, 1, 3, NULL, NULL),
(71, 102, 3, 13, 64.00, 1, 3, NULL, NULL),
(72, 94, 3, 1, 48.00, 1, 3, NULL, NULL),
(73, 94, 3, 2, 38.00, 1, 3, NULL, NULL),
(74, 94, 3, 3, 44.00, 1, 3, NULL, NULL),
(75, 94, 3, 4, 33.00, 1, 3, NULL, NULL),
(76, 94, 3, 5, 26.00, 1, 3, NULL, NULL),
(77, 94, 3, 9, 37.00, 1, 3, NULL, NULL),
(78, 94, 3, 13, 63.00, 1, 3, NULL, NULL),
(79, 94, 3, 8, 51.00, 1, 3, NULL, NULL),
(80, 157, 3, 1, 51.00, 1, 3, NULL, NULL),
(81, 157, 3, 2, 49.00, 1, 3, NULL, NULL),
(82, 157, 3, 3, 57.00, 1, 3, NULL, NULL),
(83, 157, 3, 5, 41.00, 1, 3, NULL, NULL),
(84, 157, 3, 6, 67.00, 1, 3, NULL, NULL),
(85, 157, 3, 7, 70.00, 1, 3, NULL, NULL),
(86, 157, 3, 8, 72.00, 1, 3, NULL, NULL),
(87, 157, 3, 19, 64.00, 1, 3, NULL, NULL),
(88, 68, 1, 1, 42.00, 1, 3, NULL, NULL),
(89, 68, 1, 2, 73.00, 1, 3, NULL, NULL),
(90, 68, 1, 3, 31.00, 1, 3, NULL, NULL),
(91, 68, 1, 4, 58.00, 1, 3, NULL, NULL),
(92, 68, 1, 5, 56.00, 1, 3, NULL, NULL),
(93, 68, 1, 6, 37.00, 1, 3, NULL, NULL),
(94, 68, 1, 7, 21.00, 1, 3, NULL, NULL),
(95, 68, 1, 8, 61.00, 1, 3, NULL, NULL),
(96, 68, 1, 9, 67.00, 1, 3, NULL, NULL),
(97, 68, 1, 19, 56.00, 1, 3, NULL, NULL),
(98, 114, 1, 1, 60.00, 1, 3, NULL, NULL),
(99, 114, 1, 2, 96.00, 1, 3, NULL, NULL),
(100, 114, 1, 3, 49.00, 1, 3, NULL, NULL),
(101, 114, 1, 4, 81.00, 1, 3, NULL, NULL),
(102, 114, 1, 5, 81.00, 1, 3, NULL, NULL),
(103, 114, 1, 6, 77.00, 1, 3, NULL, NULL),
(104, 114, 1, 7, 82.00, 1, 3, NULL, NULL),
(105, 114, 1, 8, 98.00, 1, 3, NULL, NULL),
(106, 114, 1, 9, 79.00, 1, 3, NULL, NULL),
(107, 114, 1, 13, 93.00, 1, 3, NULL, NULL),
(108, 114, 1, 19, 65.00, 1, 3, NULL, NULL),
(109, 66, 1, 1, 62.00, 1, 3, NULL, NULL),
(110, 66, 1, 2, 85.00, 1, 3, NULL, NULL),
(111, 66, 1, 3, 37.00, 1, 3, NULL, NULL),
(112, 66, 1, 4, 72.00, 1, 3, NULL, NULL),
(113, 66, 1, 5, 70.00, 1, 3, NULL, NULL),
(114, 66, 1, 6, 54.00, 1, 3, NULL, NULL),
(115, 66, 1, 7, 41.00, 1, 3, NULL, NULL),
(116, 66, 1, 8, 90.00, 1, 3, NULL, NULL),
(117, 66, 1, 9, 77.00, 1, 3, NULL, NULL),
(118, 66, 1, 19, 63.00, 1, 3, NULL, NULL),
(119, 65, 1, 1, 56.00, 1, 3, NULL, NULL),
(120, 65, 1, 2, 71.00, 1, 3, NULL, NULL),
(121, 65, 1, 3, 23.00, 1, 3, NULL, NULL),
(122, 65, 1, 4, 33.00, 1, 3, NULL, NULL),
(123, 65, 1, 5, 47.00, 1, 3, NULL, NULL),
(124, 65, 1, 6, 43.00, 1, 3, NULL, NULL),
(125, 65, 1, 7, 25.00, 1, 3, NULL, NULL),
(126, 65, 1, 8, 52.00, 1, 3, NULL, NULL),
(127, 65, 1, 9, 71.00, 1, 3, NULL, NULL),
(128, 65, 1, 19, 36.00, 1, 3, NULL, NULL),
(129, 71, 1, 1, 70.00, 1, 3, NULL, NULL),
(130, 71, 1, 2, 63.00, 1, 3, NULL, NULL),
(131, 71, 1, 3, 68.00, 1, 3, NULL, NULL),
(132, 71, 1, 4, 51.00, 1, 3, NULL, NULL),
(133, 71, 1, 5, 45.00, 1, 3, NULL, NULL),
(134, 71, 1, 6, 63.00, 1, 3, NULL, NULL),
(135, 71, 1, 7, 63.00, 1, 3, NULL, NULL),
(136, 71, 1, 8, 68.00, 1, 3, NULL, NULL),
(137, 71, 1, 9, 66.00, 1, 3, NULL, NULL),
(138, 71, 1, 13, 73.00, 1, 3, NULL, NULL),
(139, 71, 1, 19, 89.00, 1, 3, NULL, NULL),
(140, 112, 1, 1, 43.00, 1, 3, NULL, NULL),
(141, 112, 1, 2, 35.00, 1, 3, NULL, NULL),
(142, 112, 1, 3, 28.00, 1, 3, NULL, NULL),
(143, 112, 1, 4, 24.00, 1, 3, NULL, NULL),
(144, 112, 1, 5, 20.00, 1, 3, NULL, NULL),
(145, 112, 1, 6, 42.00, 1, 3, NULL, NULL),
(146, 112, 1, 7, 39.00, 1, 3, NULL, NULL),
(147, 112, 1, 8, 51.00, 1, 3, NULL, NULL),
(148, 112, 1, 9, 21.00, 1, 3, NULL, NULL),
(149, 112, 1, 13, 48.00, 1, 3, NULL, NULL),
(150, 112, 1, 19, 47.00, 1, 3, NULL, NULL),
(151, 117, 1, 1, 67.00, 1, 3, NULL, NULL),
(152, 117, 1, 2, 79.00, 1, 3, NULL, NULL),
(153, 117, 1, 3, 45.00, 1, 3, NULL, NULL),
(154, 117, 1, 4, 82.00, 1, 3, NULL, NULL),
(155, 117, 1, 5, 66.00, 1, 3, NULL, NULL),
(156, 117, 1, 6, 64.00, 1, 3, NULL, NULL),
(157, 117, 1, 7, 46.00, 1, 3, NULL, NULL),
(158, 117, 1, 8, 67.00, 1, 3, NULL, NULL),
(159, 117, 1, 9, 84.00, 1, 3, NULL, NULL),
(160, 117, 1, 13, 73.00, 1, 3, NULL, NULL),
(161, 117, 1, 19, 67.00, 1, 3, NULL, NULL),
(162, 116, 1, 1, 61.00, 1, 3, NULL, NULL),
(163, 116, 1, 2, 66.00, 1, 3, NULL, NULL),
(164, 116, 1, 3, 51.00, 1, 3, NULL, NULL),
(165, 116, 1, 4, 69.00, 1, 3, NULL, NULL),
(166, 116, 1, 5, 66.00, 1, 3, NULL, NULL),
(167, 116, 1, 6, 70.00, 1, 3, NULL, NULL),
(168, 116, 1, 7, 59.00, 1, 3, NULL, NULL),
(169, 116, 1, 8, 82.00, 1, 3, NULL, NULL),
(170, 116, 1, 9, 60.00, 1, 3, NULL, NULL),
(171, 116, 1, 13, 76.00, 1, 3, NULL, NULL),
(172, 116, 1, 19, 77.00, 1, 3, NULL, NULL),
(173, 67, 1, 1, 62.00, 1, 3, NULL, NULL),
(174, 67, 1, 2, 59.00, 1, 3, NULL, NULL),
(175, 67, 1, 3, 28.00, 1, 3, NULL, NULL),
(176, 67, 1, 4, 30.00, 1, 3, NULL, NULL),
(177, 67, 1, 5, 41.00, 1, 3, NULL, NULL),
(178, 67, 1, 6, 23.00, 1, 3, NULL, NULL),
(179, 67, 1, 7, 35.00, 1, 3, NULL, NULL),
(180, 67, 1, 8, 65.00, 1, 3, NULL, NULL),
(181, 67, 1, 9, 70.00, 1, 3, NULL, NULL),
(182, 67, 1, 19, 44.00, 1, 3, NULL, NULL),
(183, 17, 2, 1, 38.00, 1, 3, NULL, NULL),
(184, 17, 2, 2, 63.00, 1, 3, NULL, NULL),
(185, 17, 2, 3, 29.00, 1, 3, NULL, NULL),
(186, 17, 2, 4, 53.00, 1, 3, NULL, NULL),
(187, 17, 2, 5, 48.00, 1, 3, NULL, NULL),
(188, 17, 2, 8, 55.00, 1, 3, NULL, NULL),
(189, 17, 2, 9, 57.00, 1, 3, NULL, NULL),
(190, 17, 2, 19, 54.00, 1, 3, NULL, NULL),
(191, 147, 2, 1, 77.00, 1, 3, NULL, NULL),
(192, 147, 2, 2, 80.00, 1, 3, NULL, NULL),
(193, 147, 2, 3, 72.00, 1, 3, NULL, NULL),
(194, 147, 2, 4, 73.00, 1, 3, NULL, NULL),
(195, 147, 2, 5, 80.00, 1, 3, NULL, NULL),
(196, 147, 2, 7, 64.00, 1, 3, NULL, NULL),
(197, 147, 2, 9, 63.00, 1, 3, NULL, NULL),
(198, 147, 2, 19, 86.00, 1, 3, NULL, NULL),
(199, 145, 2, 1, 60.00, 1, 3, NULL, NULL),
(200, 145, 2, 2, 62.00, 1, 3, NULL, NULL),
(201, 145, 2, 3, 34.00, 1, 3, NULL, NULL),
(202, 145, 2, 4, 68.00, 1, 3, NULL, NULL),
(203, 145, 2, 5, 60.00, 1, 3, NULL, NULL),
(204, 145, 2, 8, 89.00, 1, 3, NULL, NULL),
(205, 145, 2, 9, 50.00, 1, 3, NULL, NULL),
(206, 145, 2, 19, 69.00, 1, 3, NULL, NULL),
(207, 40, 2, 1, 36.00, 1, 3, NULL, NULL),
(208, 40, 2, 2, 39.00, 1, 3, NULL, NULL),
(209, 40, 2, 3, 13.00, 1, 3, NULL, NULL),
(210, 40, 2, 5, 39.00, 1, 3, NULL, NULL),
(211, 40, 2, 6, 45.00, 1, 3, NULL, NULL),
(212, 40, 2, 8, 82.00, 1, 3, NULL, NULL),
(213, 40, 2, 9, 90.00, 1, 3, NULL, NULL),
(214, 40, 2, 19, 45.00, 1, 3, NULL, NULL),
(215, 34, 2, 1, 39.00, 1, 3, NULL, NULL),
(216, 34, 2, 2, 41.00, 1, 3, NULL, NULL),
(217, 34, 2, 3, 25.00, 1, 3, NULL, NULL),
(218, 34, 2, 4, 66.00, 1, 3, NULL, NULL),
(219, 34, 2, 5, 36.00, 1, 3, NULL, NULL),
(220, 34, 2, 8, 80.00, 1, 3, NULL, NULL),
(221, 34, 2, 9, 82.00, 1, 3, NULL, NULL),
(222, 34, 2, 19, 54.00, 1, 3, NULL, NULL),
(223, 158, 2, 1, 45.00, 1, 3, NULL, NULL),
(224, 158, 2, 2, 58.00, 1, 3, NULL, NULL),
(225, 158, 2, 3, 41.00, 1, 3, NULL, NULL),
(226, 158, 2, 5, 57.00, 1, 3, NULL, NULL),
(227, 158, 2, 6, 56.00, 1, 3, NULL, NULL),
(228, 158, 2, 8, 77.00, 1, 3, NULL, NULL),
(229, 158, 2, 9, 87.00, 1, 3, NULL, NULL),
(230, 158, 2, 19, 71.00, 1, 3, NULL, NULL),
(231, 129, 2, 1, 48.00, 1, 3, NULL, NULL),
(232, 129, 2, 2, 56.00, 1, 3, NULL, NULL),
(233, 129, 2, 3, 59.00, 1, 3, NULL, NULL),
(234, 129, 2, 4, 35.00, 1, 3, NULL, NULL),
(235, 129, 2, 5, 59.00, 1, 3, NULL, NULL),
(236, 129, 2, 8, 64.00, 1, 3, NULL, NULL),
(237, 129, 2, 9, 69.00, 1, 3, NULL, NULL),
(238, 129, 2, 19, 43.00, 1, 3, NULL, NULL),
(239, 160, 3, 1, 55.00, 1, 3, NULL, NULL),
(240, 160, 3, 2, 60.00, 1, 3, NULL, NULL),
(241, 160, 3, 3, 52.00, 1, 3, NULL, NULL),
(242, 160, 3, 5, 54.00, 1, 3, NULL, NULL),
(243, 160, 3, 6, 50.00, 1, 3, NULL, NULL),
(244, 160, 3, 8, 54.00, 1, 3, NULL, NULL),
(245, 160, 3, 9, 43.00, 1, 3, NULL, NULL),
(246, 160, 3, 19, 66.00, 1, 3, NULL, NULL),
(247, 44, 3, 1, 49.00, 1, 3, NULL, NULL),
(248, 44, 3, 2, 36.00, 1, 3, NULL, NULL),
(249, 44, 3, 3, 53.00, 1, 3, NULL, NULL),
(250, 44, 3, 5, 52.00, 1, 3, NULL, NULL),
(251, 44, 3, 6, 55.00, 1, 3, NULL, NULL),
(252, 44, 3, 7, 61.00, 1, 3, NULL, NULL),
(253, 44, 3, 9, 81.00, 1, 3, NULL, NULL),
(254, 44, 3, 19, 61.00, 1, 3, NULL, NULL),
(255, 84, 3, 1, 45.00, 1, 3, NULL, NULL),
(256, 84, 3, 2, 36.00, 1, 3, NULL, NULL),
(257, 84, 3, 3, 53.00, 1, 3, NULL, NULL),
(258, 84, 3, 5, 32.00, 1, 3, NULL, NULL),
(259, 84, 3, 6, 30.00, 1, 3, NULL, NULL),
(260, 84, 3, 8, 69.00, 1, 3, NULL, NULL),
(261, 84, 3, 9, 71.00, 1, 3, NULL, NULL),
(262, 84, 3, 19, 39.00, 1, 3, NULL, NULL),
(263, 85, 3, 1, 54.00, 1, 3, NULL, NULL),
(264, 85, 3, 2, 38.00, 1, 3, NULL, NULL),
(265, 85, 3, 3, 41.00, 1, 3, NULL, NULL),
(266, 85, 3, 5, 33.00, 1, 3, NULL, NULL),
(267, 85, 3, 6, 38.00, 1, 3, NULL, NULL),
(268, 85, 3, 7, 57.00, 1, 3, NULL, NULL),
(269, 85, 3, 9, 66.00, 1, 3, NULL, NULL),
(270, 85, 3, 19, 27.00, 1, 3, NULL, NULL),
(279, 42, 3, 1, 34.00, 1, 3, NULL, NULL),
(280, 42, 3, 2, 32.00, 1, 3, NULL, NULL),
(281, 42, 3, 3, 10.00, 1, 3, NULL, NULL),
(282, 42, 3, 4, 14.00, 1, 3, NULL, NULL),
(283, 42, 3, 5, 21.00, 1, 3, NULL, NULL),
(284, 42, 3, 8, 45.00, 1, 3, NULL, NULL),
(285, 42, 3, 9, 50.00, 1, 3, NULL, NULL),
(286, 42, 3, 19, 13.00, 1, 3, NULL, NULL),
(287, 162, 2, 1, 38.00, 1, 3, NULL, NULL),
(288, 162, 2, 2, 59.00, 1, 3, NULL, NULL),
(289, 162, 2, 3, 73.00, 1, 3, NULL, NULL),
(290, 162, 2, 5, 70.00, 1, 3, NULL, NULL),
(291, 162, 2, 6, 63.00, 1, 3, NULL, NULL),
(292, 162, 2, 7, 66.00, 1, 3, NULL, NULL),
(293, 162, 2, 19, 79.00, 1, 3, NULL, NULL),
(294, 7, 3, 1, 37.00, 1, 3, NULL, NULL),
(295, 7, 3, 2, 55.00, 1, 3, NULL, NULL),
(296, 7, 3, 3, 62.00, 1, 3, NULL, NULL),
(297, 7, 3, 4, 44.00, 1, 3, NULL, NULL),
(298, 7, 3, 5, 48.00, 1, 3, NULL, NULL),
(299, 7, 3, 8, 73.00, 1, 3, NULL, NULL),
(300, 7, 3, 9, 72.00, 1, 3, NULL, NULL),
(301, 7, 3, 19, 58.00, 1, 3, NULL, NULL),
(302, 25, 2, 1, 36.00, 1, 3, NULL, NULL),
(303, 25, 2, 2, 50.00, 1, 3, NULL, NULL),
(304, 25, 2, 3, 13.00, 1, 3, NULL, NULL),
(305, 25, 2, 4, 41.00, 1, 3, NULL, NULL),
(306, 25, 2, 5, 34.00, 1, 3, NULL, NULL),
(307, 25, 2, 8, 59.00, 1, 3, NULL, NULL),
(308, 25, 2, 9, 71.00, 1, 3, NULL, NULL),
(309, 12, 2, 1, 45.00, 1, 3, NULL, NULL),
(310, 12, 2, 2, 62.00, 1, 3, NULL, NULL),
(311, 12, 2, 3, 19.00, 1, 3, NULL, NULL),
(312, 12, 2, 4, 70.00, 1, 3, NULL, NULL),
(313, 12, 2, 5, 58.00, 1, 3, NULL, NULL),
(314, 12, 2, 8, 75.00, 1, 3, NULL, NULL),
(315, 12, 2, 9, 75.00, 1, 3, NULL, NULL),
(316, 12, 2, 19, 69.00, 1, 3, NULL, NULL),
(317, 95, 1, 1, 46.00, 1, 3, NULL, NULL),
(318, 95, 1, 2, 55.00, 1, 3, NULL, NULL),
(319, 95, 1, 3, 61.00, 1, 3, NULL, NULL),
(320, 95, 1, 4, 45.00, 1, 3, NULL, NULL),
(321, 95, 1, 5, 28.00, 1, 3, NULL, NULL),
(322, 95, 1, 6, 42.00, 1, 3, NULL, NULL),
(323, 95, 1, 7, 36.00, 1, 3, NULL, NULL),
(324, 95, 1, 8, 48.00, 1, 3, NULL, NULL),
(325, 95, 1, 9, 60.00, 1, 3, NULL, NULL),
(326, 95, 1, 13, 81.00, 1, 3, NULL, NULL),
(327, 95, 1, 19, 46.00, 1, 3, NULL, NULL),
(328, 97, 1, 1, 54.00, 1, 3, NULL, NULL),
(329, 97, 1, 2, 38.00, 1, 3, NULL, NULL),
(330, 97, 1, 3, 29.00, 1, 3, NULL, NULL),
(331, 97, 1, 4, 30.00, 1, 3, NULL, NULL),
(332, 97, 1, 5, 35.00, 1, 3, NULL, NULL),
(333, 97, 1, 6, 64.00, 1, 3, NULL, NULL),
(334, 97, 1, 7, 20.00, 1, 3, NULL, NULL),
(335, 97, 1, 8, 40.00, 1, 3, NULL, NULL),
(336, 97, 1, 9, 60.00, 1, 3, NULL, NULL),
(337, 97, 1, 13, 39.00, 1, 3, NULL, NULL),
(338, 97, 1, 19, 72.00, 1, 3, NULL, NULL),
(339, 101, 3, 1, 56.00, 1, 3, NULL, NULL),
(340, 101, 3, 2, 51.00, 1, 3, NULL, NULL),
(341, 101, 3, 3, 65.00, 1, 3, NULL, NULL),
(342, 101, 3, 4, 42.00, 1, 3, NULL, NULL),
(343, 101, 3, 5, 48.00, 1, 3, NULL, NULL),
(344, 101, 3, 8, 54.00, 1, 3, NULL, NULL),
(345, 101, 3, 9, 47.00, 1, 3, NULL, NULL),
(346, 101, 3, 19, 51.00, 1, 3, NULL, NULL),
(347, 75, 1, 1, 47.00, 1, 3, NULL, NULL),
(348, 75, 1, 2, 72.00, 1, 3, NULL, NULL),
(349, 75, 1, 3, 24.00, 1, 3, NULL, NULL),
(350, 75, 1, 4, 78.00, 1, 3, NULL, NULL),
(351, 75, 1, 5, 69.00, 1, 3, NULL, NULL),
(352, 75, 1, 6, 53.00, 1, 3, NULL, NULL),
(353, 75, 1, 7, 31.00, 1, 3, NULL, NULL),
(354, 75, 1, 8, 83.00, 1, 3, NULL, NULL),
(355, 75, 1, 9, 68.00, 1, 3, NULL, NULL),
(356, 75, 1, 13, 55.00, 1, 3, NULL, NULL),
(357, 75, 1, 19, 64.00, 1, 3, NULL, NULL),
(358, 64, 1, 1, 73.00, 1, 3, NULL, NULL),
(359, 64, 1, 2, 80.00, 1, 3, NULL, NULL),
(360, 64, 1, 3, 70.00, 1, 3, NULL, NULL),
(361, 64, 1, 4, 51.00, 1, 3, NULL, NULL),
(362, 64, 1, 5, 56.00, 1, 3, NULL, NULL),
(363, 64, 1, 6, 36.00, 1, 3, NULL, NULL),
(364, 64, 1, 7, 50.00, 1, 3, NULL, NULL),
(365, 64, 1, 8, 89.00, 1, 3, NULL, NULL),
(366, 64, 1, 9, 87.00, 1, 3, NULL, NULL),
(367, 64, 1, 13, 78.00, 1, 3, NULL, NULL),
(368, 64, 1, 19, 90.00, 1, 3, NULL, NULL),
(369, 111, 1, 1, 64.00, 1, 3, NULL, NULL),
(370, 111, 1, 2, 49.00, 1, 3, NULL, NULL),
(371, 111, 1, 3, 52.00, 1, 3, NULL, NULL),
(372, 111, 1, 4, 55.00, 1, 3, NULL, NULL),
(373, 111, 1, 5, 60.00, 1, 3, NULL, NULL),
(374, 111, 1, 6, 77.00, 1, 3, NULL, NULL),
(375, 111, 1, 7, 74.00, 1, 3, NULL, NULL),
(376, 111, 1, 8, 56.00, 1, 3, NULL, NULL),
(377, 111, 1, 9, 50.00, 1, 3, NULL, NULL),
(378, 111, 1, 13, 77.00, 1, 3, NULL, NULL),
(379, 111, 1, 19, 87.00, 1, 3, NULL, NULL),
(391, 72, 1, 1, 59.00, 1, 3, NULL, NULL),
(392, 72, 1, 2, 35.00, 1, 3, NULL, NULL),
(393, 72, 1, 3, 35.00, 1, 3, NULL, NULL),
(394, 72, 1, 4, 44.00, 1, 3, NULL, NULL),
(395, 72, 1, 5, 41.00, 1, 3, NULL, NULL),
(396, 72, 1, 6, 37.00, 1, 3, NULL, NULL),
(397, 72, 1, 7, 61.00, 1, 3, NULL, NULL),
(398, 72, 1, 8, 56.00, 1, 3, NULL, NULL),
(399, 72, 1, 9, 70.00, 1, 3, NULL, NULL),
(400, 72, 1, 13, 37.00, 1, 3, NULL, NULL),
(401, 72, 1, 19, 56.00, 1, 3, NULL, NULL),
(402, 106, 1, 1, 54.00, 1, 3, NULL, NULL),
(403, 106, 1, 2, 63.00, 1, 3, NULL, NULL),
(404, 106, 1, 3, 25.00, 1, 3, NULL, NULL),
(405, 106, 1, 4, 38.00, 1, 3, NULL, NULL),
(406, 106, 1, 5, 58.00, 1, 3, NULL, NULL),
(407, 106, 1, 6, 55.00, 1, 3, NULL, NULL),
(408, 106, 1, 7, 46.00, 1, 3, NULL, NULL),
(409, 106, 1, 8, 40.00, 1, 3, NULL, NULL),
(410, 106, 1, 9, 71.00, 1, 3, NULL, NULL),
(411, 106, 1, 19, 57.00, 1, 3, NULL, NULL),
(412, 106, 1, 13, 1.00, 1, 3, NULL, NULL),
(413, 19, 2, 1, 38.00, 1, 3, NULL, NULL),
(414, 19, 2, 2, 65.00, 1, 3, NULL, NULL),
(415, 19, 2, 3, 27.00, 1, 3, NULL, NULL),
(416, 19, 2, 5, 37.00, 1, 3, NULL, NULL),
(417, 19, 2, 6, 34.00, 1, 3, NULL, NULL),
(418, 19, 2, 8, 46.00, 1, 3, NULL, NULL),
(419, 19, 2, 9, 53.00, 1, 3, NULL, NULL),
(420, 19, 2, 19, 64.00, 1, 3, NULL, NULL),
(421, 14, 2, 1, 47.00, 1, 3, NULL, NULL),
(422, 14, 2, 2, 49.00, 1, 3, NULL, NULL),
(423, 14, 2, 3, 24.00, 1, 3, NULL, NULL),
(424, 14, 2, 5, 35.00, 1, 3, NULL, NULL),
(425, 14, 2, 6, 24.00, 1, 3, NULL, NULL),
(426, 14, 2, 7, 47.00, 1, 3, NULL, NULL),
(427, 14, 2, 9, 51.00, 1, 3, NULL, NULL),
(428, 14, 2, 19, 50.00, 1, 3, NULL, NULL),
(429, 18, 2, 1, 52.00, 1, 3, NULL, NULL),
(430, 18, 2, 2, 67.00, 1, 3, NULL, NULL),
(431, 18, 2, 3, 58.00, 1, 3, NULL, NULL),
(432, 18, 2, 4, 74.00, 1, 3, NULL, NULL),
(433, 18, 2, 5, 89.00, 1, 3, NULL, NULL),
(434, 18, 2, 7, 68.00, 1, 3, NULL, NULL),
(435, 18, 2, 9, 68.00, 1, 3, NULL, NULL),
(436, 18, 2, 19, 71.00, 1, 3, NULL, NULL),
(437, 15, 2, 1, 29.00, 1, 3, NULL, NULL),
(438, 15, 2, 2, 64.00, 1, 3, NULL, NULL),
(439, 15, 2, 3, 48.00, 1, 3, NULL, NULL),
(440, 15, 2, 5, 65.00, 1, 3, NULL, NULL),
(441, 15, 2, 6, 34.00, 1, 3, NULL, NULL),
(442, 15, 2, 7, 51.00, 1, 3, NULL, NULL),
(443, 15, 2, 13, 34.00, 1, 3, NULL, NULL),
(444, 13, 2, 1, 39.00, 1, 3, NULL, NULL),
(445, 13, 2, 2, 61.00, 1, 3, NULL, NULL),
(446, 13, 2, 3, 40.00, 1, 3, NULL, NULL),
(447, 13, 2, 5, 39.00, 1, 3, NULL, NULL),
(448, 13, 2, 6, 38.00, 1, 3, NULL, NULL),
(449, 13, 2, 7, 51.00, 1, 3, NULL, NULL),
(450, 13, 2, 9, 33.00, 1, 3, NULL, NULL),
(451, 13, 2, 19, 48.00, 1, 3, NULL, NULL),
(452, 121, 2, 1, 68.00, 1, 3, NULL, NULL),
(453, 121, 2, 2, 62.00, 1, 3, NULL, NULL),
(454, 121, 2, 3, 81.00, 1, 3, NULL, NULL),
(455, 121, 2, 5, 76.00, 1, 3, NULL, NULL),
(456, 121, 2, 6, 86.00, 1, 3, NULL, NULL),
(457, 121, 2, 7, 60.00, 1, 3, NULL, NULL),
(458, 121, 2, 9, 51.00, 1, 3, NULL, NULL),
(459, 121, 2, 19, 84.00, 1, 3, NULL, NULL),
(460, 73, 1, 1, 77.00, 1, 1, NULL, NULL),
(461, 96, 1, 1, 66.00, 1, 1, NULL, NULL),
(462, 73, 1, 2, 77.00, 1, 1, NULL, NULL);

-- --------------------------------------------------------

--
-- Table structure for table `guardians`
--

CREATE TABLE `guardians` (
  `guardianAutoId` int(10) NOT NULL,
  `guardianId` varchar(30) NOT NULL,
  `guardianFname` varchar(30) NOT NULL,
  `guardianLname` varchar(30) NOT NULL,
  `guardianOtherNames` varchar(50) DEFAULT NULL,
  `guardianPhone1` varchar(30) NOT NULL,
  `guardianPhone2` varchar(20) DEFAULT NULL,
  `guardianEmail` varchar(100) DEFAULT NULL,
  `guardianDoB` date DEFAULT NULL,
  `guardianGender` varchar(10) NOT NULL,
  `guardianProfession` varchar(100) DEFAULT NULL,
  `guardianProfilePhoto` varchar(150) DEFAULT NULL,
  `guardianDateAdded` datetime NOT NULL,
  `guardianDateUpdated` timestamp NOT NULL DEFAULT CURRENT_TIMESTAMP ON UPDATE CURRENT_TIMESTAMP,
  `guardianActiveStatus` tinyint(1) NOT NULL DEFAULT '1',
  `creating_user_group_id` int(5) NOT NULL,
  `creating_user_id` int(10) NOT NULL,
  `last_update_user_id` int(10) DEFAULT NULL,
  `last_update_user_group_id` int(10) DEFAULT NULL
) ENGINE=InnoDB DEFAULT CHARSET=latin1 ROW_FORMAT=COMPACT;

--
-- Dumping data for table `guardians`
--

INSERT INTO `guardians` (`guardianAutoId`, `guardianId`, `guardianFname`, `guardianLname`, `guardianOtherNames`, `guardianPhone1`, `guardianPhone2`, `guardianEmail`, `guardianDoB`, `guardianGender`, `guardianProfession`, `guardianProfilePhoto`, `guardianDateAdded`, `guardianDateUpdated`, `guardianActiveStatus`, `creating_user_group_id`, `creating_user_id`, `last_update_user_id`, `last_update_user_group_id`) VALUES
(1, '00000000', 'Charity ', 'Namayi', '', '0724725945', NULL, NULL, '0000-00-00', 'Female', 'Housewife', NULL, '2018-04-25 14:40:22', '2018-04-25 11:40:22', 1, 1, 3, NULL, NULL),
(2, '000000000', 'Fredrick', 'Nawali', '', '0719315334', NULL, NULL, '0000-00-00', 'Male', 'Librarian', NULL, '2018-04-25 14:41:39', '2018-04-25 11:43:42', 1, 1, 3, 3, 1),
(3, '00000000', 'Dominic ', 'Munyoki', '', '0705397096', NULL, NULL, '0000-00-00', 'Male', 'Juakali', NULL, '2018-04-25 14:42:57', '2018-04-25 11:44:52', 1, 1, 3, 3, 1),
(4, '00000000', 'Victor', 'Owegi', '', '0727588072', NULL, NULL, '0000-00-00', 'Male', 'Jua kali', NULL, '2018-04-25 14:46:15', '2018-04-25 11:46:15', 1, 1, 3, NULL, NULL),
(5, '000000000', 'Jemmimah', 'Mbalwe', 'Auma', '0746901362', NULL, NULL, '0000-00-00', 'Female', 'Cleaner', NULL, '2018-04-25 14:48:38', '2018-05-16 07:35:33', 1, 1, 3, 3, 1),
(6, '000000000', 'Caroline ', 'Akinyi', '', '0720226117', NULL, NULL, '0000-00-00', 'Female', 'Cook', NULL, '2018-04-25 14:50:37', '2018-04-25 11:50:37', 1, 1, 3, NULL, NULL),
(7, '13841164', 'Philis', 'Njeri', '', '0796572584', NULL, NULL, '0000-00-00', 'Female', 'Casual labourer', NULL, '2018-04-25 14:56:44', '2018-04-25 11:56:44', 1, 1, 3, NULL, NULL),
(8, '2025531', 'Betty', 'Okello', '', '0701245040', NULL, NULL, '0000-00-00', 'Female', 'Fruit vendor', NULL, '2018-04-25 14:58:04', '2018-04-25 11:58:04', 1, 1, 3, NULL, NULL),
(9, '20400497', 'Gladys', 'Ajiambo', '', '0714193238', NULL, NULL, '0000-00-00', 'Female', 'Hair dresser', NULL, '2018-04-25 15:02:00', '2018-04-25 12:02:00', 1, 1, 3, NULL, NULL),
(10, '25498443', 'Teresia', 'Wanjiku', '', '0712358390', NULL, NULL, '0000-00-00', 'Female', 'Casual labourer', NULL, '2018-04-25 15:04:05', '2018-05-15 07:34:42', 1, 1, 3, 3, 1),
(11, '11787646', 'Silas', 'Wangila', '', '0720119167', NULL, NULL, '0000-00-00', 'Male', 'Security guard', NULL, '2018-04-25 15:05:36', '2018-04-25 12:05:36', 1, 1, 3, NULL, NULL),
(12, '1170475', 'John', 'Asava', '', '0715204046', NULL, NULL, '0000-00-00', 'Male', 'Hawker', NULL, '2018-04-25 15:07:36', '2018-04-25 12:07:36', 1, 1, 3, NULL, NULL),
(13, '13794729', 'Ruth ', 'Mumbua', '', '0724358682', NULL, NULL, '0000-00-00', 'Female', 'Unemployed', NULL, '2018-04-25 15:10:00', '2018-04-25 12:10:00', 1, 1, 3, NULL, NULL),
(14, '4029362', 'Richard', 'Onyango', '', '0711748556', NULL, NULL, '0000-00-00', 'Male', 'Carpenter', NULL, '2018-04-25 15:11:45', '2018-04-25 12:11:45', 1, 1, 3, NULL, NULL),
(15, '21959548', 'Judith', 'Sagina', '', '0712778707', NULL, NULL, '0000-00-00', 'Female', 'Househelp', NULL, '2018-04-25 15:17:48', '2018-04-25 12:17:48', 1, 1, 3, NULL, NULL),
(16, '28851932', 'Faith', 'Likhangasi', '', '0729389679', NULL, NULL, '0000-00-00', 'Female', 'N/A', NULL, '2018-04-25 15:21:05', '2018-04-25 12:21:05', 1, 1, 3, NULL, NULL),
(17, '10071714', 'Simon', 'Mwando', '', '0724106723', NULL, NULL, '0000-00-00', 'Male', 'Juakali', NULL, '2018-04-25 15:26:58', '2018-04-25 12:26:58', 1, 1, 3, NULL, NULL),
(18, '14660166', 'Hudson', 'Mutasia', '', '0720281012', NULL, NULL, '0000-00-00', 'Male', 'Juakal artisan', NULL, '2018-04-25 15:34:00', '2018-04-25 12:34:00', 1, 1, 3, NULL, NULL),
(19, '1628156', 'David ', 'Moenga', '', '0711283797', NULL, NULL, '0000-00-00', 'Male', 'Security guard', NULL, '2018-04-25 15:37:05', '2018-04-25 12:37:05', 1, 1, 3, NULL, NULL),
(20, '10515166', 'Benard', 'Kiiti', '', '0742566382', NULL, NULL, '0000-00-00', 'Male', 'N/A', NULL, '2018-04-25 15:38:30', '2018-04-25 12:38:30', 1, 1, 3, NULL, NULL),
(21, '21441530', 'Linet', 'Magoma', '', '0717207696', NULL, NULL, '0000-00-00', 'Female', 'N/A', NULL, '2018-04-25 15:39:37', '2018-04-25 12:39:37', 1, 1, 3, NULL, NULL),
(22, '24378904', 'Stella', 'Gago', '', '0726635466', NULL, NULL, '0000-00-00', 'Female', 'Cleaner', NULL, '2018-04-25 15:47:42', '2018-04-25 12:47:42', 1, 1, 3, NULL, NULL),
(23, '11089544', 'Pamela', 'Luseka', '', '0714815443', NULL, NULL, '0000-00-00', 'Female', 'Teacher', NULL, '2018-04-25 15:48:45', '2018-05-15 10:45:07', 1, 1, 3, 3, 1),
(24, '21813098', 'Selina', 'Osiolo', '', '0702367733', NULL, NULL, '0000-00-00', 'Female', 'Cleaner', NULL, '2018-04-25 15:49:46', '2018-05-15 11:07:03', 1, 1, 3, 3, 1),
(25, '28432211', 'Michael', 'Ogutu', '', '0708851308', NULL, NULL, '0000-00-00', 'Male', 'Teacher', NULL, '2018-04-25 15:52:04', '2018-04-25 12:52:20', 1, 1, 3, 3, 1),
(26, '10435799', 'Nicholas', 'Omollo', '', '0718626770', NULL, NULL, '0000-00-00', 'Male', 'Student', NULL, '2018-04-25 15:54:05', '2018-04-25 13:08:04', 1, 1, 3, 3, 1),
(27, '3240072', 'Cecelia', 'Nadebu', '', '0780190772', NULL, NULL, '0000-00-00', 'Female', 'Teacher', NULL, '2018-04-25 15:55:55', '2018-04-25 12:55:55', 1, 1, 3, NULL, NULL),
(28, '11233681', 'Margaret', 'Awinja', '', '0726562494', NULL, NULL, '0000-00-00', 'Female', 'Casual labourer', NULL, '2018-04-25 15:57:26', '2018-04-25 12:57:26', 1, 1, 3, NULL, NULL),
(30, '12589317', 'Mainga', 'Kyathi', '', '0713909182', NULL, NULL, '0000-00-00', 'Male', 'Construction worker', NULL, '2018-04-25 16:00:32', '2018-04-25 13:00:32', 1, 1, 3, NULL, NULL),
(31, '35462678', 'Victor', 'Sambaya', '', '0707430315', NULL, NULL, '0000-00-00', 'Male', 'Self employed', NULL, '2018-04-25 16:03:40', '2018-04-25 13:03:40', 1, 1, 3, NULL, NULL),
(32, '30376154', 'Christine', 'Awino', '', '0710460471', NULL, NULL, '0000-00-00', 'Female', 'Student', NULL, '2018-04-25 16:04:46', '2018-04-25 13:04:46', 1, 1, 3, NULL, NULL),
(33, '28047691', 'Duncan', 'Opiyo', '', '0728640933', NULL, NULL, '0000-00-00', 'Male', 'Self employed', NULL, '2018-04-25 16:13:32', '2018-04-25 13:13:32', 1, 1, 3, NULL, NULL),
(34, '20309762', 'Justus ', 'Okang\'a', '', '0728636331', NULL, NULL, '0000-00-00', 'Male', 'Self employed', NULL, '2018-04-25 16:14:52', '2018-04-25 13:14:52', 1, 1, 3, NULL, NULL),
(35, '000000000', 'Rose', 'Wanyama', '', '0724812808', NULL, NULL, '0000-00-00', 'Female', 'Househelp', NULL, '2018-04-25 16:16:01', '2018-04-25 13:16:01', 1, 1, 3, NULL, NULL),
(36, '20330365', 'Richard', 'Otieno', '', '0728921670', NULL, NULL, '0000-00-00', 'Male', 'Mechanic', NULL, '2018-04-25 16:19:50', '2018-04-25 13:19:50', 1, 1, 3, NULL, NULL),
(37, '7023759', 'John', 'Orek', '', '0721321021', NULL, NULL, '0000-00-00', 'Male', 'Self employed', NULL, '2018-04-25 16:20:53', '2018-04-25 13:20:53', 1, 1, 3, NULL, NULL),
(38, '35472280', 'Sally', 'Ngoya', '', '0702933695', NULL, NULL, '0000-00-00', 'Female', 'Self employed', NULL, '2018-04-25 16:22:15', '2018-04-25 13:22:15', 1, 1, 3, NULL, NULL),
(39, '34435613', 'Steven ', 'Omondi', '', '0796351107', NULL, NULL, '0000-00-00', 'Male', 'Self employed', NULL, '2018-04-25 16:23:21', '2018-04-25 13:23:21', 1, 1, 3, NULL, NULL),
(40, '2670277', 'Henry', 'Oumah', '', '0714749566', NULL, NULL, '0000-00-00', 'Female', 'Self employed', NULL, '2018-04-25 16:25:42', '2018-04-25 13:25:42', 1, 1, 3, NULL, NULL),
(41, '00000000', 'Josphat', 'Maingi', '', '0725462840', NULL, NULL, '0000-00-00', 'Male', 'Self employed', NULL, '2018-04-25 16:35:52', '2018-04-25 13:35:52', 1, 1, 3, NULL, NULL),
(42, '2346728', 'Rebecca', 'Nyaguthie', '', '0700558980', NULL, NULL, '0000-00-00', 'Female', 'Hair dresser', NULL, '2018-04-25 16:42:41', '2018-04-25 13:42:41', 1, 1, 3, NULL, NULL),
(43, '9663093', 'Fridah', 'Omoche', '', '0725827932', NULL, NULL, '0000-00-00', 'Female', 'Teacher', NULL, '2018-04-25 16:44:30', '2018-04-25 13:44:30', 1, 1, 3, NULL, NULL),
(44, '26167988', 'Agnes', 'Ouya', '', '0716011995', NULL, NULL, '0000-00-00', 'Female', 'Self employed', NULL, '2018-04-25 16:47:01', '2018-07-16 08:10:28', 0, 1, 3, NULL, NULL),
(45, '05197882', 'Musa', 'Ndeiya', '', '0700000000', NULL, NULL, '0000-00-00', 'Female', 'Self employed', NULL, '2018-04-25 16:49:08', '2018-04-25 13:49:08', 1, 1, 3, NULL, NULL),
(46, '000000000', 'Sabina ', 'Wafula', '', '0711713202', NULL, NULL, '0000-00-00', 'Female', '', NULL, '2018-05-07 13:13:32', '2018-05-07 10:13:32', 1, 1, 3, NULL, NULL),
(47, '000000000', 'Benson', 'Maundu', '', '0718744845', NULL, NULL, '0000-00-00', 'Male', '', NULL, '2018-05-07 13:15:13', '2018-05-07 10:15:13', 1, 1, 3, NULL, NULL),
(48, '000000000000', 'Jackline', 'Ijenzia', '', '0724540141', NULL, NULL, '0000-00-00', 'Female', '', NULL, '2018-05-07 13:16:11', '2018-05-07 10:16:11', 1, 1, 3, NULL, NULL),
(49, '000000000', 'Seline', 'Achieng\'', '', '0711998799', NULL, NULL, '0000-00-00', 'Female', '', NULL, '2018-05-07 13:17:14', '2018-05-15 11:07:18', 1, 1, 3, 3, 1),
(51, '00000000000', 'Concilia', 'Busieka', '', '0716253071', NULL, NULL, '0000-00-00', 'Female', '', NULL, '2018-05-07 13:22:10', '2018-05-07 10:22:10', 1, 1, 3, NULL, NULL),
(52, '00000000', 'David', 'Mwenebatu', '', '0736161648', NULL, NULL, '0000-00-00', 'Male', '', NULL, '2018-05-07 13:23:31', '2018-05-07 10:23:31', 1, 1, 3, NULL, NULL),
(53, '00000000', 'Jemila', 'Adam', '', '0725107932', NULL, NULL, '0000-00-00', 'Female', '', NULL, '2018-05-07 13:24:29', '2018-05-07 10:24:29', 1, 1, 3, NULL, NULL),
(54, '000000000000', 'Emma', 'Wanjiru', '', '0713747805', NULL, NULL, '0000-00-00', 'Female', '', NULL, '2018-05-07 13:25:39', '2018-05-07 10:25:39', 1, 1, 3, NULL, NULL),
(55, '0000000', 'Aggrey ', 'Chadeka', '', '0791511148', NULL, NULL, '0000-00-00', 'Male', '', NULL, '2018-05-07 14:26:17', '2018-07-16 07:52:14', 0, 1, 3, NULL, NULL),
(56, '0000000', 'Joan ', 'Auma', '', '0704897645', NULL, NULL, '0000-00-00', 'Female', '', NULL, '2018-05-07 14:27:07', '2018-05-07 11:27:07', 1, 1, 3, NULL, NULL),
(57, '0000000000', 'Flosicah', 'Lamwenya', '', '0702525487', NULL, NULL, '0000-00-00', 'Female', '', NULL, '2018-05-07 14:28:07', '2018-05-07 11:28:07', 1, 1, 3, NULL, NULL),
(58, '000000000', 'Millicent', 'Apiyo', '', '0716744675', NULL, NULL, '0000-00-00', 'Female', '', NULL, '2018-05-07 14:29:22', '2018-05-07 11:29:22', 1, 1, 3, NULL, NULL),
(59, '000000000', 'Fredrick', 'Ondoo', '', '0711179117', NULL, NULL, '0000-00-00', 'Male', '', NULL, '2018-05-07 14:30:14', '2018-05-07 11:30:14', 1, 1, 3, NULL, NULL),
(60, '000000000', 'Paul', 'Mutunga', '', '0714033821', NULL, NULL, '0000-00-00', 'Male', '', NULL, '2018-05-07 14:31:21', '2018-05-07 11:31:21', 1, 1, 3, NULL, NULL),
(61, '0000000', 'Samson', 'Ochieng\'', '', '0725313459', NULL, NULL, '0000-00-00', 'Male', '', NULL, '2018-05-07 14:32:06', '2018-05-07 11:32:06', 1, 1, 3, NULL, NULL),
(62, '0000000000', 'Susan ', 'Wangari', '', '0704606668', NULL, NULL, '0000-00-00', 'Female', '', NULL, '2018-05-07 14:33:04', '2018-05-07 11:33:04', 1, 1, 3, NULL, NULL),
(63, '000000000', 'Caroline', 'Kanuu', '', '0712700800', NULL, NULL, '0000-00-00', 'Female', '', NULL, '2018-05-07 14:34:31', '2018-05-07 11:34:31', 1, 1, 3, NULL, NULL),
(64, '00000000', 'Mogire', 'Kemunto', '', '0700098846', NULL, NULL, '0000-00-00', 'Female', '', NULL, '2018-05-07 14:35:09', '2018-05-07 11:35:09', 1, 1, 3, NULL, NULL),
(65, '00000000', 'Chrispinus', 'Wafula', '', '0723372650', NULL, NULL, '0000-00-00', 'Male', '', NULL, '2018-05-07 14:37:01', '2018-05-07 11:37:01', 1, 1, 3, NULL, NULL),
(66, '0000000', 'Purity', 'Mueni', '', '0702296802', NULL, NULL, '0000-00-00', 'Female', '', NULL, '2018-05-07 14:38:22', '2018-05-07 11:38:22', 1, 1, 3, NULL, NULL),
(67, '00000000', 'Joshua', 'Lihanda', '', '0724464119', NULL, NULL, '0000-00-00', 'Male', '', NULL, '2018-05-07 14:39:26', '2018-05-07 11:39:26', 1, 1, 3, NULL, NULL),
(68, '000000000', 'Caroline', 'Anyango', '', '0711545035', NULL, NULL, '0000-00-00', 'Female', '', NULL, '2018-05-07 14:40:11', '2018-05-07 11:40:11', 1, 1, 3, NULL, NULL),
(69, '00000000', 'Jane', 'Mumbi', '', '0727473980', NULL, NULL, '0000-00-00', 'Female', '', NULL, '2018-05-07 14:41:03', '2018-05-07 11:41:03', 1, 1, 3, NULL, NULL),
(70, '000000000', 'Janet', 'Munyiva', '', '0742566267', NULL, NULL, '0000-00-00', 'Female', '', NULL, '2018-05-07 14:41:48', '2018-05-07 11:41:48', 1, 1, 3, NULL, NULL),
(71, '00000000', 'Sylvester', 'Kimondio', '', '0712765148', NULL, NULL, '0000-00-00', 'Male', '', NULL, '2018-05-07 14:43:07', '2018-05-07 11:43:07', 1, 1, 3, NULL, NULL),
(72, '000000000', 'Obed', 'Mang\'era', '', '0722126953', NULL, NULL, '0000-00-00', 'Male', '', NULL, '2018-05-07 14:43:54', '2018-05-07 11:43:54', 1, 1, 3, NULL, NULL),
(73, '0000000', 'Simeon', 'Onyango', '', '0727355053', NULL, NULL, '0000-00-00', 'Male', '', NULL, '2018-05-07 14:44:44', '2018-05-07 11:44:44', 1, 1, 3, NULL, NULL),
(75, '00000000', 'Nemuel', 'Nyaera', '', '0713726741', NULL, NULL, '0000-00-00', 'Male', '', NULL, '2018-05-07 14:46:47', '2018-05-07 11:46:47', 1, 1, 3, NULL, NULL),
(76, '00000000', 'Anna', 'Wangeci', '', '0719340070', NULL, NULL, '0000-00-00', 'Female', '', NULL, '2018-05-07 14:48:40', '2018-05-07 11:48:40', 1, 1, 3, NULL, NULL),
(78, '00000000', 'Everlyne', 'Ingaji', '', '0731774513', NULL, NULL, '0000-00-00', 'Female', '', NULL, '2018-05-07 15:35:13', '2018-05-07 12:35:13', 1, 1, 3, NULL, NULL),
(79, '000000000', 'Esther', 'Okumu', '', '0721130958', NULL, NULL, '0000-00-00', 'Female', '', NULL, '2018-05-08 16:43:04', '2018-05-08 13:43:04', 1, 1, 3, NULL, NULL),
(80, '00000000', 'Mary', 'Munyiva', '', '0724174688', NULL, NULL, '0000-00-00', 'Female', '', NULL, '2018-05-08 16:44:10', '2018-05-08 13:44:10', 1, 1, 3, NULL, NULL),
(81, '00000000', 'Grace ', 'Sale', '', '0704290916', NULL, NULL, '0000-00-00', 'Female', '', NULL, '2018-05-08 16:44:57', '2018-05-08 13:44:57', 1, 1, 3, NULL, NULL),
(82, '000000000', 'Florence', 'Kisilu', '', '0720224338', NULL, NULL, '0000-00-00', 'Female', '', NULL, '2018-05-08 16:46:02', '2018-05-08 13:46:02', 1, 1, 3, NULL, NULL),
(83, '0', 'Margaret', 'Ndiema', '', '0700639300', NULL, NULL, '0000-00-00', 'Female', '', NULL, '2018-05-08 16:46:36', '2018-05-08 13:46:36', 1, 1, 3, NULL, NULL),
(84, '0', 'Halima', 'Omar', '', '0715545122', NULL, NULL, '0000-00-00', 'Female', '', NULL, '2018-05-08 16:47:28', '2018-05-08 13:47:28', 1, 1, 3, NULL, NULL),
(85, '0', 'Jane', 'Mideva', '', '0719173752', NULL, NULL, '0000-00-00', 'Female', '', NULL, '2018-05-08 16:47:37', '2018-05-08 13:47:37', 1, 1, 3, NULL, NULL),
(87, '1', 'Elizabeth', 'Nganga', '', '0723747362', NULL, NULL, '0000-00-00', 'Female', '', NULL, '2018-05-08 16:48:43', '2018-05-08 13:48:43', 1, 1, 3, NULL, NULL),
(88, '-1', 'Benjamin', 'Okanga', '', '0710525230', NULL, NULL, '0000-00-00', 'Male', '', NULL, '2018-05-08 16:50:03', '2018-05-08 13:50:03', 1, 1, 3, NULL, NULL),
(89, '-1', 'Pamela ', 'Wanga', '', '0728156082', NULL, NULL, '0000-00-00', 'Female', '', NULL, '2018-05-08 16:50:53', '2018-05-08 13:50:53', 1, 1, 3, NULL, NULL),
(91, '1', 'Jemimah', 'Auma', '', '0718408530', NULL, NULL, '0000-00-00', 'Female', '', NULL, '2018-05-08 16:51:40', '2018-05-08 13:51:40', 1, 1, 3, NULL, NULL),
(92, '-1', 'Neville', 'Asava', '', '0791387403', NULL, NULL, '0000-00-00', 'Male', '', NULL, '2018-05-08 16:52:53', '2018-05-08 13:52:53', 1, 1, 3, NULL, NULL),
(93, '00', 'Mary', 'Wamaitha', '', '0719533984', NULL, NULL, '0000-00-00', 'Female', '', NULL, '2018-05-08 16:53:19', '2018-05-08 13:53:19', 1, 1, 3, NULL, NULL),
(94, '-1', 'Sarah', 'Mugenya', '', '0712058092', NULL, NULL, '0000-00-00', 'Female', '', NULL, '2018-05-08 16:53:32', '2018-05-08 13:53:32', 1, 1, 3, NULL, NULL),
(96, '-1', 'Christine', 'Akinyi', '', '0797665367', NULL, NULL, '0000-00-00', 'Female', '', NULL, '2018-05-08 16:55:39', '2018-05-08 13:55:39', 1, 1, 3, NULL, NULL),
(98, '-1', 'Mertin', 'Amakachi', '', '0720288167', NULL, NULL, '0000-00-00', 'Male', '', NULL, '2018-05-08 16:56:31', '2018-05-08 13:56:31', 1, 1, 3, NULL, NULL),
(99, '-1', 'Phylis', 'Simwa', '', '0726630696', NULL, NULL, '0000-00-00', 'Female', '', NULL, '2018-05-08 16:57:12', '2018-05-08 13:57:12', 1, 1, 3, NULL, NULL),
(100, '0', 'Lonah', 'Nyangeli', '', '0711223344', NULL, NULL, '0000-00-00', 'Female', '', NULL, '2018-05-08 16:57:38', '2018-05-08 13:57:38', 1, 1, 3, NULL, NULL),
(101, '-1', 'Francis', 'Muli', '', '0723599378', NULL, NULL, '0000-00-00', 'Male', '', NULL, '2018-05-08 16:57:47', '2018-05-08 13:57:47', 1, 1, 3, NULL, NULL),
(102, '-1', 'Judith', 'Auma', '', '0715792437', NULL, NULL, '0000-00-00', 'Female', '', NULL, '2018-05-08 17:00:00', '2018-05-08 14:00:00', 1, 1, 3, NULL, NULL),
(103, '1', 'Stephen', 'Wanyama', '', '0723683956', NULL, NULL, '0000-00-00', 'Male', '', NULL, '2018-05-08 17:01:18', '2018-05-08 14:01:18', 1, 1, 3, NULL, NULL),
(104, '0000', 'Francis', 'Namayi', '', '0723305774', NULL, NULL, '0000-00-00', 'Male', '', NULL, '2018-05-08 17:03:16', '2018-05-08 14:03:16', 1, 1, 3, NULL, NULL),
(106, '00000000', 'Annet', 'Mayeku', '', '0712157747', NULL, NULL, '0000-00-00', 'Female', '', NULL, '2018-05-08 17:09:33', '2018-05-08 14:09:33', 1, 1, 3, NULL, NULL),
(107, '00000000', 'Maria', 'Atieno', '', '0713407454', NULL, NULL, '0000-00-00', 'Female', '', NULL, '2018-05-08 17:10:50', '2018-05-08 14:10:50', 1, 1, 3, NULL, NULL),
(110, '00001000', 'Josephine', 'Ndunge', 'Maingi', '0700001000', NULL, NULL, '0000-00-00', 'Female', '', NULL, '2018-05-15 13:38:01', '2018-05-15 10:38:02', 1, 1, 3, NULL, NULL),
(111, '0000000000', 'Fridah', 'Akang\'a', '', '0710000001', NULL, NULL, '0000-00-00', 'Male', '', NULL, '2018-05-15 13:38:50', '2018-05-15 10:38:50', 1, 1, 3, NULL, NULL),
(112, '000000000', 'Ruth', 'Adoyo', '', '0711001000', NULL, NULL, '0000-00-00', 'Female', '', NULL, '2018-05-15 13:39:21', '2018-05-15 10:39:21', 1, 1, 3, NULL, NULL),
(113, '1', 'Luke', 'Onyango', 'Enos', '0710200000', NULL, NULL, '0000-00-00', 'Male', '', NULL, '2018-05-15 13:40:10', '2018-05-15 10:46:20', 1, 1, 3, 3, 1),
(114, '11222222', 'Pamela', 'Awuor', '', '0711000000', NULL, NULL, '0000-00-00', 'Female', '', NULL, '2018-05-15 13:41:20', '2018-05-15 10:41:20', 1, 1, 3, NULL, NULL),
(115, '11', 'Zamzam', 'Hussein', '', '0721000000', NULL, NULL, '0000-00-00', 'Female', '', NULL, '2018-05-15 13:41:59', '2018-05-15 10:49:46', 1, 1, 3, 3, 1),
(116, '12', 'Ronald', 'Mulema', 'O.', '0721200000', NULL, NULL, '0000-00-00', 'Male', '', NULL, '2018-05-15 13:52:57', '2018-05-15 10:52:57', 1, 1, 3, NULL, NULL),
(117, '23', 'Isaiah', 'Ambuka', 'Kuya', '0722000000', NULL, NULL, '0000-00-00', 'Male', '', NULL, '2018-05-15 13:54:14', '2018-05-15 10:54:14', 1, 1, 3, NULL, NULL),
(118, '34', 'Justus', 'Esioko', 'K.', '0700000001', NULL, NULL, '0000-00-00', 'Male', '', NULL, '2018-05-15 13:55:04', '2018-05-15 10:55:04', 1, 1, 3, NULL, NULL),
(119, '3', 'Nicholas', 'Musee', '', '0723000000', NULL, NULL, '0000-00-00', 'Male', '', NULL, '2018-05-15 13:55:51', '2018-05-15 10:55:51', 1, 1, 3, NULL, NULL),
(120, '31', 'Elzina', 'Linet', '', '0732000000', NULL, NULL, '0000-00-00', 'Female', '', NULL, '2018-05-15 13:59:02', '2018-05-15 10:59:02', 1, 1, 3, NULL, NULL),
(121, '11', 'Jared', 'Wanawale', '', '0732100000', NULL, NULL, '0000-00-00', 'Male', '', NULL, '2018-05-15 14:04:53', '2018-05-15 11:04:53', 1, 1, 3, NULL, NULL),
(122, '4', 'Robert', 'Oganda', '', '0721300000', NULL, NULL, '0000-00-00', 'Male', '', NULL, '2018-05-15 14:06:09', '2018-05-15 11:06:09', 1, 1, 3, NULL, NULL),
(123, '211', 'Selina', 'Eshery', '', '0711100000', NULL, NULL, '0000-00-00', 'Female', '', NULL, '2018-05-15 14:08:23', '2018-05-15 11:08:23', 1, 1, 3, NULL, NULL),
(124, '7', 'Sara', 'Okisa', '', '0731200000', NULL, NULL, '0000-00-00', 'Female', '', NULL, '2018-05-15 14:09:27', '2018-05-15 11:09:27', 1, 1, 3, NULL, NULL),
(125, '34', 'Moris', 'Kilonzi', '', '0700010000', NULL, NULL, '0000-00-00', 'Male', '', NULL, '2018-05-15 14:10:18', '2018-05-15 11:10:18', 1, 1, 3, NULL, NULL),
(126, '32', 'Sospeter', 'Omollo', '', '0734200000', NULL, NULL, '0000-00-00', 'Male', '', NULL, '2018-05-15 14:12:06', '2018-05-15 11:12:06', 1, 1, 3, NULL, NULL),
(127, '09', 'Margaret', 'Adhiambo', '', '0712210000', NULL, NULL, '0000-00-00', 'Female', '', NULL, '2018-05-15 14:28:26', '2018-05-15 11:28:26', 1, 1, 3, NULL, NULL);

-- --------------------------------------------------------

--
-- Table structure for table `institutions`
--

CREATE TABLE `institutions` (
  `institutionAutoId` int(10) NOT NULL,
  `institutionName` varchar(150) NOT NULL,
  `institutionLocation` varchar(100) DEFAULT NULL,
  `institutionAlias` varchar(30) DEFAULT NULL,
  `creating_user_group_id` int(5) NOT NULL,
  `creating_user_id` int(10) NOT NULL,
  `last_update_user_id` int(10) DEFAULT NULL,
  `last_update_user_group_id` int(10) DEFAULT NULL
) ENGINE=InnoDB DEFAULT CHARSET=latin1;

--
-- Dumping data for table `institutions`
--

INSERT INTO `institutions` (`institutionAutoId`, `institutionName`, `institutionLocation`, `institutionAlias`, `creating_user_group_id`, `creating_user_id`, `last_update_user_id`, `last_update_user_group_id`) VALUES
(1, 'Strathmore University', 'Madaraka Estate', 'SU', 1, 1, 3, 1),
(2, 'The University of Nairobi', 'Nairobi', 'UoN', 1, 3, NULL, NULL),
(3, 'Technical University of Kenya', 'Nairobi', 'TUK', 1, 3, NULL, NULL),
(4, 'Jommo Kenyatta Universty of Agriculture and Technology', 'Nairobi CBD', 'JKUAT', 1, 3, 3, 1),
(5, 'Kibondeni College', 'Westlands', 'Kibondeni ', 1, 3, NULL, NULL),
(6, 'Working', 'Others', 'OW', 1, 3, NULL, NULL);

-- --------------------------------------------------------

--
-- Table structure for table `internattendance`
--

CREATE TABLE `internattendance` (
  `attendanceAutoId` int(10) NOT NULL,
  `attendanceInternId` int(10) NOT NULL,
  `attendanceStatus` varchar(10) NOT NULL,
  `attendanceDate` date NOT NULL,
  `attendance_event_name` varchar(50) NOT NULL,
  `attendanceUpdated` timestamp NOT NULL DEFAULT CURRENT_TIMESTAMP ON UPDATE CURRENT_TIMESTAMP,
  `creating_user_group_id` int(5) NOT NULL,
  `creating_user_id` int(10) NOT NULL,
  `last_update_user_id` int(10) DEFAULT NULL,
  `last_update_user_group_id` int(10) DEFAULT NULL
) ENGINE=InnoDB DEFAULT CHARSET=latin1;

-- --------------------------------------------------------

--
-- Table structure for table `interns`
--

CREATE TABLE `interns` (
  `internAutoId` int(10) NOT NULL,
  `internStudId` varchar(10) DEFAULT NULL,
  `internFname` varchar(30) NOT NULL,
  `internLname` varchar(30) NOT NULL,
  `internOtherNames` varchar(50) DEFAULT NULL,
  `internGender` varchar(10) NOT NULL,
  `internDoB` date DEFAULT NULL,
  `internPhone` varchar(30) NOT NULL,
  `internEmail` varchar(100) NOT NULL,
  `internCourseId` int(5) DEFAULT NULL,
  `internInstitutionId` int(5) DEFAULT NULL,
  `internYoS` int(1) NOT NULL,
  `internStartDate` date NOT NULL,
  `internDateExpectedOut` date DEFAULT NULL,
  `internDateLeft` date DEFAULT NULL,
  `internPassword` varchar(200) NOT NULL,
  `internProfilePhoto` varchar(50) DEFAULT NULL,
  `internActiveStatus` tinyint(1) NOT NULL DEFAULT '1',
  `internDateAdded` date NOT NULL,
  `internDateUpdated` timestamp NOT NULL DEFAULT CURRENT_TIMESTAMP ON UPDATE CURRENT_TIMESTAMP,
  `internReasonInactive` varchar(150) DEFAULT NULL,
  `creating_user_group_id` int(5) NOT NULL,
  `creating_user_id` int(10) NOT NULL,
  `last_update_user_id` int(10) DEFAULT NULL,
  `last_update_user_group_id` int(10) DEFAULT NULL
) ENGINE=InnoDB DEFAULT CHARSET=latin1 ROW_FORMAT=COMPACT;

--
-- Dumping data for table `interns`
--

INSERT INTO `interns` (`internAutoId`, `internStudId`, `internFname`, `internLname`, `internOtherNames`, `internGender`, `internDoB`, `internPhone`, `internEmail`, `internCourseId`, `internInstitutionId`, `internYoS`, `internStartDate`, `internDateExpectedOut`, `internDateLeft`, `internPassword`, `internProfilePhoto`, `internActiveStatus`, `internDateAdded`, `internDateUpdated`, `internReasonInactive`, `creating_user_group_id`, `creating_user_id`, `last_update_user_id`, `last_update_user_group_id`) VALUES
(2, '100108', 'Brian', 'Wambua', '', 'Male', '0000-00-00', '0713237127', 'briwambua98@gmail.com', 2, 1, 2, '2018-01-18', '2018-02-22', NULL, 'bc17a1fb4e86349ce20123ea00f50d5b', NULL, 0, '2018-04-25', '2018-07-16 08:50:01', NULL, 1, 3, NULL, NULL);

-- --------------------------------------------------------

--
-- Table structure for table `macheoexams`
--

CREATE TABLE `macheoexams` (
  `examAutoId` int(10) NOT NULL,
  `examName` varchar(100) NOT NULL,
  `examTermCode` varchar(10) NOT NULL,
  `examFormCode` varchar(5) NOT NULL,
  `examLock` tinyint(1) NOT NULL DEFAULT '0',
  `examDateCreated` date NOT NULL,
  `creating_user_group_id` int(5) NOT NULL,
  `creating_user_id` int(10) NOT NULL,
  `last_update_user_id` int(10) DEFAULT NULL,
  `last_update_user_group_id` int(10) DEFAULT NULL
) ENGINE=InnoDB DEFAULT CHARSET=latin1 ROW_FORMAT=COMPACT;

--
-- Dumping data for table `macheoexams`
--

INSERT INTO `macheoexams` (`examAutoId`, `examName`, `examTermCode`, `examFormCode`, `examLock`, `examDateCreated`, `creating_user_group_id`, `creating_user_id`, `last_update_user_id`, `last_update_user_group_id`) VALUES
(1, 'END TERM 2', 'TERM2', 'FORM2', 0, '2018-07-16', 1, 1, NULL, NULL);

-- --------------------------------------------------------

--
-- Table structure for table `macheosubjects`
--

CREATE TABLE `macheosubjects` (
  `subjectAutoId` int(10) NOT NULL,
  `subjectName` varchar(30) NOT NULL,
  `subjectCode` varchar(10) NOT NULL,
  `subjectCompulsory` tinyint(1) NOT NULL DEFAULT '0',
  `subjectLocked` tinyint(1) NOT NULL DEFAULT '0'
) ENGINE=InnoDB DEFAULT CHARSET=latin1 ROW_FORMAT=COMPACT;

--
-- Dumping data for table `macheosubjects`
--

INSERT INTO `macheosubjects` (`subjectAutoId`, `subjectName`, `subjectCode`, `subjectCompulsory`, `subjectLocked`) VALUES
(1, 'English', 'ENG', 1, 0),
(2, 'Kiswahili', 'KISW', 1, 0),
(3, 'Mathematics', 'MATH', 1, 0),
(4, 'Biology', 'BIO', 0, 0),
(5, 'Chemistry', 'CHEM', 0, 0),
(6, 'Physics', 'PHY', 0, 0);

-- --------------------------------------------------------

--
-- Table structure for table `macheo_exams_performance`
--

CREATE TABLE `macheo_exams_performance` (
  `perfAutoId` int(10) NOT NULL,
  `perfMenteeId` int(10) NOT NULL,
  `perfExamId` int(10) NOT NULL,
  `perfSubjectId` int(10) NOT NULL,
  `perfScore` double(5,2) NOT NULL,
  `creating_user_group_id` int(5) NOT NULL,
  `creating_user_id` int(10) NOT NULL,
  `last_update_user_id` int(10) DEFAULT NULL,
  `last_update_user_group_id` int(10) DEFAULT NULL
) ENGINE=InnoDB DEFAULT CHARSET=latin1;

-- --------------------------------------------------------

--
-- Table structure for table `menteeattendance`
--

CREATE TABLE `menteeattendance` (
  `attendanceAutoId` int(10) NOT NULL,
  `attendanceMenteeId` int(10) NOT NULL,
  `attendanceStatus` varchar(10) NOT NULL,
  `attendanceDate` date NOT NULL,
  `attendance_event_name` varchar(50) DEFAULT NULL,
  `attendanceUpdated` timestamp NOT NULL DEFAULT CURRENT_TIMESTAMP ON UPDATE CURRENT_TIMESTAMP,
  `creating_user_group_id` int(5) NOT NULL,
  `creating_user_id` int(10) NOT NULL,
  `last_update_user_id` int(10) DEFAULT NULL,
  `last_update_user_group_id` int(10) DEFAULT NULL
) ENGINE=InnoDB DEFAULT CHARSET=latin1;

--
-- Dumping data for table `menteeattendance`
--

INSERT INTO `menteeattendance` (`attendanceAutoId`, `attendanceMenteeId`, `attendanceStatus`, `attendanceDate`, `attendance_event_name`, `attendanceUpdated`, `creating_user_group_id`, `creating_user_id`, `last_update_user_id`, `last_update_user_group_id`) VALUES
(1, 10, 'ABSENT', '2018-03-10', 'KENYA NATIONAL ARCHIVES EXCURSION', '2018-05-03 11:30:16', 1, 3, NULL, NULL),
(2, 92, 'ABSENT', '2018-03-10', 'KENYA NATIONAL ARCHIVES EXCURSION', '2018-05-03 11:30:16', 1, 3, NULL, NULL),
(3, 102, 'ABSENT', '2018-03-10', 'KENYA NATIONAL ARCHIVES EXCURSION', '2018-05-03 11:30:16', 1, 3, NULL, NULL),
(4, 126, 'PRESENT', '2018-03-10', 'KENYA NATIONAL ARCHIVES EXCURSION', '2018-05-03 11:30:16', 1, 3, NULL, NULL),
(5, 42, 'ABSENT', '2018-03-10', 'KENYA NATIONAL ARCHIVES EXCURSION', '2018-05-03 11:30:16', 1, 3, NULL, NULL),
(6, 6, 'ABSENT', '2018-03-10', 'KENYA NATIONAL ARCHIVES EXCURSION', '2018-05-03 11:30:16', 1, 3, NULL, NULL),
(7, 103, 'ABSENT', '2018-03-10', 'KENYA NATIONAL ARCHIVES EXCURSION', '2018-05-03 11:30:16', 1, 3, NULL, NULL),
(8, 43, 'PRESENT', '2018-03-10', 'KENYA NATIONAL ARCHIVES EXCURSION', '2018-05-03 11:30:16', 1, 3, NULL, NULL),
(9, 86, 'ABSENT', '2018-03-10', 'KENYA NATIONAL ARCHIVES EXCURSION', '2018-05-03 11:30:16', 1, 3, NULL, NULL),
(10, 109, 'ABSENT', '2018-03-10', 'KENYA NATIONAL ARCHIVES EXCURSION', '2018-05-03 11:30:16', 1, 3, NULL, NULL),
(11, 30, 'PRESENT', '2018-03-10', 'Kenya National Archives Excursion', '2018-05-08 14:07:23', 1, 3, NULL, NULL),
(12, 144, 'PRESENT', '2018-03-10', 'Kenya National Archives Excursion', '2018-05-08 14:07:23', 1, 3, NULL, NULL),
(13, 31, 'PRESENT', '2018-03-10', 'Kenya National Archives Excursion', '2018-05-08 14:07:23', 1, 3, NULL, NULL),
(14, 149, 'PRESENT', '2018-03-10', 'Kenya National Archives Excursion', '2018-05-08 14:07:23', 1, 3, NULL, NULL),
(15, 12, 'PRESENT', '2018-03-10', 'Kenya National Archives Excursion', '2018-05-08 14:07:23', 1, 3, NULL, NULL),
(16, 147, 'PRESENT', '2018-03-10', 'Kenya National Archives Excursion', '2018-05-08 14:07:23', 1, 3, NULL, NULL),
(17, 128, 'PRESENT', '2018-03-10', 'Kenya National Archives Excursion', '2018-05-08 14:07:23', 1, 3, NULL, NULL),
(18, 21, 'PRESENT', '2018-03-10', 'Kenya National Archives Excursion', '2018-05-08 14:07:23', 1, 3, NULL, NULL),
(19, 18, 'PRESENT', '2018-03-10', 'Kenya National Archives Excursion', '2018-05-08 14:07:23', 1, 3, NULL, NULL),
(20, 118, 'PRESENT', '2018-03-10', 'Kenya National Archives Excursion', '2018-05-08 14:07:23', 1, 3, NULL, NULL),
(21, 62, 'PRESENT', '2018-03-10', 'MATHEMATICS & CHEMISTRY LESSONS', '2018-05-08 14:23:57', 1, 3, NULL, NULL),
(22, 70, 'PRESENT', '2018-03-10', 'MATHEMATICS & CHEMISTRY LESSONS', '2018-05-08 14:23:57', 1, 3, NULL, NULL),
(23, 151, 'PRESENT', '2018-03-10', 'MATHEMATICS & CHEMISTRY LESSONS', '2018-05-08 14:23:57', 1, 3, NULL, NULL),
(24, 47, 'PRESENT', '2018-03-10', 'MATHEMATICS & CHEMISTRY LESSONS', '2018-05-08 14:23:57', 1, 3, NULL, NULL),
(25, 116, 'PRESENT', '2018-03-10', 'MATHEMATICS & CHEMISTRY LESSONS', '2018-05-08 14:23:57', 1, 3, NULL, NULL),
(26, 87, 'PRESENT', '2018-03-10', 'MATHEMATICS & CHEMISTRY LESSONS', '2018-05-08 14:23:57', 1, 3, NULL, NULL),
(27, 66, 'PRESENT', '2018-03-10', 'MATHEMATICS & CHEMISTRY LESSONS', '2018-05-08 14:23:57', 1, 3, NULL, NULL),
(28, 53, 'PRESENT', '2018-03-10', 'MATHEMATICS & CHEMISTRY LESSONS', '2018-05-08 14:23:57', 1, 3, NULL, NULL),
(29, 48, 'PRESENT', '2018-03-10', 'MATHEMATICS & CHEMISTRY LESSONS', '2018-05-08 14:23:57', 1, 3, NULL, NULL),
(31, 143, 'PRESENT', '2018-04-24', 'Tuition classes', '2018-05-10 08:54:56', 1, 3, NULL, NULL),
(32, 142, 'ABSENT', '2018-04-24', 'Tuition classes', '2018-05-10 08:54:56', 1, 3, NULL, NULL),
(34, 91, 'PRESENT', '2018-04-24', 'Tuition classes', '2018-05-10 08:54:56', 1, 3, NULL, NULL),
(35, 2, 'ABSENT', '2018-04-24', 'Tuition classes', '2018-05-10 08:54:56', 1, 3, NULL, NULL),
(36, 39, 'ABSENT', '2018-04-24', 'Tuition classes', '2018-05-10 08:54:56', 1, 3, NULL, NULL),
(37, 23, 'PRESENT', '2018-04-24', 'Tuition classes', '2018-05-10 08:54:56', 1, 3, NULL, NULL),
(38, 140, 'PRESENT', '2018-04-24', 'Tuition classes', '2018-05-10 08:54:56', 1, 3, NULL, NULL),
(42, 89, 'PRESENT', '2018-04-24', 'Tuition classes', '2018-05-10 08:54:56', 1, 3, NULL, NULL),
(43, 33, 'ABSENT', '2018-04-24', 'Tuition classes', '2018-05-10 08:54:56', 1, 3, NULL, NULL),
(44, 88, 'ABSENT', '2018-04-24', 'Tuition classes', '2018-05-10 08:54:56', 1, 3, NULL, NULL),
(45, 153, 'PRESENT', '2018-04-24', 'Tuition classes', '2018-05-10 08:54:56', 1, 3, NULL, NULL),
(46, 141, 'PRESENT', '2018-04-24', 'Tuition classes', '2018-05-10 08:54:56', 1, 3, NULL, NULL),
(47, 8, 'PRESENT', '2018-04-24', 'Tuition classes', '2018-05-10 08:54:56', 1, 3, NULL, NULL),
(49, 101, 'PRESENT', '2018-04-24', 'Tuition classes', '2018-05-10 08:54:56', 1, 3, NULL, NULL),
(50, 104, 'PRESENT', '2018-04-24', 'Tuition classes', '2018-05-10 08:54:56', 1, 3, NULL, NULL),
(51, 37, 'PRESENT', '2018-04-24', 'Tuition classes', '2018-05-10 08:54:56', 1, 3, NULL, NULL),
(52, 110, 'PRESENT', '2018-04-24', 'Tuition classes', '2018-05-10 08:54:56', 1, 3, NULL, NULL),
(53, 46, 'PRESENT', '2018-04-24', 'Tuition classes', '2018-05-10 08:54:56', 1, 3, NULL, NULL),
(54, 85, 'ABSENT', '2018-04-24', 'Tuition classes', '2018-05-10 08:54:56', 1, 3, NULL, NULL),
(55, 28, 'PRESENT', '2018-04-24', 'Tuition classes', '2018-05-10 08:54:56', 1, 3, NULL, NULL),
(56, 44, 'PRESENT', '2018-04-24', 'Tuition classes', '2018-05-10 08:54:56', 1, 3, NULL, NULL),
(57, 93, 'ABSENT', '2018-04-24', 'Tuition classes', '2018-05-10 08:54:56', 1, 3, NULL, NULL),
(58, 83, 'ABSENT', '2018-04-24', 'Tuition classes', '2018-05-10 08:54:56', 1, 3, NULL, NULL),
(60, 90, 'PRESENT', '2018-04-24', 'Tuition classes', '2018-05-10 08:54:56', 1, 3, NULL, NULL),
(61, 10, 'ABSENT', '2018-04-24', 'Tuition classes', '2018-05-10 08:54:56', 1, 3, NULL, NULL),
(62, 92, 'ABSENT', '2018-04-24', 'Tuition classes', '2018-05-10 08:54:56', 1, 3, NULL, NULL),
(63, 102, 'PRESENT', '2018-04-24', 'Tuition classes', '2018-05-10 08:54:56', 1, 3, NULL, NULL),
(64, 126, 'ABSENT', '2018-04-24', 'Tuition classes', '2018-05-10 08:54:56', 1, 3, NULL, NULL),
(65, 42, 'ABSENT', '2018-04-24', 'Tuition classes', '2018-05-10 08:54:56', 1, 3, NULL, NULL),
(66, 6, 'ABSENT', '2018-04-24', 'Tuition classes', '2018-05-10 08:54:56', 1, 3, NULL, NULL),
(67, 103, 'PRESENT', '2018-04-24', 'Tuition classes', '2018-05-10 08:54:56', 1, 3, NULL, NULL),
(68, 43, 'PRESENT', '2018-04-24', 'Tuition classes', '2018-05-10 08:54:56', 1, 3, NULL, NULL),
(69, 86, 'ABSENT', '2018-04-24', 'Tuition classes', '2018-05-10 08:54:56', 1, 3, NULL, NULL),
(70, 109, 'PRESENT', '2018-04-24', 'Tuition classes', '2018-05-10 08:54:56', 1, 3, NULL, NULL),
(71, 94, 'PRESENT', '2018-04-24', 'Tuition classes', '2018-05-10 08:54:56', 1, 3, NULL, NULL),
(73, 7, 'PRESENT', '2018-04-24', 'Tuition classes', '2018-05-10 08:54:56', 1, 3, NULL, NULL),
(74, 38, 'PRESENT', '2018-04-24', 'Tuition classes', '2018-05-10 08:54:56', 1, 3, NULL, NULL),
(75, 24, 'PRESENT', '2018-04-24', 'Tuition classes', '2018-05-10 08:54:56', 1, 3, NULL, NULL),
(76, 27, 'PRESENT', '2018-04-24', 'Tuition classes', '2018-05-10 08:54:56', 1, 3, NULL, NULL),
(77, 29, 'ABSENT', '2018-04-24', 'Tuition classes', '2018-05-10 08:54:56', 1, 3, NULL, NULL),
(78, 84, 'PRESENT', '2018-04-24', 'Tuition classes', '2018-05-10 08:54:56', 1, 3, NULL, NULL),
(79, 26, 'PRESENT', '2018-04-24', 'Tuition classes', '2018-05-10 08:54:56', 1, 3, NULL, NULL),
(80, 139, 'PRESENT', '2018-04-24', 'Tuition classes', '2018-05-10 08:54:56', 1, 3, NULL, NULL),
(82, 143, 'PRESENT', '2018-04-20', 'Tuition classes', '2018-05-10 09:09:12', 1, 3, NULL, NULL),
(83, 142, 'PRESENT', '2018-04-20', 'Tuition classes', '2018-05-10 09:09:12', 1, 3, NULL, NULL),
(85, 91, 'ABSENT', '2018-04-20', 'Tuition classes', '2018-05-10 09:09:12', 1, 3, NULL, NULL),
(86, 2, 'ABSENT', '2018-04-20', 'Tuition classes', '2018-05-10 09:09:12', 1, 3, NULL, NULL),
(87, 39, 'PRESENT', '2018-04-20', 'Tuition classes', '2018-05-10 09:09:12', 1, 3, NULL, NULL),
(88, 23, 'PRESENT', '2018-04-20', 'Tuition classes', '2018-05-10 09:09:12', 1, 3, NULL, NULL),
(89, 140, 'PRESENT', '2018-04-20', 'Tuition classes', '2018-05-10 09:09:12', 1, 3, NULL, NULL),
(93, 89, 'PRESENT', '2018-04-20', 'Tuition classes', '2018-05-10 09:09:12', 1, 3, NULL, NULL),
(94, 33, 'PRESENT', '2018-04-20', 'Tuition classes', '2018-05-10 09:09:12', 1, 3, NULL, NULL),
(95, 88, 'PRESENT', '2018-04-20', 'Tuition classes', '2018-05-10 09:09:12', 1, 3, NULL, NULL),
(96, 153, 'PRESENT', '2018-04-20', 'Tuition classes', '2018-05-10 09:09:12', 1, 3, NULL, NULL),
(97, 8, 'PRESENT', '2018-04-20', 'Tuition classes', '2018-05-10 09:09:12', 1, 3, NULL, NULL),
(99, 101, 'PRESENT', '2018-04-20', 'Tuition classes', '2018-05-10 09:09:12', 1, 3, NULL, NULL),
(100, 104, 'PRESENT', '2018-04-20', 'Tuition classes', '2018-05-10 09:09:12', 1, 3, NULL, NULL),
(101, 37, 'PRESENT', '2018-04-20', 'Tuition classes', '2018-05-10 09:09:12', 1, 3, NULL, NULL),
(102, 110, 'PRESENT', '2018-04-20', 'Tuition classes', '2018-05-10 09:09:12', 1, 3, NULL, NULL),
(103, 46, 'PRESENT', '2018-04-20', 'Tuition classes', '2018-05-10 09:09:12', 1, 3, NULL, NULL),
(104, 85, 'PRESENT', '2018-04-20', 'Tuition classes', '2018-05-10 09:09:12', 1, 3, NULL, NULL),
(105, 28, 'ABSENT', '2018-04-20', 'Tuition classes', '2018-05-10 09:09:12', 1, 3, NULL, NULL),
(106, 44, 'PRESENT', '2018-04-20', 'Tuition classes', '2018-05-10 09:09:12', 1, 3, NULL, NULL),
(107, 93, 'ABSENT', '2018-04-20', 'Tuition classes', '2018-05-10 09:09:12', 1, 3, NULL, NULL),
(108, 83, 'ABSENT', '2018-04-20', 'Tuition classes', '2018-05-10 09:09:12', 1, 3, NULL, NULL),
(110, 90, 'PRESENT', '2018-04-20', 'Tuition classes', '2018-05-10 09:09:12', 1, 3, NULL, NULL),
(111, 10, 'ABSENT', '2018-04-20', 'Tuition classes', '2018-05-10 09:09:12', 1, 3, NULL, NULL),
(112, 92, 'ABSENT', '2018-04-20', 'Tuition classes', '2018-05-10 09:09:12', 1, 3, NULL, NULL),
(113, 102, 'PRESENT', '2018-04-20', 'Tuition classes', '2018-05-10 09:09:12', 1, 3, NULL, NULL),
(114, 126, 'PRESENT', '2018-04-20', 'Tuition classes', '2018-05-10 09:09:12', 1, 3, NULL, NULL),
(115, 42, 'ABSENT', '2018-04-20', 'Tuition classes', '2018-05-10 09:09:12', 1, 3, NULL, NULL),
(116, 6, 'ABSENT', '2018-04-20', 'Tuition classes', '2018-05-10 09:09:12', 1, 3, NULL, NULL),
(117, 103, 'PRESENT', '2018-04-20', 'Tuition classes', '2018-05-10 09:09:12', 1, 3, NULL, NULL),
(118, 43, 'PRESENT', '2018-04-20', 'Tuition classes', '2018-05-10 09:09:12', 1, 3, NULL, NULL),
(119, 86, 'ABSENT', '2018-04-20', 'Tuition classes', '2018-05-10 09:09:12', 1, 3, NULL, NULL),
(120, 109, 'PRESENT', '2018-04-20', 'Tuition classes', '2018-05-10 09:09:12', 1, 3, NULL, NULL),
(121, 94, 'PRESENT', '2018-04-20', 'Tuition classes', '2018-05-10 09:09:12', 1, 3, NULL, NULL),
(123, 7, 'PRESENT', '2018-04-20', 'Tuition classes', '2018-05-10 09:09:12', 1, 3, NULL, NULL),
(124, 38, 'PRESENT', '2018-04-20', 'Tuition classes', '2018-05-10 09:09:12', 1, 3, NULL, NULL),
(125, 24, 'PRESENT', '2018-04-20', 'Tuition classes', '2018-05-10 09:09:12', 1, 3, NULL, NULL),
(126, 27, 'PRESENT', '2018-04-20', 'Tuition classes', '2018-05-10 09:09:12', 1, 3, NULL, NULL),
(127, 29, 'ABSENT', '2018-04-20', 'Tuition classes', '2018-05-10 09:09:12', 1, 3, NULL, NULL),
(128, 84, 'PRESENT', '2018-04-20', 'Tuition classes', '2018-05-10 09:09:12', 1, 3, NULL, NULL),
(129, 26, 'ABSENT', '2018-04-20', 'Tuition classes', '2018-05-10 09:09:12', 1, 3, NULL, NULL),
(130, 139, 'PRESENT', '2018-04-20', 'Tuition classes', '2018-05-10 09:09:12', 1, 3, NULL, NULL),
(132, 143, 'PRESENT', '2018-04-16', 'Tuition classes', '2018-05-10 09:18:57', 1, 3, NULL, NULL),
(133, 142, 'ABSENT', '2018-04-16', 'Tuition classes', '2018-05-10 09:18:57', 1, 3, NULL, NULL),
(135, 91, 'PRESENT', '2018-04-16', 'Tuition classes', '2018-05-10 09:18:57', 1, 3, NULL, NULL),
(136, 2, 'ABSENT', '2018-04-16', 'Tuition classes', '2018-05-10 09:18:57', 1, 3, NULL, NULL),
(137, 39, 'ABSENT', '2018-04-16', 'Tuition classes', '2018-05-10 09:18:57', 1, 3, NULL, NULL),
(138, 23, 'ABSENT', '2018-04-16', 'Tuition classes', '2018-05-10 09:18:57', 1, 3, NULL, NULL),
(139, 140, 'PRESENT', '2018-04-16', 'Tuition classes', '2018-05-10 09:18:57', 1, 3, NULL, NULL),
(143, 89, 'PRESENT', '2018-04-16', 'Tuition classes', '2018-05-10 09:18:57', 1, 3, NULL, NULL),
(144, 33, 'PRESENT', '2018-04-16', 'Tuition classes', '2018-05-10 09:18:57', 1, 3, NULL, NULL),
(145, 88, 'ABSENT', '2018-04-16', 'Tuition classes', '2018-05-10 09:18:57', 1, 3, NULL, NULL),
(146, 153, 'ABSENT', '2018-04-16', 'Tuition classes', '2018-05-10 09:18:57', 1, 3, NULL, NULL),
(147, 141, 'PRESENT', '2018-04-16', 'Tuition classes', '2018-05-10 09:18:57', 1, 3, NULL, NULL),
(148, 8, 'PRESENT', '2018-04-16', 'Tuition classes', '2018-05-10 09:18:57', 1, 3, NULL, NULL),
(150, 101, 'PRESENT', '2018-04-16', 'Tuition classes', '2018-05-10 09:18:57', 1, 3, NULL, NULL),
(151, 104, 'PRESENT', '2018-04-16', 'Tuition classes', '2018-05-10 09:18:57', 1, 3, NULL, NULL),
(152, 37, 'PRESENT', '2018-04-16', 'Tuition classes', '2018-05-10 09:18:57', 1, 3, NULL, NULL),
(153, 110, 'PRESENT', '2018-04-16', 'Tuition classes', '2018-05-10 09:18:57', 1, 3, NULL, NULL),
(154, 46, 'PRESENT', '2018-04-16', 'Tuition classes', '2018-05-10 09:18:57', 1, 3, NULL, NULL),
(155, 85, 'PRESENT', '2018-04-16', 'Tuition classes', '2018-05-10 09:18:57', 1, 3, NULL, NULL),
(156, 28, 'PRESENT', '2018-04-16', 'Tuition classes', '2018-05-10 09:18:57', 1, 3, NULL, NULL),
(157, 44, 'PRESENT', '2018-04-16', 'Tuition classes', '2018-05-10 09:18:57', 1, 3, NULL, NULL),
(158, 93, 'ABSENT', '2018-04-16', 'Tuition classes', '2018-05-10 09:18:57', 1, 3, NULL, NULL),
(159, 83, 'ABSENT', '2018-04-16', 'Tuition classes', '2018-05-10 09:18:57', 1, 3, NULL, NULL),
(161, 90, 'PRESENT', '2018-04-16', 'Tuition classes', '2018-05-10 09:18:57', 1, 3, NULL, NULL),
(162, 10, 'ABSENT', '2018-04-16', 'Tuition classes', '2018-05-10 09:18:57', 1, 3, NULL, NULL),
(163, 92, 'ABSENT', '2018-04-16', 'Tuition classes', '2018-05-10 09:18:57', 1, 3, NULL, NULL),
(164, 102, 'PRESENT', '2018-04-16', 'Tuition classes', '2018-05-10 09:18:57', 1, 3, NULL, NULL),
(165, 126, 'PRESENT', '2018-04-16', 'Tuition classes', '2018-05-10 09:18:57', 1, 3, NULL, NULL),
(166, 42, 'ABSENT', '2018-04-16', 'Tuition classes', '2018-05-10 09:18:57', 1, 3, NULL, NULL),
(167, 6, 'ABSENT', '2018-04-16', 'Tuition classes', '2018-05-10 09:18:57', 1, 3, NULL, NULL),
(168, 103, 'PRESENT', '2018-04-16', 'Tuition classes', '2018-05-10 09:18:57', 1, 3, NULL, NULL),
(169, 43, 'PRESENT', '2018-04-16', 'Tuition classes', '2018-05-10 09:18:57', 1, 3, NULL, NULL),
(170, 86, 'ABSENT', '2018-04-16', 'Tuition classes', '2018-05-10 09:18:57', 1, 3, NULL, NULL),
(171, 109, 'PRESENT', '2018-04-16', 'Tuition classes', '2018-05-10 09:18:57', 1, 3, NULL, NULL),
(172, 94, 'PRESENT', '2018-04-16', 'Tuition classes', '2018-05-10 09:18:57', 1, 3, NULL, NULL),
(174, 7, 'PRESENT', '2018-04-16', 'Tuition classes', '2018-05-10 09:18:57', 1, 3, NULL, NULL),
(175, 38, 'PRESENT', '2018-04-16', 'Tuition classes', '2018-05-10 09:18:57', 1, 3, NULL, NULL),
(176, 24, 'PRESENT', '2018-04-16', 'Tuition classes', '2018-05-10 09:18:57', 1, 3, NULL, NULL),
(177, 27, 'PRESENT', '2018-04-16', 'Tuition classes', '2018-05-10 09:18:57', 1, 3, NULL, NULL),
(178, 29, 'ABSENT', '2018-04-16', 'Tuition classes', '2018-05-10 09:18:57', 1, 3, NULL, NULL),
(179, 84, 'PRESENT', '2018-04-16', 'Tuition classes', '2018-05-10 09:18:57', 1, 3, NULL, NULL),
(180, 26, 'PRESENT', '2018-04-16', 'Tuition classes', '2018-05-10 09:18:57', 1, 3, NULL, NULL),
(181, 139, 'PRESENT', '2018-04-16', 'Tuition classes', '2018-05-10 09:18:57', 1, 3, NULL, NULL),
(183, 143, 'PRESENT', '2018-04-19', 'Tuition classes', '2018-05-10 09:26:26', 1, 3, NULL, NULL),
(184, 142, 'PRESENT', '2018-04-19', 'Tuition classes', '2018-05-10 09:26:26', 1, 3, NULL, NULL),
(186, 91, 'PRESENT', '2018-04-19', 'Tuition classes', '2018-05-10 09:26:26', 1, 3, NULL, NULL),
(187, 2, 'ABSENT', '2018-04-19', 'Tuition classes', '2018-05-10 09:26:26', 1, 3, NULL, NULL),
(188, 39, 'PRESENT', '2018-04-19', 'Tuition classes', '2018-05-10 09:26:26', 1, 3, NULL, NULL),
(189, 23, 'PRESENT', '2018-04-19', 'Tuition classes', '2018-05-10 09:26:26', 1, 3, NULL, NULL),
(190, 140, 'PRESENT', '2018-04-19', 'Tuition classes', '2018-05-10 09:26:26', 1, 3, NULL, NULL),
(194, 89, 'PRESENT', '2018-04-19', 'Tuition classes', '2018-05-10 09:26:26', 1, 3, NULL, NULL),
(195, 33, 'PRESENT', '2018-04-19', 'Tuition classes', '2018-05-10 09:26:26', 1, 3, NULL, NULL),
(196, 88, 'ABSENT', '2018-04-19', 'Tuition classes', '2018-05-10 09:26:26', 1, 3, NULL, NULL),
(197, 153, 'PRESENT', '2018-04-19', 'Tuition classes', '2018-05-10 09:26:26', 1, 3, NULL, NULL),
(198, 141, 'PRESENT', '2018-04-19', 'Tuition classes', '2018-05-10 09:26:26', 1, 3, NULL, NULL),
(199, 8, 'PRESENT', '2018-04-19', 'Tuition classes', '2018-05-10 09:26:26', 1, 3, NULL, NULL),
(201, 101, 'PRESENT', '2018-04-19', 'Tuition classes', '2018-05-10 09:26:26', 1, 3, NULL, NULL),
(202, 104, 'PRESENT', '2018-04-19', 'Tuition classes', '2018-05-10 09:26:26', 1, 3, NULL, NULL),
(203, 37, 'PRESENT', '2018-04-19', 'Tuition classes', '2018-05-10 09:26:26', 1, 3, NULL, NULL),
(204, 110, 'PRESENT', '2018-04-19', 'Tuition classes', '2018-05-10 09:26:26', 1, 3, NULL, NULL),
(205, 46, 'PRESENT', '2018-04-19', 'Tuition classes', '2018-05-10 09:26:26', 1, 3, NULL, NULL),
(206, 85, 'PRESENT', '2018-04-19', 'Tuition classes', '2018-05-10 09:26:26', 1, 3, NULL, NULL),
(207, 28, 'PRESENT', '2018-04-19', 'Tuition classes', '2018-05-10 09:26:26', 1, 3, NULL, NULL),
(208, 44, 'PRESENT', '2018-04-19', 'Tuition classes', '2018-05-10 09:26:26', 1, 3, NULL, NULL),
(209, 93, 'ABSENT', '2018-04-19', 'Tuition classes', '2018-05-10 09:26:26', 1, 3, NULL, NULL),
(210, 83, 'ABSENT', '2018-04-19', 'Tuition classes', '2018-05-10 09:26:26', 1, 3, NULL, NULL),
(212, 90, 'PRESENT', '2018-04-19', 'Tuition classes', '2018-05-10 09:26:26', 1, 3, NULL, NULL),
(213, 10, 'ABSENT', '2018-04-19', 'Tuition classes', '2018-05-10 09:26:26', 1, 3, NULL, NULL),
(214, 92, 'ABSENT', '2018-04-19', 'Tuition classes', '2018-05-10 09:26:26', 1, 3, NULL, NULL),
(215, 102, 'PRESENT', '2018-04-19', 'Tuition classes', '2018-05-10 09:26:26', 1, 3, NULL, NULL),
(216, 126, 'PRESENT', '2018-04-19', 'Tuition classes', '2018-05-10 09:26:26', 1, 3, NULL, NULL),
(217, 42, 'ABSENT', '2018-04-19', 'Tuition classes', '2018-05-10 09:26:26', 1, 3, NULL, NULL),
(218, 6, 'ABSENT', '2018-04-19', 'Tuition classes', '2018-05-10 09:26:26', 1, 3, NULL, NULL),
(219, 103, 'PRESENT', '2018-04-19', 'Tuition classes', '2018-05-10 09:26:26', 1, 3, NULL, NULL),
(220, 43, 'PRESENT', '2018-04-19', 'Tuition classes', '2018-05-10 09:26:26', 1, 3, NULL, NULL),
(221, 86, 'ABSENT', '2018-04-19', 'Tuition classes', '2018-05-10 09:26:26', 1, 3, NULL, NULL),
(222, 109, 'PRESENT', '2018-04-19', 'Tuition classes', '2018-05-10 09:26:26', 1, 3, NULL, NULL),
(223, 94, 'PRESENT', '2018-04-19', 'Tuition classes', '2018-05-10 09:26:26', 1, 3, NULL, NULL),
(225, 7, 'PRESENT', '2018-04-19', 'Tuition classes', '2018-05-10 09:26:26', 1, 3, NULL, NULL),
(226, 38, 'PRESENT', '2018-04-19', 'Tuition classes', '2018-05-10 09:26:26', 1, 3, NULL, NULL),
(227, 24, 'PRESENT', '2018-04-19', 'Tuition classes', '2018-05-10 09:26:26', 1, 3, NULL, NULL),
(228, 27, 'PRESENT', '2018-04-19', 'Tuition classes', '2018-05-10 09:26:26', 1, 3, NULL, NULL),
(229, 29, 'ABSENT', '2018-04-19', 'Tuition classes', '2018-05-10 09:26:26', 1, 3, NULL, NULL),
(230, 84, 'PRESENT', '2018-04-19', 'Tuition classes', '2018-05-10 09:26:26', 1, 3, NULL, NULL),
(231, 26, 'PRESENT', '2018-04-19', 'Tuition classes', '2018-05-10 09:26:26', 1, 3, NULL, NULL),
(232, 139, 'PRESENT', '2018-04-19', 'Tuition classes', '2018-05-10 09:26:26', 1, 3, NULL, NULL),
(234, 143, 'PRESENT', '2018-04-17', 'Tuition classes', '2018-05-10 09:33:18', 1, 3, NULL, NULL),
(235, 142, 'PRESENT', '2018-04-17', 'Tuition classes', '2018-05-10 09:33:18', 1, 3, NULL, NULL),
(237, 91, 'PRESENT', '2018-04-17', 'Tuition classes', '2018-05-10 09:33:18', 1, 3, NULL, NULL),
(238, 2, 'ABSENT', '2018-04-17', 'Tuition classes', '2018-05-10 09:33:18', 1, 3, NULL, NULL),
(239, 39, 'PRESENT', '2018-04-17', 'Tuition classes', '2018-05-10 09:33:18', 1, 3, NULL, NULL),
(240, 23, 'ABSENT', '2018-04-17', 'Tuition classes', '2018-05-10 09:33:18', 1, 3, NULL, NULL),
(241, 140, 'PRESENT', '2018-04-17', 'Tuition classes', '2018-05-10 09:33:18', 1, 3, NULL, NULL),
(245, 89, 'PRESENT', '2018-04-17', 'Tuition classes', '2018-05-10 09:33:18', 1, 3, NULL, NULL),
(246, 33, 'PRESENT', '2018-04-17', 'Tuition classes', '2018-05-10 09:33:18', 1, 3, NULL, NULL),
(247, 88, 'PRESENT', '2018-04-17', 'Tuition classes', '2018-05-10 09:33:18', 1, 3, NULL, NULL),
(248, 153, 'PRESENT', '2018-04-17', 'Tuition classes', '2018-05-10 09:33:18', 1, 3, NULL, NULL),
(249, 141, 'PRESENT', '2018-04-17', 'Tuition classes', '2018-05-10 09:33:18', 1, 3, NULL, NULL),
(250, 8, 'PRESENT', '2018-04-17', 'Tuition classes', '2018-05-10 09:33:18', 1, 3, NULL, NULL),
(252, 101, 'PRESENT', '2018-04-17', 'Tuition classes', '2018-05-10 09:33:18', 1, 3, NULL, NULL),
(253, 104, 'PRESENT', '2018-04-17', 'Tuition classes', '2018-05-10 09:33:18', 1, 3, NULL, NULL),
(254, 37, 'PRESENT', '2018-04-17', 'Tuition classes', '2018-05-10 09:33:18', 1, 3, NULL, NULL),
(255, 110, 'PRESENT', '2018-04-17', 'Tuition classes', '2018-05-10 09:33:18', 1, 3, NULL, NULL),
(256, 46, 'PRESENT', '2018-04-17', 'Tuition classes', '2018-05-10 09:33:18', 1, 3, NULL, NULL),
(257, 85, 'PRESENT', '2018-04-17', 'Tuition classes', '2018-05-10 09:33:18', 1, 3, NULL, NULL),
(258, 28, 'PRESENT', '2018-04-17', 'Tuition classes', '2018-05-10 09:33:18', 1, 3, NULL, NULL),
(259, 44, 'PRESENT', '2018-04-17', 'Tuition classes', '2018-05-10 09:33:18', 1, 3, NULL, NULL),
(260, 83, 'ABSENT', '2018-04-17', 'Tuition classes', '2018-05-10 09:33:18', 1, 3, NULL, NULL),
(262, 90, 'PRESENT', '2018-04-17', 'Tuition classes', '2018-05-10 09:33:18', 1, 3, NULL, NULL),
(263, 92, 'PRESENT', '2018-04-17', 'Tuition classes', '2018-05-10 09:33:18', 1, 3, NULL, NULL),
(264, 102, 'PRESENT', '2018-04-17', 'Tuition classes', '2018-05-10 09:33:18', 1, 3, NULL, NULL),
(265, 126, 'PRESENT', '2018-04-17', 'Tuition classes', '2018-05-10 09:33:18', 1, 3, NULL, NULL),
(266, 42, 'ABSENT', '2018-04-17', 'Tuition classes', '2018-05-10 09:33:18', 1, 3, NULL, NULL),
(267, 6, 'ABSENT', '2018-04-17', 'Tuition classes', '2018-05-10 09:33:18', 1, 3, NULL, NULL),
(268, 103, 'PRESENT', '2018-04-17', 'Tuition classes', '2018-05-10 09:33:18', 1, 3, NULL, NULL),
(269, 43, 'PRESENT', '2018-04-17', 'Tuition classes', '2018-05-10 09:33:18', 1, 3, NULL, NULL),
(270, 86, 'ABSENT', '2018-04-17', 'Tuition classes', '2018-05-10 09:33:18', 1, 3, NULL, NULL),
(271, 109, 'PRESENT', '2018-04-17', 'Tuition classes', '2018-05-10 09:33:18', 1, 3, NULL, NULL),
(272, 94, 'PRESENT', '2018-04-17', 'Tuition classes', '2018-05-10 09:33:18', 1, 3, NULL, NULL),
(274, 7, 'PRESENT', '2018-04-17', 'Tuition classes', '2018-05-10 09:33:18', 1, 3, NULL, NULL),
(275, 38, 'PRESENT', '2018-04-17', 'Tuition classes', '2018-05-10 09:33:18', 1, 3, NULL, NULL),
(276, 24, 'ABSENT', '2018-04-17', 'Tuition classes', '2018-05-10 09:33:18', 1, 3, NULL, NULL),
(277, 27, 'PRESENT', '2018-04-17', 'Tuition classes', '2018-05-10 09:33:18', 1, 3, NULL, NULL),
(278, 29, 'ABSENT', '2018-04-17', 'Tuition classes', '2018-05-10 09:33:18', 1, 3, NULL, NULL),
(279, 84, 'PRESENT', '2018-04-17', 'Tuition classes', '2018-05-10 09:33:18', 1, 3, NULL, NULL),
(280, 26, 'PRESENT', '2018-04-17', 'Tuition classes', '2018-05-10 09:33:18', 1, 3, NULL, NULL),
(281, 139, 'PRESENT', '2018-04-17', 'Tuition classes', '2018-05-10 09:33:18', 1, 3, NULL, NULL),
(283, 143, 'PRESENT', '2018-04-25', 'Tuition classes', '2018-05-10 09:51:01', 1, 3, NULL, NULL),
(284, 142, 'PRESENT', '2018-04-25', 'Tuition classes', '2018-05-10 09:51:01', 1, 3, NULL, NULL),
(286, 91, 'PRESENT', '2018-04-25', 'Tuition classes', '2018-05-10 09:51:01', 1, 3, NULL, NULL),
(287, 2, 'ABSENT', '2018-04-25', 'Tuition classes', '2018-05-10 09:51:01', 1, 3, NULL, NULL),
(288, 39, 'PRESENT', '2018-04-25', 'Tuition classes', '2018-05-10 09:51:01', 1, 3, NULL, NULL),
(289, 23, 'PRESENT', '2018-04-25', 'Tuition classes', '2018-05-10 09:51:01', 1, 3, NULL, NULL),
(290, 140, 'PRESENT', '2018-04-25', 'Tuition classes', '2018-05-10 09:51:01', 1, 3, NULL, NULL),
(294, 89, 'PRESENT', '2018-04-25', 'Tuition classes', '2018-05-10 09:51:01', 1, 3, NULL, NULL),
(295, 33, 'PRESENT', '2018-04-25', 'Tuition classes', '2018-05-10 09:51:01', 1, 3, NULL, NULL),
(296, 88, 'PRESENT', '2018-04-25', 'Tuition classes', '2018-05-10 09:51:01', 1, 3, NULL, NULL),
(297, 153, 'PRESENT', '2018-04-25', 'Tuition classes', '2018-05-10 09:51:01', 1, 3, NULL, NULL),
(298, 141, 'PRESENT', '2018-04-25', 'Tuition classes', '2018-05-10 09:51:01', 1, 3, NULL, NULL),
(299, 8, 'ABSENT', '2018-04-25', 'Tuition classes', '2018-05-10 09:51:01', 1, 3, NULL, NULL),
(301, 101, 'PRESENT', '2018-04-25', 'Tuition classes', '2018-05-10 09:51:01', 1, 3, NULL, NULL),
(302, 104, 'PRESENT', '2018-04-25', 'Tuition classes', '2018-05-10 09:51:01', 1, 3, NULL, NULL),
(303, 37, 'PRESENT', '2018-04-25', 'Tuition classes', '2018-05-10 09:51:01', 1, 3, NULL, NULL),
(304, 110, 'PRESENT', '2018-04-25', 'Tuition classes', '2018-05-10 09:51:01', 1, 3, NULL, NULL),
(305, 46, 'PRESENT', '2018-04-25', 'Tuition classes', '2018-05-10 09:51:01', 1, 3, NULL, NULL),
(306, 85, 'PRESENT', '2018-04-25', 'Tuition classes', '2018-05-10 09:51:01', 1, 3, NULL, NULL),
(307, 28, 'PRESENT', '2018-04-25', 'Tuition classes', '2018-05-10 09:51:01', 1, 3, NULL, NULL),
(308, 44, 'PRESENT', '2018-04-25', 'Tuition classes', '2018-05-10 09:51:01', 1, 3, NULL, NULL),
(309, 93, 'ABSENT', '2018-04-25', 'Tuition classes', '2018-05-10 09:51:01', 1, 3, NULL, NULL),
(310, 83, 'ABSENT', '2018-04-25', 'Tuition classes', '2018-05-10 09:51:01', 1, 3, NULL, NULL),
(312, 90, 'PRESENT', '2018-04-25', 'Tuition classes', '2018-05-10 09:51:01', 1, 3, NULL, NULL),
(313, 10, 'ABSENT', '2018-04-25', 'Tuition classes', '2018-05-10 09:51:01', 1, 3, NULL, NULL),
(314, 92, 'ABSENT', '2018-04-25', 'Tuition classes', '2018-05-10 09:51:01', 1, 3, NULL, NULL),
(315, 102, 'PRESENT', '2018-04-25', 'Tuition classes', '2018-05-10 09:51:01', 1, 3, NULL, NULL),
(316, 126, 'PRESENT', '2018-04-25', 'Tuition classes', '2018-05-10 09:51:01', 1, 3, NULL, NULL),
(317, 42, 'ABSENT', '2018-04-25', 'Tuition classes', '2018-05-10 09:51:01', 1, 3, NULL, NULL),
(318, 6, 'ABSENT', '2018-04-25', 'Tuition classes', '2018-05-10 09:51:01', 1, 3, NULL, NULL),
(319, 103, 'PRESENT', '2018-04-25', 'Tuition classes', '2018-05-10 09:51:01', 1, 3, NULL, NULL),
(320, 43, 'PRESENT', '2018-04-25', 'Tuition classes', '2018-05-10 09:51:01', 1, 3, NULL, NULL),
(321, 86, 'ABSENT', '2018-04-25', 'Tuition classes', '2018-05-10 09:51:01', 1, 3, NULL, NULL),
(322, 109, 'PRESENT', '2018-04-25', 'Tuition classes', '2018-05-10 09:51:01', 1, 3, NULL, NULL),
(323, 94, 'PRESENT', '2018-04-25', 'Tuition classes', '2018-05-10 09:51:01', 1, 3, NULL, NULL),
(325, 7, 'PRESENT', '2018-04-25', 'Tuition classes', '2018-05-10 09:51:01', 1, 3, NULL, NULL),
(326, 38, 'PRESENT', '2018-04-25', 'Tuition classes', '2018-05-10 09:51:01', 1, 3, NULL, NULL),
(327, 24, 'PRESENT', '2018-04-25', 'Tuition classes', '2018-05-10 09:51:01', 1, 3, NULL, NULL),
(328, 27, 'PRESENT', '2018-04-25', 'Tuition classes', '2018-05-10 09:51:01', 1, 3, NULL, NULL),
(329, 29, 'ABSENT', '2018-04-25', 'Tuition classes', '2018-05-10 09:51:01', 1, 3, NULL, NULL),
(330, 84, 'PRESENT', '2018-04-25', 'Tuition classes', '2018-05-10 09:51:01', 1, 3, NULL, NULL),
(331, 26, 'PRESENT', '2018-04-25', 'Tuition classes', '2018-05-10 09:51:01', 1, 3, NULL, NULL),
(332, 139, 'PRESENT', '2018-04-25', 'Tuition classes', '2018-05-10 09:51:01', 1, 3, NULL, NULL),
(334, 143, 'PRESENT', '2018-04-26', 'Tuition classes', '2018-05-10 10:32:26', 1, 3, NULL, NULL),
(335, 142, 'PRESENT', '2018-04-26', 'Tuition classes', '2018-05-10 10:32:26', 1, 3, NULL, NULL),
(337, 91, 'ABSENT', '2018-04-26', 'Tuition classes', '2018-05-10 10:32:26', 1, 3, NULL, NULL),
(338, 2, 'ABSENT', '2018-04-26', 'Tuition classes', '2018-05-10 10:32:26', 1, 3, NULL, NULL),
(339, 39, 'PRESENT', '2018-04-26', 'Tuition classes', '2018-05-10 10:32:26', 1, 3, NULL, NULL),
(340, 23, 'PRESENT', '2018-04-26', 'Tuition classes', '2018-05-10 10:32:26', 1, 3, NULL, NULL),
(341, 140, 'PRESENT', '2018-04-26', 'Tuition classes', '2018-05-10 10:32:26', 1, 3, NULL, NULL),
(345, 89, 'PRESENT', '2018-04-26', 'Tuition classes', '2018-05-10 10:32:26', 1, 3, NULL, NULL),
(346, 33, 'ABSENT', '2018-04-26', 'Tuition classes', '2018-05-10 10:32:26', 1, 3, NULL, NULL),
(347, 88, 'PRESENT', '2018-04-26', 'Tuition classes', '2018-05-10 10:32:26', 1, 3, NULL, NULL),
(348, 153, 'PRESENT', '2018-04-26', 'Tuition classes', '2018-05-10 10:32:26', 1, 3, NULL, NULL),
(349, 141, 'PRESENT', '2018-04-26', 'Tuition classes', '2018-05-10 10:32:26', 1, 3, NULL, NULL),
(350, 8, 'PRESENT', '2018-04-26', 'Tuition classes', '2018-05-10 10:32:26', 1, 3, NULL, NULL),
(352, 101, 'PRESENT', '2018-04-26', 'Tuition classes', '2018-05-10 10:32:26', 1, 3, NULL, NULL),
(353, 104, 'PRESENT', '2018-04-26', 'Tuition classes', '2018-05-10 10:32:26', 1, 3, NULL, NULL),
(354, 37, 'PRESENT', '2018-04-26', 'Tuition classes', '2018-05-10 10:32:26', 1, 3, NULL, NULL),
(355, 110, 'PRESENT', '2018-04-26', 'Tuition classes', '2018-05-10 10:32:26', 1, 3, NULL, NULL),
(356, 46, 'PRESENT', '2018-04-26', 'Tuition classes', '2018-05-10 10:32:26', 1, 3, NULL, NULL),
(357, 85, 'PRESENT', '2018-04-26', 'Tuition classes', '2018-05-10 10:32:26', 1, 3, NULL, NULL),
(358, 28, 'PRESENT', '2018-04-26', 'Tuition classes', '2018-05-10 10:32:26', 1, 3, NULL, NULL),
(359, 44, 'PRESENT', '2018-04-26', 'Tuition classes', '2018-05-10 10:32:26', 1, 3, NULL, NULL),
(360, 93, 'ABSENT', '2018-04-26', 'Tuition classes', '2018-05-10 10:32:26', 1, 3, NULL, NULL),
(361, 83, 'ABSENT', '2018-04-26', 'Tuition classes', '2018-05-10 10:32:26', 1, 3, NULL, NULL),
(362, 90, 'PRESENT', '2018-04-26', 'Tuition classes', '2018-05-10 10:32:26', 1, 3, NULL, NULL),
(363, 10, 'ABSENT', '2018-04-26', 'Tuition classes', '2018-05-10 10:32:26', 1, 3, NULL, NULL),
(364, 92, 'ABSENT', '2018-04-26', 'Tuition classes', '2018-05-10 10:32:26', 1, 3, NULL, NULL),
(365, 102, 'ABSENT', '2018-04-26', 'Tuition classes', '2018-05-10 10:32:26', 1, 3, NULL, NULL),
(366, 126, 'PRESENT', '2018-04-26', 'Tuition classes', '2018-05-10 10:32:26', 1, 3, NULL, NULL),
(367, 42, 'ABSENT', '2018-04-26', 'Tuition classes', '2018-05-10 10:32:26', 1, 3, NULL, NULL),
(368, 6, 'ABSENT', '2018-04-26', 'Tuition classes', '2018-05-10 10:32:26', 1, 3, NULL, NULL),
(369, 103, 'PRESENT', '2018-04-26', 'Tuition classes', '2018-05-10 10:32:26', 1, 3, NULL, NULL),
(370, 43, 'PRESENT', '2018-04-26', 'Tuition classes', '2018-05-10 10:32:26', 1, 3, NULL, NULL),
(371, 86, 'ABSENT', '2018-04-26', 'Tuition classes', '2018-05-10 10:32:26', 1, 3, NULL, NULL),
(372, 109, 'PRESENT', '2018-04-26', 'Tuition classes', '2018-05-10 10:32:26', 1, 3, NULL, NULL),
(373, 94, 'PRESENT', '2018-04-26', 'Tuition classes', '2018-05-10 10:32:26', 1, 3, NULL, NULL),
(375, 7, 'PRESENT', '2018-04-26', 'Tuition classes', '2018-05-10 10:32:26', 1, 3, NULL, NULL),
(376, 38, 'PRESENT', '2018-04-26', 'Tuition classes', '2018-05-10 10:32:26', 1, 3, NULL, NULL),
(377, 24, 'PRESENT', '2018-04-26', 'Tuition classes', '2018-05-10 10:32:26', 1, 3, NULL, NULL),
(378, 27, 'PRESENT', '2018-04-26', 'Tuition classes', '2018-05-10 10:32:26', 1, 3, NULL, NULL),
(379, 29, 'ABSENT', '2018-04-26', 'Tuition classes', '2018-05-10 10:32:26', 1, 3, NULL, NULL),
(380, 84, 'PRESENT', '2018-04-26', 'Tuition classes', '2018-05-10 10:32:26', 1, 3, NULL, NULL),
(381, 26, 'PRESENT', '2018-04-26', 'Tuition classes', '2018-05-10 10:32:26', 1, 3, NULL, NULL),
(382, 139, 'PRESENT', '2018-04-26', 'Tuition classes', '2018-05-10 10:32:26', 1, 3, NULL, NULL),
(384, 17, 'PRESENT', '2018-04-15', 'Tuition classes', '2018-05-10 11:14:58', 1, 3, NULL, NULL),
(385, 131, 'PRESENT', '2018-04-15', 'Tuition classes', '2018-05-10 11:14:58', 1, 3, NULL, NULL),
(386, 13, 'PRESENT', '2018-04-15', 'Tuition classes', '2018-05-10 11:14:58', 1, 3, NULL, NULL),
(387, 148, 'ABSENT', '2018-04-15', 'Tuition classes', '2018-05-10 11:14:58', 1, 3, NULL, NULL),
(388, 145, 'PRESENT', '2018-04-15', 'Tuition classes', '2018-05-10 11:14:58', 1, 3, NULL, NULL),
(390, 99, 'PRESENT', '2018-04-15', 'Tuition classes', '2018-05-10 11:14:58', 1, 3, NULL, NULL),
(392, 34, 'ABSENT', '2018-04-15', 'Tuition classes', '2018-05-10 11:14:58', 1, 3, NULL, NULL),
(393, 125, 'ABSENT', '2018-04-15', 'Tuition classes', '2018-05-10 11:14:58', 1, 3, NULL, NULL),
(394, 30, 'PRESENT', '2018-04-15', 'Tuition classes', '2018-05-10 11:14:58', 1, 3, NULL, NULL),
(395, 144, 'ABSENT', '2018-04-15', 'Tuition classes', '2018-05-10 11:14:58', 1, 3, NULL, NULL),
(396, 31, 'PRESENT', '2018-04-15', 'Tuition classes', '2018-05-10 11:14:58', 1, 3, NULL, NULL),
(397, 149, 'ABSENT', '2018-04-15', 'Tuition classes', '2018-05-10 11:14:58', 1, 3, NULL, NULL),
(398, 12, 'PRESENT', '2018-04-15', 'Tuition classes', '2018-05-10 11:14:58', 1, 3, NULL, NULL),
(399, 147, 'PRESENT', '2018-04-15', 'Tuition classes', '2018-05-10 11:14:58', 1, 3, NULL, NULL),
(400, 128, 'PRESENT', '2018-04-15', 'Tuition classes', '2018-05-10 11:14:58', 1, 3, NULL, NULL),
(401, 21, 'ABSENT', '2018-04-15', 'Tuition classes', '2018-05-10 11:14:58', 1, 3, NULL, NULL),
(402, 18, 'ABSENT', '2018-04-15', 'Tuition classes', '2018-05-10 11:14:58', 1, 3, NULL, NULL),
(403, 118, 'PRESENT', '2018-04-15', 'Tuition classes', '2018-05-10 11:14:58', 1, 3, NULL, NULL),
(404, 122, 'ABSENT', '2018-04-15', 'Tuition classes', '2018-05-10 11:14:58', 1, 3, NULL, NULL),
(405, 121, 'PRESENT', '2018-04-15', 'Tuition classes', '2018-05-10 11:14:58', 1, 3, NULL, NULL),
(406, 100, 'PRESENT', '2018-04-15', 'Tuition classes', '2018-05-10 11:14:58', 1, 3, NULL, NULL),
(407, 130, 'PRESENT', '2018-04-15', 'Tuition classes', '2018-05-10 11:14:58', 1, 3, NULL, NULL),
(408, 150, 'PRESENT', '2018-04-15', 'Tuition classes', '2018-05-10 11:14:58', 1, 3, NULL, NULL),
(410, 127, 'PRESENT', '2018-04-15', 'Tuition classes', '2018-05-10 11:14:58', 1, 3, NULL, NULL),
(411, 5, 'ABSENT', '2018-04-15', 'Tuition classes', '2018-05-10 11:14:58', 1, 3, NULL, NULL),
(412, 15, 'PRESENT', '2018-04-15', 'Tuition classes', '2018-05-10 11:14:58', 1, 3, NULL, NULL),
(413, 124, 'PRESENT', '2018-04-15', 'Tuition classes', '2018-05-10 11:14:58', 1, 3, NULL, NULL),
(414, 98, 'PRESENT', '2018-04-15', 'Tuition classes', '2018-05-10 11:14:58', 1, 3, NULL, NULL),
(415, 22, 'ABSENT', '2018-04-15', 'Tuition classes', '2018-05-10 11:14:58', 1, 3, NULL, NULL),
(416, 11, 'ABSENT', '2018-04-15', 'Tuition classes', '2018-05-10 11:14:58', 1, 3, NULL, NULL),
(418, 14, 'ABSENT', '2018-04-15', 'Tuition classes', '2018-05-10 11:14:58', 1, 3, NULL, NULL),
(419, 25, 'ABSENT', '2018-04-15', 'Tuition classes', '2018-05-10 11:14:58', 1, 3, NULL, NULL),
(420, 119, 'PRESENT', '2018-04-15', 'Tuition classes', '2018-05-10 11:14:58', 1, 3, NULL, NULL),
(421, 32, 'ABSENT', '2018-04-15', 'Tuition classes', '2018-05-10 11:14:58', 1, 3, NULL, NULL),
(422, 123, 'PRESENT', '2018-04-15', 'Tuition classes', '2018-05-10 11:14:58', 1, 3, NULL, NULL),
(423, 132, 'PRESENT', '2018-04-15', 'Tuition classes', '2018-05-10 11:14:58', 1, 3, NULL, NULL),
(424, 41, 'PRESENT', '2018-04-15', 'Tuition classes', '2018-05-10 11:14:58', 1, 3, NULL, NULL),
(425, 133, 'PRESENT', '2018-04-15', 'Tuition classes', '2018-05-10 11:14:58', 1, 3, NULL, NULL),
(426, 120, 'PRESENT', '2018-04-15', 'Tuition classes', '2018-05-10 11:14:58', 1, 3, NULL, NULL),
(427, 136, 'ABSENT', '2018-04-15', 'Tuition classes', '2018-05-10 11:14:58', 1, 3, NULL, NULL),
(428, 16, 'ABSENT', '2018-04-15', 'Tuition classes', '2018-05-10 11:14:58', 1, 3, NULL, NULL),
(429, 20, 'PRESENT', '2018-04-15', 'Tuition classes', '2018-05-10 11:14:58', 1, 3, NULL, NULL),
(430, 152, 'PRESENT', '2018-04-15', 'Tuition classes', '2018-05-10 11:14:58', 1, 3, NULL, NULL),
(431, 135, 'PRESENT', '2018-04-15', 'Tuition classes', '2018-05-10 11:14:58', 1, 3, NULL, NULL),
(432, 146, 'PRESENT', '2018-04-15', 'Tuition classes', '2018-05-10 11:14:58', 1, 3, NULL, NULL),
(433, 19, 'PRESENT', '2018-04-15', 'Tuition classes', '2018-05-10 11:14:58', 1, 3, NULL, NULL),
(434, 40, 'PRESENT', '2018-04-15', 'Tuition classes', '2018-05-10 11:14:58', 1, 3, NULL, NULL),
(435, 134, 'PRESENT', '2018-04-15', 'Tuition classes', '2018-05-10 11:14:58', 1, 3, NULL, NULL),
(436, 129, 'PRESENT', '2018-04-15', 'Tuition classes', '2018-05-10 11:14:58', 1, 3, NULL, NULL),
(448, 17, 'PRESENT', '2018-04-16', 'Tuition classes', '2018-05-10 12:43:04', 1, 3, NULL, NULL),
(449, 131, 'PRESENT', '2018-04-16', 'Tuition classes', '2018-05-10 12:43:04', 1, 3, NULL, NULL),
(450, 13, 'PRESENT', '2018-04-16', 'Tuition classes', '2018-05-10 12:43:04', 1, 3, NULL, NULL),
(451, 148, 'ABSENT', '2018-04-16', 'Tuition classes', '2018-05-10 12:43:04', 1, 3, NULL, NULL),
(452, 145, 'PRESENT', '2018-04-16', 'Tuition classes', '2018-05-10 12:43:04', 1, 3, NULL, NULL),
(454, 99, 'PRESENT', '2018-04-16', 'Tuition classes', '2018-05-10 12:43:04', 1, 3, NULL, NULL),
(456, 34, 'PRESENT', '2018-04-16', 'Tuition classes', '2018-05-10 12:43:04', 1, 3, NULL, NULL),
(457, 125, 'PRESENT', '2018-04-16', 'Tuition classes', '2018-05-10 12:43:04', 1, 3, NULL, NULL),
(458, 30, 'PRESENT', '2018-04-16', 'Tuition classes', '2018-05-10 12:43:04', 1, 3, NULL, NULL),
(459, 144, 'ABSENT', '2018-04-16', 'Tuition classes', '2018-05-10 12:43:04', 1, 3, NULL, NULL),
(460, 31, 'PRESENT', '2018-04-16', 'Tuition classes', '2018-05-10 12:43:04', 1, 3, NULL, NULL),
(461, 149, 'ABSENT', '2018-04-16', 'Tuition classes', '2018-05-10 12:43:04', 1, 3, NULL, NULL),
(462, 12, 'PRESENT', '2018-04-16', 'Tuition classes', '2018-05-10 12:43:04', 1, 3, NULL, NULL),
(463, 147, 'PRESENT', '2018-04-16', 'Tuition classes', '2018-05-10 12:43:04', 1, 3, NULL, NULL),
(464, 128, 'PRESENT', '2018-04-16', 'Tuition classes', '2018-05-10 12:43:04', 1, 3, NULL, NULL),
(465, 21, 'PRESENT', '2018-04-16', 'Tuition classes', '2018-05-10 12:43:04', 1, 3, NULL, NULL),
(466, 18, 'PRESENT', '2018-04-16', 'Tuition classes', '2018-05-10 12:43:04', 1, 3, NULL, NULL),
(467, 118, 'PRESENT', '2018-04-16', 'Tuition classes', '2018-05-10 12:43:04', 1, 3, NULL, NULL),
(468, 122, 'ABSENT', '2018-04-16', 'Tuition classes', '2018-05-10 12:43:04', 1, 3, NULL, NULL),
(469, 121, 'PRESENT', '2018-04-16', 'Tuition classes', '2018-05-10 12:43:04', 1, 3, NULL, NULL),
(470, 100, 'PRESENT', '2018-04-16', 'Tuition classes', '2018-05-10 12:43:04', 1, 3, NULL, NULL),
(471, 130, 'PRESENT', '2018-04-16', 'Tuition classes', '2018-05-10 12:43:04', 1, 3, NULL, NULL),
(472, 150, 'PRESENT', '2018-04-16', 'Tuition classes', '2018-05-10 12:43:04', 1, 3, NULL, NULL),
(474, 127, 'PRESENT', '2018-04-16', 'Tuition classes', '2018-05-10 12:43:04', 1, 3, NULL, NULL),
(475, 5, 'ABSENT', '2018-04-16', 'Tuition classes', '2018-05-10 12:43:04', 1, 3, NULL, NULL),
(476, 15, 'PRESENT', '2018-04-16', 'Tuition classes', '2018-05-10 12:43:04', 1, 3, NULL, NULL),
(477, 124, 'PRESENT', '2018-04-16', 'Tuition classes', '2018-05-10 12:43:04', 1, 3, NULL, NULL),
(478, 98, 'PRESENT', '2018-04-16', 'Tuition classes', '2018-05-10 12:43:04', 1, 3, NULL, NULL),
(479, 11, 'ABSENT', '2018-04-16', 'Tuition classes', '2018-05-10 12:43:04', 1, 3, NULL, NULL),
(481, 14, 'ABSENT', '2018-04-16', 'Tuition classes', '2018-05-10 12:43:04', 1, 3, NULL, NULL),
(482, 25, 'ABSENT', '2018-04-16', 'Tuition classes', '2018-05-10 12:43:04', 1, 3, NULL, NULL),
(483, 119, 'ABSENT', '2018-04-16', 'Tuition classes', '2018-05-10 12:43:04', 1, 3, NULL, NULL),
(484, 32, 'ABSENT', '2018-04-16', 'Tuition classes', '2018-05-10 12:43:04', 1, 3, NULL, NULL),
(485, 123, 'PRESENT', '2018-04-16', 'Tuition classes', '2018-05-10 12:43:04', 1, 3, NULL, NULL),
(486, 132, 'PRESENT', '2018-04-16', 'Tuition classes', '2018-05-10 12:43:04', 1, 3, NULL, NULL),
(487, 41, 'ABSENT', '2018-04-16', 'Tuition classes', '2018-05-10 12:43:04', 1, 3, NULL, NULL),
(488, 133, 'PRESENT', '2018-04-16', 'Tuition classes', '2018-05-10 12:43:04', 1, 3, NULL, NULL),
(489, 120, 'PRESENT', '2018-04-16', 'Tuition classes', '2018-05-10 12:43:04', 1, 3, NULL, NULL),
(490, 136, 'PRESENT', '2018-04-16', 'Tuition classes', '2018-05-10 12:43:04', 1, 3, NULL, NULL),
(491, 16, 'ABSENT', '2018-04-16', 'Tuition classes', '2018-05-10 12:43:04', 1, 3, NULL, NULL),
(492, 20, 'PRESENT', '2018-04-16', 'Tuition classes', '2018-05-10 12:43:04', 1, 3, NULL, NULL),
(493, 152, 'PRESENT', '2018-04-16', 'Tuition classes', '2018-05-10 12:43:04', 1, 3, NULL, NULL),
(494, 135, 'PRESENT', '2018-04-16', 'Tuition classes', '2018-05-10 12:43:04', 1, 3, NULL, NULL),
(495, 146, 'PRESENT', '2018-04-16', 'Tuition classes', '2018-05-10 12:43:04', 1, 3, NULL, NULL),
(496, 19, 'PRESENT', '2018-04-16', 'Tuition classes', '2018-05-10 12:43:04', 1, 3, NULL, NULL),
(497, 40, 'PRESENT', '2018-04-16', 'Tuition classes', '2018-05-10 12:43:04', 1, 3, NULL, NULL),
(498, 134, 'ABSENT', '2018-04-16', 'Tuition classes', '2018-05-10 12:43:04', 1, 3, NULL, NULL),
(499, 129, 'PRESENT', '2018-04-16', 'Tuition classes', '2018-05-10 12:43:04', 1, 3, NULL, NULL),
(500, 59, 'PRESENT', '2018-03-03', 'PHYSICS & ENGLISH LESSONS', '2018-05-10 12:52:45', 1, 3, NULL, NULL),
(502, 105, 'PRESENT', '2018-03-03', 'PHYSICS & ENGLISH LESSONS', '2018-05-10 12:52:45', 1, 3, NULL, NULL),
(503, 106, 'PRESENT', '2018-03-03', 'PHYSICS & ENGLISH LESSONS', '2018-05-10 12:52:45', 1, 3, NULL, NULL),
(504, 52, 'PRESENT', '2018-03-03', 'PHYSICS & ENGLISH LESSONS', '2018-05-10 12:52:45', 1, 3, NULL, NULL),
(506, 63, 'ABSENT', '2018-03-03', 'PHYSICS & ENGLISH LESSONS', '2018-05-10 12:52:45', 1, 3, NULL, NULL),
(507, 112, 'PRESENT', '2018-03-03', 'PHYSICS & ENGLISH LESSONS', '2018-05-10 12:52:45', 1, 3, NULL, NULL),
(508, 80, 'ABSENT', '2018-03-03', 'PHYSICS & ENGLISH LESSONS', '2018-05-10 12:52:45', 1, 3, NULL, NULL),
(509, 115, 'PRESENT', '2018-03-03', 'PHYSICS & ENGLISH LESSONS', '2018-05-10 12:52:45', 1, 3, NULL, NULL),
(511, 17, 'PRESENT', '2018-04-20', 'Tuition classes', '2018-05-10 13:02:09', 1, 3, NULL, NULL),
(512, 131, 'PRESENT', '2018-04-20', 'Tuition classes', '2018-05-10 13:02:09', 1, 3, NULL, NULL),
(513, 13, 'PRESENT', '2018-04-20', 'Tuition classes', '2018-05-10 13:02:09', 1, 3, NULL, NULL),
(514, 148, 'ABSENT', '2018-04-20', 'Tuition classes', '2018-05-10 13:02:09', 1, 3, NULL, NULL),
(515, 145, 'PRESENT', '2018-04-20', 'Tuition classes', '2018-05-10 13:02:09', 1, 3, NULL, NULL),
(516, 99, 'PRESENT', '2018-04-20', 'Tuition classes', '2018-05-10 13:02:09', 1, 3, NULL, NULL),
(518, 34, 'ABSENT', '2018-04-20', 'Tuition classes', '2018-05-10 13:02:09', 1, 3, NULL, NULL),
(519, 125, 'PRESENT', '2018-04-20', 'Tuition classes', '2018-05-10 13:02:09', 1, 3, NULL, NULL),
(520, 30, 'PRESENT', '2018-04-20', 'Tuition classes', '2018-05-10 13:02:09', 1, 3, NULL, NULL),
(521, 144, 'ABSENT', '2018-04-20', 'Tuition classes', '2018-05-10 13:02:09', 1, 3, NULL, NULL),
(522, 31, 'PRESENT', '2018-04-20', 'Tuition classes', '2018-05-10 13:02:09', 1, 3, NULL, NULL),
(523, 149, 'ABSENT', '2018-04-20', 'Tuition classes', '2018-05-10 13:02:09', 1, 3, NULL, NULL),
(524, 12, 'PRESENT', '2018-04-20', 'Tuition classes', '2018-05-10 13:02:09', 1, 3, NULL, NULL),
(525, 147, 'PRESENT', '2018-04-20', 'Tuition classes', '2018-05-10 13:02:09', 1, 3, NULL, NULL),
(526, 128, 'PRESENT', '2018-04-20', 'Tuition classes', '2018-05-10 13:02:09', 1, 3, NULL, NULL),
(527, 21, 'ABSENT', '2018-04-20', 'Tuition classes', '2018-05-10 13:02:09', 1, 3, NULL, NULL),
(528, 18, 'PRESENT', '2018-04-20', 'Tuition classes', '2018-05-10 13:02:09', 1, 3, NULL, NULL),
(529, 118, 'PRESENT', '2018-04-20', 'Tuition classes', '2018-05-10 13:02:09', 1, 3, NULL, NULL),
(530, 122, 'ABSENT', '2018-04-20', 'Tuition classes', '2018-05-10 13:02:09', 1, 3, NULL, NULL),
(531, 121, 'PRESENT', '2018-04-20', 'Tuition classes', '2018-05-10 13:02:09', 1, 3, NULL, NULL),
(532, 100, 'PRESENT', '2018-04-20', 'Tuition classes', '2018-05-10 13:02:09', 1, 3, NULL, NULL),
(533, 130, 'ABSENT', '2018-04-20', 'Tuition classes', '2018-05-10 13:02:09', 1, 3, NULL, NULL),
(534, 150, 'PRESENT', '2018-04-20', 'Tuition classes', '2018-05-10 13:02:09', 1, 3, NULL, NULL),
(536, 127, 'PRESENT', '2018-04-20', 'Tuition classes', '2018-05-10 13:02:09', 1, 3, NULL, NULL),
(537, 5, 'ABSENT', '2018-04-20', 'Tuition classes', '2018-05-10 13:02:09', 1, 3, NULL, NULL),
(538, 15, 'PRESENT', '2018-04-20', 'Tuition classes', '2018-05-10 13:02:09', 1, 3, NULL, NULL),
(539, 124, 'PRESENT', '2018-04-20', 'Tuition classes', '2018-05-10 13:02:09', 1, 3, NULL, NULL),
(540, 98, 'PRESENT', '2018-04-20', 'Tuition classes', '2018-05-10 13:02:09', 1, 3, NULL, NULL),
(541, 22, 'ABSENT', '2018-04-20', 'Tuition classes', '2018-05-10 13:02:09', 1, 3, NULL, NULL),
(542, 11, 'ABSENT', '2018-04-20', 'Tuition classes', '2018-05-10 13:02:09', 1, 3, NULL, NULL),
(544, 14, 'ABSENT', '2018-04-20', 'Tuition classes', '2018-05-10 13:02:09', 1, 3, NULL, NULL),
(545, 25, 'ABSENT', '2018-04-20', 'Tuition classes', '2018-05-10 13:02:09', 1, 3, NULL, NULL),
(546, 119, 'PRESENT', '2018-04-20', 'Tuition classes', '2018-05-10 13:02:09', 1, 3, NULL, NULL),
(547, 32, 'ABSENT', '2018-04-20', 'Tuition classes', '2018-05-10 13:02:09', 1, 3, NULL, NULL),
(548, 123, 'PRESENT', '2018-04-20', 'Tuition classes', '2018-05-10 13:02:09', 1, 3, NULL, NULL),
(549, 132, 'PRESENT', '2018-04-20', 'Tuition classes', '2018-05-10 13:02:09', 1, 3, NULL, NULL),
(550, 41, 'ABSENT', '2018-04-20', 'Tuition classes', '2018-05-10 13:02:09', 1, 3, NULL, NULL),
(551, 133, 'PRESENT', '2018-04-20', 'Tuition classes', '2018-05-10 13:02:09', 1, 3, NULL, NULL),
(552, 120, 'PRESENT', '2018-04-20', 'Tuition classes', '2018-05-10 13:02:09', 1, 3, NULL, NULL),
(553, 136, 'PRESENT', '2018-04-20', 'Tuition classes', '2018-05-10 13:02:09', 1, 3, NULL, NULL),
(554, 16, 'PRESENT', '2018-04-20', 'Tuition classes', '2018-05-10 13:02:09', 1, 3, NULL, NULL),
(555, 20, 'PRESENT', '2018-04-20', 'Tuition classes', '2018-05-10 13:02:09', 1, 3, NULL, NULL),
(556, 152, 'PRESENT', '2018-04-20', 'Tuition classes', '2018-05-10 13:02:09', 1, 3, NULL, NULL),
(557, 135, 'PRESENT', '2018-04-20', 'Tuition classes', '2018-05-10 13:02:09', 1, 3, NULL, NULL),
(558, 146, 'PRESENT', '2018-04-20', 'Tuition classes', '2018-05-10 13:02:09', 1, 3, NULL, NULL),
(559, 19, 'PRESENT', '2018-04-20', 'Tuition classes', '2018-05-10 13:02:09', 1, 3, NULL, NULL),
(560, 40, 'PRESENT', '2018-04-20', 'Tuition classes', '2018-05-10 13:02:09', 1, 3, NULL, NULL),
(561, 134, 'PRESENT', '2018-04-20', 'Tuition classes', '2018-05-10 13:02:09', 1, 3, NULL, NULL),
(562, 129, 'PRESENT', '2018-04-20', 'Tuition classes', '2018-05-10 13:02:09', 1, 3, NULL, NULL),
(563, 90, 'EXCUSED', '2018-02-16', 'GIRLS SEMINAR AT KIANDA', '2018-05-10 13:11:13', 1, 3, NULL, NULL),
(564, 10, 'EXCUSED', '2018-02-16', 'GIRLS SEMINAR AT KIANDA', '2018-05-10 13:11:13', 1, 3, NULL, NULL),
(565, 92, 'EXCUSED', '2018-02-16', 'GIRLS SEMINAR AT KIANDA', '2018-05-10 13:11:13', 1, 3, NULL, NULL),
(566, 102, 'EXCUSED', '2018-02-16', 'GIRLS SEMINAR AT KIANDA', '2018-05-10 13:11:13', 1, 3, NULL, NULL),
(567, 126, 'PRESENT', '2018-02-16', 'GIRLS SEMINAR AT KIANDA', '2018-05-10 13:11:13', 1, 3, NULL, NULL),
(568, 42, 'EXCUSED', '2018-02-16', 'GIRLS SEMINAR AT KIANDA', '2018-05-10 13:11:13', 1, 3, NULL, NULL),
(569, 6, 'ABSENT', '2018-02-16', 'GIRLS SEMINAR AT KIANDA', '2018-05-10 13:11:13', 1, 3, NULL, NULL),
(570, 103, 'EXCUSED', '2018-02-16', 'GIRLS SEMINAR AT KIANDA', '2018-05-10 13:11:13', 1, 3, NULL, NULL),
(571, 43, 'PRESENT', '2018-02-16', 'GIRLS SEMINAR AT KIANDA', '2018-05-10 13:11:13', 1, 3, NULL, NULL),
(572, 86, 'EXCUSED', '2018-02-16', 'GIRLS SEMINAR AT KIANDA', '2018-05-10 13:11:13', 1, 3, NULL, NULL),
(574, 17, 'PRESENT', '2018-04-17', 'Tuition classes', '2018-05-10 13:13:24', 1, 3, NULL, NULL),
(575, 131, 'PRESENT', '2018-04-17', 'Tuition classes', '2018-05-10 13:13:24', 1, 3, NULL, NULL),
(576, 13, 'PRESENT', '2018-04-17', 'Tuition classes', '2018-05-10 13:13:24', 1, 3, NULL, NULL),
(577, 148, 'ABSENT', '2018-04-17', 'Tuition classes', '2018-05-10 13:13:24', 1, 3, NULL, NULL),
(578, 145, 'PRESENT', '2018-04-17', 'Tuition classes', '2018-05-10 13:13:24', 1, 3, NULL, NULL),
(580, 99, 'ABSENT', '2018-04-17', 'Tuition classes', '2018-05-10 13:13:24', 1, 3, NULL, NULL),
(581, 34, 'PRESENT', '2018-04-17', 'Tuition classes', '2018-05-10 13:13:24', 1, 3, NULL, NULL),
(582, 125, 'PRESENT', '2018-04-17', 'Tuition classes', '2018-05-10 13:13:24', 1, 3, NULL, NULL),
(583, 30, 'PRESENT', '2018-04-17', 'Tuition classes', '2018-05-10 13:13:24', 1, 3, NULL, NULL),
(584, 144, 'PRESENT', '2018-04-17', 'Tuition classes', '2018-05-10 13:13:24', 1, 3, NULL, NULL),
(585, 31, 'PRESENT', '2018-04-17', 'Tuition classes', '2018-05-10 13:13:24', 1, 3, NULL, NULL),
(586, 149, 'ABSENT', '2018-04-17', 'Tuition classes', '2018-05-10 13:13:24', 1, 3, NULL, NULL),
(587, 12, 'PRESENT', '2018-04-17', 'Tuition classes', '2018-05-10 13:13:24', 1, 3, NULL, NULL),
(588, 147, 'PRESENT', '2018-04-17', 'Tuition classes', '2018-05-10 13:13:24', 1, 3, NULL, NULL),
(589, 128, 'ABSENT', '2018-04-17', 'Tuition classes', '2018-05-10 13:13:24', 1, 3, NULL, NULL),
(590, 21, 'PRESENT', '2018-04-17', 'Tuition classes', '2018-05-10 13:13:24', 1, 3, NULL, NULL),
(591, 18, 'PRESENT', '2018-04-17', 'Tuition classes', '2018-05-10 13:13:24', 1, 3, NULL, NULL),
(592, 118, 'PRESENT', '2018-04-17', 'Tuition classes', '2018-05-10 13:13:24', 1, 3, NULL, NULL),
(593, 122, 'ABSENT', '2018-04-17', 'Tuition classes', '2018-05-10 13:13:24', 1, 3, NULL, NULL),
(594, 121, 'PRESENT', '2018-04-17', 'Tuition classes', '2018-05-10 13:13:24', 1, 3, NULL, NULL),
(595, 100, 'PRESENT', '2018-04-17', 'Tuition classes', '2018-05-10 13:13:24', 1, 3, NULL, NULL),
(596, 130, 'PRESENT', '2018-04-17', 'Tuition classes', '2018-05-10 13:13:24', 1, 3, NULL, NULL),
(597, 150, 'PRESENT', '2018-04-17', 'Tuition classes', '2018-05-10 13:13:24', 1, 3, NULL, NULL),
(599, 127, 'PRESENT', '2018-04-17', 'Tuition classes', '2018-05-10 13:13:24', 1, 3, NULL, NULL),
(600, 5, 'ABSENT', '2018-04-17', 'Tuition classes', '2018-05-10 13:13:24', 1, 3, NULL, NULL),
(601, 15, 'PRESENT', '2018-04-17', 'Tuition classes', '2018-05-10 13:13:24', 1, 3, NULL, NULL),
(602, 124, 'ABSENT', '2018-04-17', 'Tuition classes', '2018-05-10 13:13:24', 1, 3, NULL, NULL),
(603, 98, 'PRESENT', '2018-04-17', 'Tuition classes', '2018-05-10 13:13:24', 1, 3, NULL, NULL),
(604, 22, 'ABSENT', '2018-04-17', 'Tuition classes', '2018-05-10 13:13:24', 1, 3, NULL, NULL),
(605, 11, 'ABSENT', '2018-04-17', 'Tuition classes', '2018-05-10 13:13:24', 1, 3, NULL, NULL),
(607, 14, 'ABSENT', '2018-04-17', 'Tuition classes', '2018-05-10 13:13:24', 1, 3, NULL, NULL);
INSERT INTO `menteeattendance` (`attendanceAutoId`, `attendanceMenteeId`, `attendanceStatus`, `attendanceDate`, `attendance_event_name`, `attendanceUpdated`, `creating_user_group_id`, `creating_user_id`, `last_update_user_id`, `last_update_user_group_id`) VALUES
(608, 25, 'ABSENT', '2018-04-17', 'Tuition classes', '2018-05-10 13:13:24', 1, 3, NULL, NULL),
(609, 119, 'ABSENT', '2018-04-17', 'Tuition classes', '2018-05-10 13:13:24', 1, 3, NULL, NULL),
(610, 32, 'ABSENT', '2018-04-17', 'Tuition classes', '2018-05-10 13:13:24', 1, 3, NULL, NULL),
(611, 123, 'PRESENT', '2018-04-17', 'Tuition classes', '2018-05-10 13:13:24', 1, 3, NULL, NULL),
(612, 132, 'PRESENT', '2018-04-17', 'Tuition classes', '2018-05-10 13:13:24', 1, 3, NULL, NULL),
(613, 41, 'PRESENT', '2018-04-17', 'Tuition classes', '2018-05-10 13:13:24', 1, 3, NULL, NULL),
(614, 133, 'PRESENT', '2018-04-17', 'Tuition classes', '2018-05-10 13:13:24', 1, 3, NULL, NULL),
(615, 120, 'PRESENT', '2018-04-17', 'Tuition classes', '2018-05-10 13:13:24', 1, 3, NULL, NULL),
(616, 136, 'PRESENT', '2018-04-17', 'Tuition classes', '2018-05-10 13:13:24', 1, 3, NULL, NULL),
(617, 16, 'ABSENT', '2018-04-17', 'Tuition classes', '2018-05-10 13:13:24', 1, 3, NULL, NULL),
(618, 20, 'PRESENT', '2018-04-17', 'Tuition classes', '2018-05-10 13:13:24', 1, 3, NULL, NULL),
(619, 152, 'PRESENT', '2018-04-17', 'Tuition classes', '2018-05-10 13:13:24', 1, 3, NULL, NULL),
(620, 135, 'PRESENT', '2018-04-17', 'Tuition classes', '2018-05-10 13:13:24', 1, 3, NULL, NULL),
(621, 146, 'PRESENT', '2018-04-17', 'Tuition classes', '2018-05-10 13:13:24', 1, 3, NULL, NULL),
(622, 19, 'PRESENT', '2018-04-17', 'Tuition classes', '2018-05-10 13:13:24', 1, 3, NULL, NULL),
(623, 40, 'PRESENT', '2018-04-17', 'Tuition classes', '2018-05-10 13:13:24', 1, 3, NULL, NULL),
(624, 134, 'PRESENT', '2018-04-17', 'Tuition classes', '2018-05-10 13:13:24', 1, 3, NULL, NULL),
(625, 129, 'PRESENT', '2018-04-17', 'Tuition classes', '2018-05-10 13:13:24', 1, 3, NULL, NULL),
(627, 17, 'PRESENT', '2018-04-26', 'Tuition classes', '2018-05-10 13:19:20', 1, 3, NULL, NULL),
(628, 131, 'ABSENT', '2018-04-26', 'Tuition classes', '2018-05-10 13:19:20', 1, 3, NULL, NULL),
(629, 13, 'PRESENT', '2018-04-26', 'Tuition classes', '2018-05-10 13:19:20', 1, 3, NULL, NULL),
(630, 148, 'ABSENT', '2018-04-26', 'Tuition classes', '2018-05-10 13:19:20', 1, 3, NULL, NULL),
(631, 145, 'PRESENT', '2018-04-26', 'Tuition classes', '2018-05-10 13:19:20', 1, 3, NULL, NULL),
(633, 99, 'PRESENT', '2018-04-26', 'Tuition classes', '2018-05-10 13:19:20', 1, 3, NULL, NULL),
(635, 34, 'ABSENT', '2018-04-26', 'Tuition classes', '2018-05-10 13:19:20', 1, 3, NULL, NULL),
(636, 125, 'ABSENT', '2018-04-26', 'Tuition classes', '2018-05-10 13:19:20', 1, 3, NULL, NULL),
(637, 30, 'PRESENT', '2018-04-26', 'Tuition classes', '2018-05-10 13:19:20', 1, 3, NULL, NULL),
(638, 144, 'ABSENT', '2018-04-26', 'Tuition classes', '2018-05-10 13:19:20', 1, 3, NULL, NULL),
(639, 31, 'PRESENT', '2018-04-26', 'Tuition classes', '2018-05-10 13:19:20', 1, 3, NULL, NULL),
(640, 149, 'PRESENT', '2018-04-26', 'Tuition classes', '2018-05-10 13:19:20', 1, 3, NULL, NULL),
(641, 12, 'ABSENT', '2018-04-26', 'Tuition classes', '2018-05-10 13:19:20', 1, 3, NULL, NULL),
(642, 147, 'PRESENT', '2018-04-26', 'Tuition classes', '2018-05-10 13:19:20', 1, 3, NULL, NULL),
(643, 128, 'PRESENT', '2018-04-26', 'Tuition classes', '2018-05-10 13:19:20', 1, 3, NULL, NULL),
(644, 21, 'ABSENT', '2018-04-26', 'Tuition classes', '2018-05-10 13:19:20', 1, 3, NULL, NULL),
(645, 18, 'PRESENT', '2018-04-26', 'Tuition classes', '2018-05-10 13:19:20', 1, 3, NULL, NULL),
(646, 118, 'PRESENT', '2018-04-26', 'Tuition classes', '2018-05-10 13:19:20', 1, 3, NULL, NULL),
(647, 122, 'ABSENT', '2018-04-26', 'Tuition classes', '2018-05-10 13:19:20', 1, 3, NULL, NULL),
(648, 121, 'PRESENT', '2018-04-26', 'Tuition classes', '2018-05-10 13:19:20', 1, 3, NULL, NULL),
(649, 100, 'PRESENT', '2018-04-26', 'Tuition classes', '2018-05-10 13:19:20', 1, 3, NULL, NULL),
(650, 130, 'PRESENT', '2018-04-26', 'Tuition classes', '2018-05-10 13:19:20', 1, 3, NULL, NULL),
(651, 150, 'PRESENT', '2018-04-26', 'Tuition classes', '2018-05-10 13:19:20', 1, 3, NULL, NULL),
(653, 127, 'PRESENT', '2018-04-26', 'Tuition classes', '2018-05-10 13:19:20', 1, 3, NULL, NULL),
(654, 5, 'ABSENT', '2018-04-26', 'Tuition classes', '2018-05-10 13:19:20', 1, 3, NULL, NULL),
(655, 15, 'PRESENT', '2018-04-26', 'Tuition classes', '2018-05-10 13:19:20', 1, 3, NULL, NULL),
(656, 124, 'ABSENT', '2018-04-26', 'Tuition classes', '2018-05-10 13:19:20', 1, 3, NULL, NULL),
(657, 98, 'PRESENT', '2018-04-26', 'Tuition classes', '2018-05-10 13:19:20', 1, 3, NULL, NULL),
(658, 22, 'ABSENT', '2018-04-26', 'Tuition classes', '2018-05-10 13:19:20', 1, 3, NULL, NULL),
(659, 11, 'ABSENT', '2018-04-26', 'Tuition classes', '2018-05-10 13:19:20', 1, 3, NULL, NULL),
(661, 14, 'ABSENT', '2018-04-26', 'Tuition classes', '2018-05-10 13:19:20', 1, 3, NULL, NULL),
(662, 25, 'PRESENT', '2018-04-26', 'Tuition classes', '2018-05-10 13:19:20', 1, 3, NULL, NULL),
(663, 119, 'ABSENT', '2018-04-26', 'Tuition classes', '2018-05-10 13:19:20', 1, 3, NULL, NULL),
(664, 32, 'ABSENT', '2018-04-26', 'Tuition classes', '2018-05-10 13:19:20', 1, 3, NULL, NULL),
(665, 123, 'PRESENT', '2018-04-26', 'Tuition classes', '2018-05-10 13:19:20', 1, 3, NULL, NULL),
(666, 132, 'ABSENT', '2018-04-26', 'Tuition classes', '2018-05-10 13:19:20', 1, 3, NULL, NULL),
(667, 41, 'ABSENT', '2018-04-26', 'Tuition classes', '2018-05-10 13:19:20', 1, 3, NULL, NULL),
(668, 133, 'PRESENT', '2018-04-26', 'Tuition classes', '2018-05-10 13:19:20', 1, 3, NULL, NULL),
(669, 120, 'PRESENT', '2018-04-26', 'Tuition classes', '2018-05-10 13:19:20', 1, 3, NULL, NULL),
(670, 136, 'ABSENT', '2018-04-26', 'Tuition classes', '2018-05-10 13:19:20', 1, 3, NULL, NULL),
(671, 16, 'ABSENT', '2018-04-26', 'Tuition classes', '2018-05-10 13:19:20', 1, 3, NULL, NULL),
(672, 20, 'PRESENT', '2018-04-26', 'Tuition classes', '2018-05-10 13:19:20', 1, 3, NULL, NULL),
(673, 152, 'PRESENT', '2018-04-26', 'Tuition classes', '2018-05-10 13:19:20', 1, 3, NULL, NULL),
(674, 135, 'PRESENT', '2018-04-26', 'Tuition classes', '2018-05-10 13:19:20', 1, 3, NULL, NULL),
(675, 146, 'PRESENT', '2018-04-26', 'Tuition classes', '2018-05-10 13:19:20', 1, 3, NULL, NULL),
(676, 19, 'PRESENT', '2018-04-26', 'Tuition classes', '2018-05-10 13:19:20', 1, 3, NULL, NULL),
(677, 40, 'PRESENT', '2018-04-26', 'Tuition classes', '2018-05-10 13:19:20', 1, 3, NULL, NULL),
(678, 134, 'PRESENT', '2018-04-26', 'Tuition classes', '2018-05-10 13:19:20', 1, 3, NULL, NULL),
(679, 129, 'PRESENT', '2018-04-26', 'Tuition classes', '2018-05-10 13:19:20', 1, 3, NULL, NULL),
(681, 17, 'ABSENT', '2018-04-25', 'Tuition classes', '2018-05-10 13:26:38', 1, 3, NULL, NULL),
(682, 131, 'PRESENT', '2018-04-25', 'Tuition classes', '2018-05-10 13:26:38', 1, 3, NULL, NULL),
(683, 13, 'PRESENT', '2018-04-25', 'Tuition classes', '2018-05-10 13:26:38', 1, 3, NULL, NULL),
(684, 148, 'ABSENT', '2018-04-25', 'Tuition classes', '2018-05-10 13:26:38', 1, 3, NULL, NULL),
(685, 145, 'PRESENT', '2018-04-25', 'Tuition classes', '2018-05-10 13:26:38', 1, 3, NULL, NULL),
(686, 99, 'PRESENT', '2018-04-25', 'Tuition classes', '2018-05-10 13:26:38', 1, 3, NULL, NULL),
(688, 34, 'ABSENT', '2018-04-25', 'Tuition classes', '2018-05-10 13:26:38', 1, 3, NULL, NULL),
(689, 125, 'ABSENT', '2018-04-25', 'Tuition classes', '2018-05-10 13:26:38', 1, 3, NULL, NULL),
(690, 30, 'PRESENT', '2018-04-25', 'Tuition classes', '2018-05-10 13:26:38', 1, 3, NULL, NULL),
(691, 144, 'ABSENT', '2018-04-25', 'Tuition classes', '2018-05-10 13:26:38', 1, 3, NULL, NULL),
(692, 31, 'PRESENT', '2018-04-25', 'Tuition classes', '2018-05-10 13:26:38', 1, 3, NULL, NULL),
(693, 149, 'ABSENT', '2018-04-25', 'Tuition classes', '2018-05-10 13:26:38', 1, 3, NULL, NULL),
(694, 12, 'PRESENT', '2018-04-25', 'Tuition classes', '2018-05-10 13:26:38', 1, 3, NULL, NULL),
(695, 147, 'PRESENT', '2018-04-25', 'Tuition classes', '2018-05-10 13:26:38', 1, 3, NULL, NULL),
(696, 128, 'PRESENT', '2018-04-25', 'Tuition classes', '2018-05-10 13:26:38', 1, 3, NULL, NULL),
(697, 21, 'ABSENT', '2018-04-25', 'Tuition classes', '2018-05-10 13:26:38', 1, 3, NULL, NULL),
(698, 18, 'ABSENT', '2018-04-25', 'Tuition classes', '2018-05-10 13:26:38', 1, 3, NULL, NULL),
(699, 118, 'PRESENT', '2018-04-25', 'Tuition classes', '2018-05-10 13:26:38', 1, 3, NULL, NULL),
(700, 122, 'ABSENT', '2018-04-25', 'Tuition classes', '2018-05-10 13:26:38', 1, 3, NULL, NULL),
(701, 121, 'PRESENT', '2018-04-25', 'Tuition classes', '2018-05-10 13:26:38', 1, 3, NULL, NULL),
(702, 100, 'PRESENT', '2018-04-25', 'Tuition classes', '2018-05-10 13:26:38', 1, 3, NULL, NULL),
(703, 130, 'PRESENT', '2018-04-25', 'Tuition classes', '2018-05-10 13:26:38', 1, 3, NULL, NULL),
(704, 150, 'PRESENT', '2018-04-25', 'Tuition classes', '2018-05-10 13:26:38', 1, 3, NULL, NULL),
(706, 127, 'PRESENT', '2018-04-25', 'Tuition classes', '2018-05-10 13:26:38', 1, 3, NULL, NULL),
(707, 5, 'ABSENT', '2018-04-25', 'Tuition classes', '2018-05-10 13:26:38', 1, 3, NULL, NULL),
(708, 15, 'PRESENT', '2018-04-25', 'Tuition classes', '2018-05-10 13:26:38', 1, 3, NULL, NULL),
(709, 124, 'ABSENT', '2018-04-25', 'Tuition classes', '2018-05-10 13:26:38', 1, 3, NULL, NULL),
(710, 98, 'PRESENT', '2018-04-25', 'Tuition classes', '2018-05-10 13:26:38', 1, 3, NULL, NULL),
(711, 22, 'ABSENT', '2018-04-25', 'Tuition classes', '2018-05-10 13:26:38', 1, 3, NULL, NULL),
(712, 11, 'ABSENT', '2018-04-25', 'Tuition classes', '2018-05-10 13:26:38', 1, 3, NULL, NULL),
(714, 14, 'ABSENT', '2018-04-25', 'Tuition classes', '2018-05-10 13:26:38', 1, 3, NULL, NULL),
(715, 25, 'PRESENT', '2018-04-25', 'Tuition classes', '2018-05-10 13:26:38', 1, 3, NULL, NULL),
(716, 119, 'ABSENT', '2018-04-25', 'Tuition classes', '2018-05-10 13:26:38', 1, 3, NULL, NULL),
(717, 123, 'PRESENT', '2018-04-25', 'Tuition classes', '2018-05-10 13:26:38', 1, 3, NULL, NULL),
(718, 132, 'PRESENT', '2018-04-25', 'Tuition classes', '2018-05-10 13:26:38', 1, 3, NULL, NULL),
(719, 41, 'ABSENT', '2018-04-25', 'Tuition classes', '2018-05-10 13:26:38', 1, 3, NULL, NULL),
(720, 133, 'ABSENT', '2018-04-25', 'Tuition classes', '2018-05-10 13:26:38', 1, 3, NULL, NULL),
(721, 120, 'PRESENT', '2018-04-25', 'Tuition classes', '2018-05-10 13:26:38', 1, 3, NULL, NULL),
(722, 136, 'PRESENT', '2018-04-25', 'Tuition classes', '2018-05-10 13:26:38', 1, 3, NULL, NULL),
(723, 16, 'ABSENT', '2018-04-25', 'Tuition classes', '2018-05-10 13:26:38', 1, 3, NULL, NULL),
(724, 20, 'PRESENT', '2018-04-25', 'Tuition classes', '2018-05-10 13:26:38', 1, 3, NULL, NULL),
(725, 152, 'PRESENT', '2018-04-25', 'Tuition classes', '2018-05-10 13:26:38', 1, 3, NULL, NULL),
(726, 135, 'PRESENT', '2018-04-25', 'Tuition classes', '2018-05-10 13:26:38', 1, 3, NULL, NULL),
(727, 146, 'PRESENT', '2018-04-25', 'Tuition classes', '2018-05-10 13:26:38', 1, 3, NULL, NULL),
(728, 19, 'ABSENT', '2018-04-25', 'Tuition classes', '2018-05-10 13:26:38', 1, 3, NULL, NULL),
(729, 40, 'PRESENT', '2018-04-25', 'Tuition classes', '2018-05-10 13:26:38', 1, 3, NULL, NULL),
(730, 134, 'PRESENT', '2018-04-25', 'Tuition classes', '2018-05-10 13:26:38', 1, 3, NULL, NULL),
(731, 129, 'PRESENT', '2018-04-25', 'Tuition classes', '2018-05-10 13:26:38', 1, 3, NULL, NULL),
(733, 17, 'PRESENT', '2018-04-19', 'Tuition classes', '2018-05-10 13:35:32', 1, 3, NULL, NULL),
(734, 131, 'PRESENT', '2018-04-19', 'Tuition classes', '2018-05-10 13:35:32', 1, 3, NULL, NULL),
(735, 13, 'PRESENT', '2018-04-19', 'Tuition classes', '2018-05-10 13:35:32', 1, 3, NULL, NULL),
(736, 148, 'ABSENT', '2018-04-19', 'Tuition classes', '2018-05-10 13:35:32', 1, 3, NULL, NULL),
(737, 145, 'PRESENT', '2018-04-19', 'Tuition classes', '2018-05-10 13:35:32', 1, 3, NULL, NULL),
(739, 99, 'ABSENT', '2018-04-19', 'Tuition classes', '2018-05-10 13:35:32', 1, 3, NULL, NULL),
(741, 34, 'ABSENT', '2018-04-19', 'Tuition classes', '2018-05-10 13:35:32', 1, 3, NULL, NULL),
(742, 125, 'PRESENT', '2018-04-19', 'Tuition classes', '2018-05-10 13:35:32', 1, 3, NULL, NULL),
(743, 30, 'PRESENT', '2018-04-19', 'Tuition classes', '2018-05-10 13:35:32', 1, 3, NULL, NULL),
(744, 144, 'ABSENT', '2018-04-19', 'Tuition classes', '2018-05-10 13:35:32', 1, 3, NULL, NULL),
(745, 31, 'PRESENT', '2018-04-19', 'Tuition classes', '2018-05-10 13:35:32', 1, 3, NULL, NULL),
(746, 149, 'ABSENT', '2018-04-19', 'Tuition classes', '2018-05-10 13:35:32', 1, 3, NULL, NULL),
(747, 12, 'PRESENT', '2018-04-19', 'Tuition classes', '2018-05-10 13:35:32', 1, 3, NULL, NULL),
(748, 147, 'PRESENT', '2018-04-19', 'Tuition classes', '2018-05-10 13:35:32', 1, 3, NULL, NULL),
(749, 128, 'PRESENT', '2018-04-19', 'Tuition classes', '2018-05-10 13:35:32', 1, 3, NULL, NULL),
(750, 21, 'ABSENT', '2018-04-19', 'Tuition classes', '2018-05-10 13:35:32', 1, 3, NULL, NULL),
(751, 18, 'PRESENT', '2018-04-19', 'Tuition classes', '2018-05-10 13:35:32', 1, 3, NULL, NULL),
(752, 118, 'ABSENT', '2018-04-19', 'Tuition classes', '2018-05-10 13:35:32', 1, 3, NULL, NULL),
(753, 122, 'ABSENT', '2018-04-19', 'Tuition classes', '2018-05-10 13:35:32', 1, 3, NULL, NULL),
(754, 121, 'PRESENT', '2018-04-19', 'Tuition classes', '2018-05-10 13:35:32', 1, 3, NULL, NULL),
(755, 100, 'PRESENT', '2018-04-19', 'Tuition classes', '2018-05-10 13:35:32', 1, 3, NULL, NULL),
(756, 130, 'PRESENT', '2018-04-19', 'Tuition classes', '2018-05-10 13:35:32', 1, 3, NULL, NULL),
(757, 150, 'PRESENT', '2018-04-19', 'Tuition classes', '2018-05-10 13:35:32', 1, 3, NULL, NULL),
(759, 127, 'PRESENT', '2018-04-19', 'Tuition classes', '2018-05-10 13:35:32', 1, 3, NULL, NULL),
(760, 5, 'ABSENT', '2018-04-19', 'Tuition classes', '2018-05-10 13:35:32', 1, 3, NULL, NULL),
(761, 15, 'PRESENT', '2018-04-19', 'Tuition classes', '2018-05-10 13:35:32', 1, 3, NULL, NULL),
(762, 124, 'ABSENT', '2018-04-19', 'Tuition classes', '2018-05-10 13:35:32', 1, 3, NULL, NULL),
(763, 98, 'PRESENT', '2018-04-19', 'Tuition classes', '2018-05-10 13:35:32', 1, 3, NULL, NULL),
(764, 22, 'ABSENT', '2018-04-19', 'Tuition classes', '2018-05-10 13:35:32', 1, 3, NULL, NULL),
(765, 11, 'ABSENT', '2018-04-19', 'Tuition classes', '2018-05-10 13:35:32', 1, 3, NULL, NULL),
(767, 14, 'ABSENT', '2018-04-19', 'Tuition classes', '2018-05-10 13:35:32', 1, 3, NULL, NULL),
(768, 25, 'ABSENT', '2018-04-19', 'Tuition classes', '2018-05-10 13:35:32', 1, 3, NULL, NULL),
(769, 119, 'ABSENT', '2018-04-19', 'Tuition classes', '2018-05-10 13:35:32', 1, 3, NULL, NULL),
(770, 32, 'ABSENT', '2018-04-19', 'Tuition classes', '2018-05-10 13:35:32', 1, 3, NULL, NULL),
(771, 123, 'PRESENT', '2018-04-19', 'Tuition classes', '2018-05-10 13:35:32', 1, 3, NULL, NULL),
(772, 132, 'PRESENT', '2018-04-19', 'Tuition classes', '2018-05-10 13:35:32', 1, 3, NULL, NULL),
(773, 41, 'ABSENT', '2018-04-19', 'Tuition classes', '2018-05-10 13:35:32', 1, 3, NULL, NULL),
(774, 133, 'PRESENT', '2018-04-19', 'Tuition classes', '2018-05-10 13:35:32', 1, 3, NULL, NULL),
(775, 120, 'PRESENT', '2018-04-19', 'Tuition classes', '2018-05-10 13:35:32', 1, 3, NULL, NULL),
(776, 136, 'PRESENT', '2018-04-19', 'Tuition classes', '2018-05-10 13:35:32', 1, 3, NULL, NULL),
(777, 16, 'PRESENT', '2018-04-19', 'Tuition classes', '2018-05-10 13:35:32', 1, 3, NULL, NULL),
(778, 20, 'ABSENT', '2018-04-19', 'Tuition classes', '2018-05-10 13:35:32', 1, 3, NULL, NULL),
(779, 152, 'PRESENT', '2018-04-19', 'Tuition classes', '2018-05-10 13:35:32', 1, 3, NULL, NULL),
(780, 135, 'PRESENT', '2018-04-19', 'Tuition classes', '2018-05-10 13:35:32', 1, 3, NULL, NULL),
(781, 146, 'ABSENT', '2018-04-19', 'Tuition classes', '2018-05-10 13:35:32', 1, 3, NULL, NULL),
(782, 19, 'PRESENT', '2018-04-19', 'Tuition classes', '2018-05-10 13:35:32', 1, 3, NULL, NULL),
(783, 40, 'PRESENT', '2018-04-19', 'Tuition classes', '2018-05-10 13:35:32', 1, 3, NULL, NULL),
(784, 134, 'PRESENT', '2018-04-19', 'Tuition classes', '2018-05-10 13:35:32', 1, 3, NULL, NULL),
(785, 129, 'PRESENT', '2018-04-19', 'Tuition classes', '2018-05-10 13:35:32', 1, 3, NULL, NULL),
(787, 143, 'PRESENT', '2018-04-16', 'Tuition classes', '2018-05-10 13:54:14', 1, 3, NULL, NULL),
(788, 142, 'PRESENT', '2018-04-16', 'Tuition classes', '2018-05-10 13:54:14', 1, 3, NULL, NULL),
(790, 91, 'ABSENT', '2018-04-16', 'Tuition classes', '2018-05-10 13:54:14', 1, 3, NULL, NULL),
(791, 2, 'ABSENT', '2018-04-16', 'Tuition classes', '2018-05-10 13:54:14', 1, 3, NULL, NULL),
(792, 39, 'PRESENT', '2018-04-16', 'Tuition classes', '2018-05-10 13:54:14', 1, 3, NULL, NULL),
(793, 23, 'PRESENT', '2018-04-16', 'Tuition classes', '2018-05-10 13:54:14', 1, 3, NULL, NULL),
(794, 140, 'PRESENT', '2018-04-16', 'Tuition classes', '2018-05-10 13:54:14', 1, 3, NULL, NULL),
(798, 89, 'PRESENT', '2018-04-16', 'Tuition classes', '2018-05-10 13:54:14', 1, 3, NULL, NULL),
(799, 33, 'PRESENT', '2018-04-16', 'Tuition classes', '2018-05-10 13:54:14', 1, 3, NULL, NULL),
(800, 88, 'PRESENT', '2018-04-16', 'Tuition classes', '2018-05-10 13:54:14', 1, 3, NULL, NULL),
(801, 153, 'PRESENT', '2018-04-16', 'Tuition classes', '2018-05-10 13:54:14', 1, 3, NULL, NULL),
(802, 141, 'PRESENT', '2018-04-16', 'Tuition classes', '2018-05-10 13:54:14', 1, 3, NULL, NULL),
(803, 8, 'PRESENT', '2018-04-16', 'Tuition classes', '2018-05-10 13:54:14', 1, 3, NULL, NULL),
(805, 101, 'PRESENT', '2018-04-16', 'Tuition classes', '2018-05-10 13:54:14', 1, 3, NULL, NULL),
(806, 104, 'PRESENT', '2018-04-16', 'Tuition classes', '2018-05-10 13:54:14', 1, 3, NULL, NULL),
(807, 37, 'ABSENT', '2018-04-16', 'Tuition classes', '2018-05-10 13:54:14', 1, 3, NULL, NULL),
(808, 110, 'PRESENT', '2018-04-16', 'Tuition classes', '2018-05-10 13:54:14', 1, 3, NULL, NULL),
(809, 46, 'PRESENT', '2018-04-16', 'Tuition classes', '2018-05-10 13:54:14', 1, 3, NULL, NULL),
(810, 85, 'PRESENT', '2018-04-16', 'Tuition classes', '2018-05-10 13:54:14', 1, 3, NULL, NULL),
(811, 28, 'PRESENT', '2018-04-16', 'Tuition classes', '2018-05-10 13:54:14', 1, 3, NULL, NULL),
(812, 44, 'PRESENT', '2018-04-16', 'Tuition classes', '2018-05-10 13:54:14', 1, 3, NULL, NULL),
(813, 93, 'ABSENT', '2018-04-16', 'Tuition classes', '2018-05-10 13:54:14', 1, 3, NULL, NULL),
(814, 83, 'ABSENT', '2018-04-16', 'Tuition classes', '2018-05-10 13:54:14', 1, 3, NULL, NULL),
(816, 90, 'PRESENT', '2018-04-16', 'Tuition classes', '2018-05-10 13:54:14', 1, 3, NULL, NULL),
(817, 10, 'ABSENT', '2018-04-16', 'Tuition classes', '2018-05-10 13:54:14', 1, 3, NULL, NULL),
(818, 92, 'PRESENT', '2018-04-16', 'Tuition classes', '2018-05-10 13:54:14', 1, 3, NULL, NULL),
(819, 102, 'PRESENT', '2018-04-16', 'Tuition classes', '2018-05-10 13:54:14', 1, 3, NULL, NULL),
(820, 126, 'PRESENT', '2018-04-16', 'Tuition classes', '2018-05-10 13:54:14', 1, 3, NULL, NULL),
(821, 42, 'ABSENT', '2018-04-16', 'Tuition classes', '2018-05-10 13:54:14', 1, 3, NULL, NULL),
(822, 6, 'ABSENT', '2018-04-16', 'Tuition classes', '2018-05-10 13:54:14', 1, 3, NULL, NULL),
(823, 103, 'PRESENT', '2018-04-16', 'Tuition classes', '2018-05-10 13:54:14', 1, 3, NULL, NULL),
(824, 43, 'PRESENT', '2018-04-16', 'Tuition classes', '2018-05-10 13:54:14', 1, 3, NULL, NULL),
(825, 109, 'PRESENT', '2018-04-16', 'Tuition classes', '2018-05-10 13:54:14', 1, 3, NULL, NULL),
(826, 94, 'PRESENT', '2018-04-16', 'Tuition classes', '2018-05-10 13:54:14', 1, 3, NULL, NULL),
(827, 7, 'PRESENT', '2018-04-16', 'Tuition classes', '2018-05-10 13:54:14', 1, 3, NULL, NULL),
(828, 38, 'PRESENT', '2018-04-16', 'Tuition classes', '2018-05-10 13:54:14', 1, 3, NULL, NULL),
(829, 24, 'PRESENT', '2018-04-16', 'Tuition classes', '2018-05-10 13:54:14', 1, 3, NULL, NULL),
(830, 27, 'PRESENT', '2018-04-16', 'Tuition classes', '2018-05-10 13:54:14', 1, 3, NULL, NULL),
(831, 29, 'ABSENT', '2018-04-16', 'Tuition classes', '2018-05-10 13:54:14', 1, 3, NULL, NULL),
(832, 84, 'PRESENT', '2018-04-16', 'Tuition classes', '2018-05-10 13:54:14', 1, 3, NULL, NULL),
(833, 26, 'PRESENT', '2018-04-16', 'Tuition classes', '2018-05-10 13:54:14', 1, 3, NULL, NULL),
(834, 139, 'PRESENT', '2018-04-16', 'Tuition classes', '2018-05-10 13:54:14', 1, 3, NULL, NULL),
(836, 17, 'PRESENT', '2018-04-18', 'Tuition classes', '2018-05-10 14:12:28', 1, 3, NULL, NULL),
(837, 131, 'PRESENT', '2018-04-18', 'Tuition classes', '2018-05-10 14:12:28', 1, 3, NULL, NULL),
(838, 13, 'PRESENT', '2018-04-18', 'Tuition classes', '2018-05-10 14:12:28', 1, 3, NULL, NULL),
(839, 148, 'ABSENT', '2018-04-18', 'Tuition classes', '2018-05-10 14:12:28', 1, 3, NULL, NULL),
(840, 145, 'PRESENT', '2018-04-18', 'Tuition classes', '2018-05-10 14:12:28', 1, 3, NULL, NULL),
(842, 99, 'PRESENT', '2018-04-18', 'Tuition classes', '2018-05-10 14:12:28', 1, 3, NULL, NULL),
(844, 34, 'PRESENT', '2018-04-18', 'Tuition classes', '2018-05-10 14:12:28', 1, 3, NULL, NULL),
(845, 125, 'PRESENT', '2018-04-18', 'Tuition classes', '2018-05-10 14:12:28', 1, 3, NULL, NULL),
(846, 30, 'PRESENT', '2018-04-18', 'Tuition classes', '2018-05-10 14:12:28', 1, 3, NULL, NULL),
(847, 144, 'PRESENT', '2018-04-18', 'Tuition classes', '2018-05-10 14:12:28', 1, 3, NULL, NULL),
(848, 31, 'ABSENT', '2018-04-18', 'Tuition classes', '2018-05-10 14:12:28', 1, 3, NULL, NULL),
(849, 149, 'PRESENT', '2018-04-18', 'Tuition classes', '2018-05-10 14:12:28', 1, 3, NULL, NULL),
(850, 12, 'PRESENT', '2018-04-18', 'Tuition classes', '2018-05-10 14:12:28', 1, 3, NULL, NULL),
(851, 147, 'PRESENT', '2018-04-18', 'Tuition classes', '2018-05-10 14:12:28', 1, 3, NULL, NULL),
(852, 128, 'PRESENT', '2018-04-18', 'Tuition classes', '2018-05-10 14:12:28', 1, 3, NULL, NULL),
(853, 21, 'PRESENT', '2018-04-18', 'Tuition classes', '2018-05-10 14:12:28', 1, 3, NULL, NULL),
(854, 18, 'PRESENT', '2018-04-18', 'Tuition classes', '2018-05-10 14:12:28', 1, 3, NULL, NULL),
(855, 118, 'PRESENT', '2018-04-18', 'Tuition classes', '2018-05-10 14:12:28', 1, 3, NULL, NULL),
(856, 122, 'ABSENT', '2018-04-18', 'Tuition classes', '2018-05-10 14:12:28', 1, 3, NULL, NULL),
(857, 121, 'PRESENT', '2018-04-18', 'Tuition classes', '2018-05-10 14:12:28', 1, 3, NULL, NULL),
(858, 100, 'PRESENT', '2018-04-18', 'Tuition classes', '2018-05-10 14:12:28', 1, 3, NULL, NULL),
(859, 130, 'PRESENT', '2018-04-18', 'Tuition classes', '2018-05-10 14:12:28', 1, 3, NULL, NULL),
(860, 150, 'PRESENT', '2018-04-18', 'Tuition classes', '2018-05-10 14:12:28', 1, 3, NULL, NULL),
(862, 127, 'PRESENT', '2018-04-18', 'Tuition classes', '2018-05-10 14:12:28', 1, 3, NULL, NULL),
(863, 5, 'PRESENT', '2018-04-18', 'Tuition classes', '2018-05-10 14:12:28', 1, 3, NULL, NULL),
(864, 15, 'PRESENT', '2018-04-18', 'Tuition classes', '2018-05-10 14:12:28', 1, 3, NULL, NULL),
(865, 124, 'PRESENT', '2018-04-18', 'Tuition classes', '2018-05-10 14:12:28', 1, 3, NULL, NULL),
(866, 98, 'PRESENT', '2018-04-18', 'Tuition classes', '2018-05-10 14:12:28', 1, 3, NULL, NULL),
(867, 22, 'PRESENT', '2018-04-18', 'Tuition classes', '2018-05-10 14:12:28', 1, 3, NULL, NULL),
(868, 11, 'ABSENT', '2018-04-18', 'Tuition classes', '2018-05-10 14:12:28', 1, 3, NULL, NULL),
(870, 14, 'ABSENT', '2018-04-18', 'Tuition classes', '2018-05-10 14:12:28', 1, 3, NULL, NULL),
(871, 25, 'ABSENT', '2018-04-18', 'Tuition classes', '2018-05-10 14:12:28', 1, 3, NULL, NULL),
(872, 119, 'PRESENT', '2018-04-18', 'Tuition classes', '2018-05-10 14:12:28', 1, 3, NULL, NULL),
(873, 32, 'PRESENT', '2018-04-18', 'Tuition classes', '2018-05-10 14:12:28', 1, 3, NULL, NULL),
(874, 123, 'PRESENT', '2018-04-18', 'Tuition classes', '2018-05-10 14:12:28', 1, 3, NULL, NULL),
(875, 132, 'PRESENT', '2018-04-18', 'Tuition classes', '2018-05-10 14:12:28', 1, 3, NULL, NULL),
(876, 41, 'ABSENT', '2018-04-18', 'Tuition classes', '2018-05-10 14:12:28', 1, 3, NULL, NULL),
(877, 133, 'PRESENT', '2018-04-18', 'Tuition classes', '2018-05-10 14:12:28', 1, 3, NULL, NULL),
(878, 120, 'PRESENT', '2018-04-18', 'Tuition classes', '2018-05-10 14:12:28', 1, 3, NULL, NULL),
(879, 136, 'PRESENT', '2018-04-18', 'Tuition classes', '2018-05-10 14:12:28', 1, 3, NULL, NULL),
(880, 16, 'PRESENT', '2018-04-18', 'Tuition classes', '2018-05-10 14:12:28', 1, 3, NULL, NULL),
(881, 20, 'ABSENT', '2018-04-18', 'Tuition classes', '2018-05-10 14:12:28', 1, 3, NULL, NULL),
(882, 152, 'PRESENT', '2018-04-18', 'Tuition classes', '2018-05-10 14:12:28', 1, 3, NULL, NULL),
(883, 135, 'PRESENT', '2018-04-18', 'Tuition classes', '2018-05-10 14:12:28', 1, 3, NULL, NULL),
(884, 146, 'PRESENT', '2018-04-18', 'Tuition classes', '2018-05-10 14:12:28', 1, 3, NULL, NULL),
(885, 19, 'PRESENT', '2018-04-18', 'Tuition classes', '2018-05-10 14:12:28', 1, 3, NULL, NULL),
(886, 40, 'PRESENT', '2018-04-18', 'Tuition classes', '2018-05-10 14:12:28', 1, 3, NULL, NULL),
(887, 134, 'PRESENT', '2018-04-18', 'Tuition classes', '2018-05-10 14:12:28', 1, 3, NULL, NULL),
(888, 129, 'PRESENT', '2018-04-18', 'Tuition classes', '2018-05-10 14:12:28', 1, 3, NULL, NULL),
(890, 143, 'ABSENT', '2018-04-18', 'Tuition classes', '2018-05-10 14:21:40', 1, 3, NULL, NULL),
(891, 142, 'ABSENT', '2018-04-18', 'Tuition classes', '2018-05-10 14:21:40', 1, 3, NULL, NULL),
(893, 91, 'PRESENT', '2018-04-18', 'Tuition classes', '2018-05-10 14:21:40', 1, 3, NULL, NULL),
(894, 2, 'ABSENT', '2018-04-18', 'Tuition classes', '2018-05-10 14:21:40', 1, 3, NULL, NULL),
(895, 39, 'PRESENT', '2018-04-18', 'Tuition classes', '2018-05-10 14:21:40', 1, 3, NULL, NULL),
(896, 23, 'PRESENT', '2018-04-18', 'Tuition classes', '2018-05-10 14:21:40', 1, 3, NULL, NULL),
(897, 140, 'ABSENT', '2018-04-18', 'Tuition classes', '2018-05-10 14:21:40', 1, 3, NULL, NULL),
(901, 89, 'PRESENT', '2018-04-18', 'Tuition classes', '2018-05-10 14:21:40', 1, 3, NULL, NULL),
(902, 33, 'PRESENT', '2018-04-18', 'Tuition classes', '2018-05-10 14:21:40', 1, 3, NULL, NULL),
(903, 153, 'ABSENT', '2018-04-18', 'Tuition classes', '2018-05-10 14:21:40', 1, 3, NULL, NULL),
(904, 141, 'ABSENT', '2018-04-18', 'Tuition classes', '2018-05-10 14:21:40', 1, 3, NULL, NULL),
(905, 8, 'ABSENT', '2018-04-18', 'Tuition classes', '2018-05-10 14:21:40', 1, 3, NULL, NULL),
(907, 101, 'PRESENT', '2018-04-18', 'Tuition classes', '2018-05-10 14:21:40', 1, 3, NULL, NULL),
(908, 104, 'PRESENT', '2018-04-18', 'Tuition classes', '2018-05-10 14:21:40', 1, 3, NULL, NULL),
(909, 37, 'PRESENT', '2018-04-18', 'Tuition classes', '2018-05-10 14:21:40', 1, 3, NULL, NULL),
(910, 110, 'PRESENT', '2018-04-18', 'Tuition classes', '2018-05-10 14:21:40', 1, 3, NULL, NULL),
(911, 46, 'PRESENT', '2018-04-18', 'Tuition classes', '2018-05-10 14:21:40', 1, 3, NULL, NULL),
(912, 85, 'PRESENT', '2018-04-18', 'Tuition classes', '2018-05-10 14:21:40', 1, 3, NULL, NULL),
(913, 28, 'ABSENT', '2018-04-18', 'Tuition classes', '2018-05-10 14:21:40', 1, 3, NULL, NULL),
(914, 44, 'PRESENT', '2018-04-18', 'Tuition classes', '2018-05-10 14:21:40', 1, 3, NULL, NULL),
(915, 93, 'ABSENT', '2018-04-18', 'Tuition classes', '2018-05-10 14:21:40', 1, 3, NULL, NULL),
(916, 83, 'ABSENT', '2018-04-18', 'Tuition classes', '2018-05-10 14:21:40', 1, 3, NULL, NULL),
(918, 90, 'PRESENT', '2018-04-18', 'Tuition classes', '2018-05-10 14:21:40', 1, 3, NULL, NULL),
(919, 10, 'ABSENT', '2018-04-18', 'Tuition classes', '2018-05-10 14:21:40', 1, 3, NULL, NULL),
(920, 92, 'PRESENT', '2018-04-18', 'Tuition classes', '2018-05-10 14:21:40', 1, 3, NULL, NULL),
(921, 102, 'PRESENT', '2018-04-18', 'Tuition classes', '2018-05-10 14:21:40', 1, 3, NULL, NULL),
(922, 126, 'PRESENT', '2018-04-18', 'Tuition classes', '2018-05-10 14:21:40', 1, 3, NULL, NULL),
(923, 42, 'ABSENT', '2018-04-18', 'Tuition classes', '2018-05-10 14:21:40', 1, 3, NULL, NULL),
(924, 6, 'ABSENT', '2018-04-18', 'Tuition classes', '2018-05-10 14:21:40', 1, 3, NULL, NULL),
(925, 103, 'PRESENT', '2018-04-18', 'Tuition classes', '2018-05-10 14:21:40', 1, 3, NULL, NULL),
(926, 86, 'ABSENT', '2018-04-18', 'Tuition classes', '2018-05-10 14:21:40', 1, 3, NULL, NULL),
(927, 109, 'PRESENT', '2018-04-18', 'Tuition classes', '2018-05-10 14:21:40', 1, 3, NULL, NULL),
(928, 94, 'PRESENT', '2018-04-18', 'Tuition classes', '2018-05-10 14:21:40', 1, 3, NULL, NULL),
(930, 7, 'ABSENT', '2018-04-18', 'Tuition classes', '2018-05-10 14:21:40', 1, 3, NULL, NULL),
(931, 38, 'PRESENT', '2018-04-18', 'Tuition classes', '2018-05-10 14:21:40', 1, 3, NULL, NULL),
(932, 24, 'PRESENT', '2018-04-18', 'Tuition classes', '2018-05-10 14:21:40', 1, 3, NULL, NULL),
(933, 27, 'ABSENT', '2018-04-18', 'Tuition classes', '2018-05-10 14:21:40', 1, 3, NULL, NULL),
(934, 29, 'ABSENT', '2018-04-18', 'Tuition classes', '2018-05-10 14:21:40', 1, 3, NULL, NULL),
(935, 84, 'PRESENT', '2018-04-18', 'Tuition classes', '2018-05-10 14:21:40', 1, 3, NULL, NULL),
(936, 26, 'ABSENT', '2018-04-18', 'Tuition classes', '2018-05-10 14:21:40', 1, 3, NULL, NULL),
(937, 139, 'ABSENT', '2018-04-18', 'Tuition classes', '2018-05-10 14:21:40', 1, 3, NULL, NULL),
(939, 17, 'ABSENT', '2018-04-23', 'Tuition classes', '2018-05-10 14:29:12', 1, 3, NULL, NULL),
(940, 131, 'PRESENT', '2018-04-23', 'Tuition classes', '2018-05-10 14:29:12', 1, 3, NULL, NULL),
(941, 13, 'ABSENT', '2018-04-23', 'Tuition classes', '2018-05-10 14:29:12', 1, 3, NULL, NULL),
(942, 148, 'ABSENT', '2018-04-23', 'Tuition classes', '2018-05-10 14:29:12', 1, 3, NULL, NULL),
(943, 145, 'PRESENT', '2018-04-23', 'Tuition classes', '2018-05-10 14:29:12', 1, 3, NULL, NULL),
(945, 99, 'PRESENT', '2018-04-23', 'Tuition classes', '2018-05-10 14:29:12', 1, 3, NULL, NULL),
(947, 34, 'PRESENT', '2018-04-23', 'Tuition classes', '2018-05-10 14:29:12', 1, 3, NULL, NULL),
(948, 125, 'ABSENT', '2018-04-23', 'Tuition classes', '2018-05-10 14:29:12', 1, 3, NULL, NULL),
(949, 30, 'PRESENT', '2018-04-23', 'Tuition classes', '2018-05-10 14:29:12', 1, 3, NULL, NULL),
(950, 144, 'PRESENT', '2018-04-23', 'Tuition classes', '2018-05-10 14:29:12', 1, 3, NULL, NULL),
(951, 31, 'ABSENT', '2018-04-23', 'Tuition classes', '2018-05-10 14:29:12', 1, 3, NULL, NULL),
(952, 149, 'PRESENT', '2018-04-23', 'Tuition classes', '2018-05-10 14:29:12', 1, 3, NULL, NULL),
(953, 12, 'PRESENT', '2018-04-23', 'Tuition classes', '2018-05-10 14:29:12', 1, 3, NULL, NULL),
(954, 147, 'PRESENT', '2018-04-23', 'Tuition classes', '2018-05-10 14:29:12', 1, 3, NULL, NULL),
(955, 128, 'PRESENT', '2018-04-23', 'Tuition classes', '2018-05-10 14:29:12', 1, 3, NULL, NULL),
(956, 21, 'PRESENT', '2018-04-23', 'Tuition classes', '2018-05-10 14:29:12', 1, 3, NULL, NULL),
(957, 18, 'PRESENT', '2018-04-23', 'Tuition classes', '2018-05-10 14:29:12', 1, 3, NULL, NULL),
(958, 118, 'PRESENT', '2018-04-23', 'Tuition classes', '2018-05-10 14:29:12', 1, 3, NULL, NULL),
(959, 122, 'ABSENT', '2018-04-23', 'Tuition classes', '2018-05-10 14:29:12', 1, 3, NULL, NULL),
(960, 121, 'PRESENT', '2018-04-23', 'Tuition classes', '2018-05-10 14:29:12', 1, 3, NULL, NULL),
(961, 100, 'PRESENT', '2018-04-23', 'Tuition classes', '2018-05-10 14:29:12', 1, 3, NULL, NULL),
(962, 130, 'PRESENT', '2018-04-23', 'Tuition classes', '2018-05-10 14:29:12', 1, 3, NULL, NULL),
(963, 150, 'PRESENT', '2018-04-23', 'Tuition classes', '2018-05-10 14:29:12', 1, 3, NULL, NULL),
(965, 127, 'PRESENT', '2018-04-23', 'Tuition classes', '2018-05-10 14:29:12', 1, 3, NULL, NULL),
(966, 5, 'ABSENT', '2018-04-23', 'Tuition classes', '2018-05-10 14:29:12', 1, 3, NULL, NULL),
(967, 15, 'ABSENT', '2018-04-23', 'Tuition classes', '2018-05-10 14:29:12', 1, 3, NULL, NULL),
(968, 124, 'ABSENT', '2018-04-23', 'Tuition classes', '2018-05-10 14:29:12', 1, 3, NULL, NULL),
(969, 98, 'ABSENT', '2018-04-23', 'Tuition classes', '2018-05-10 14:29:12', 1, 3, NULL, NULL),
(970, 22, 'ABSENT', '2018-04-23', 'Tuition classes', '2018-05-10 14:29:12', 1, 3, NULL, NULL),
(971, 11, 'ABSENT', '2018-04-23', 'Tuition classes', '2018-05-10 14:29:12', 1, 3, NULL, NULL),
(973, 25, 'ABSENT', '2018-04-23', 'Tuition classes', '2018-05-10 14:29:12', 1, 3, NULL, NULL),
(974, 119, 'PRESENT', '2018-04-23', 'Tuition classes', '2018-05-10 14:29:12', 1, 3, NULL, NULL),
(975, 32, 'PRESENT', '2018-04-23', 'Tuition classes', '2018-05-10 14:29:12', 1, 3, NULL, NULL),
(976, 123, 'ABSENT', '2018-04-23', 'Tuition classes', '2018-05-10 14:29:12', 1, 3, NULL, NULL),
(977, 132, 'PRESENT', '2018-04-23', 'Tuition classes', '2018-05-10 14:29:12', 1, 3, NULL, NULL),
(978, 41, 'PRESENT', '2018-04-23', 'Tuition classes', '2018-05-10 14:29:12', 1, 3, NULL, NULL),
(979, 133, 'PRESENT', '2018-04-23', 'Tuition classes', '2018-05-10 14:29:12', 1, 3, NULL, NULL),
(980, 120, 'ABSENT', '2018-04-23', 'Tuition classes', '2018-05-10 14:29:12', 1, 3, NULL, NULL),
(981, 136, 'PRESENT', '2018-04-23', 'Tuition classes', '2018-05-10 14:29:12', 1, 3, NULL, NULL),
(982, 16, 'PRESENT', '2018-04-23', 'Tuition classes', '2018-05-10 14:29:12', 1, 3, NULL, NULL),
(983, 20, 'PRESENT', '2018-04-23', 'Tuition classes', '2018-05-10 14:29:12', 1, 3, NULL, NULL),
(984, 152, 'PRESENT', '2018-04-23', 'Tuition classes', '2018-05-10 14:29:12', 1, 3, NULL, NULL),
(985, 135, 'PRESENT', '2018-04-23', 'Tuition classes', '2018-05-10 14:29:12', 1, 3, NULL, NULL),
(986, 146, 'PRESENT', '2018-04-23', 'Tuition classes', '2018-05-10 14:29:12', 1, 3, NULL, NULL),
(987, 19, 'PRESENT', '2018-04-23', 'Tuition classes', '2018-05-10 14:29:12', 1, 3, NULL, NULL),
(988, 40, 'PRESENT', '2018-04-23', 'Tuition classes', '2018-05-10 14:29:12', 1, 3, NULL, NULL),
(989, 134, 'PRESENT', '2018-04-23', 'Tuition classes', '2018-05-10 14:29:12', 1, 3, NULL, NULL),
(990, 129, 'PRESENT', '2018-04-23', 'Tuition classes', '2018-05-10 14:29:12', 1, 3, NULL, NULL),
(992, 17, 'PRESENT', '2017-09-16', ' Normal Saturday classes', '2018-05-11 09:17:47', 1, 3, NULL, NULL),
(993, 131, 'PRESENT', '2017-09-16', ' Normal Saturday classes', '2018-05-11 09:17:47', 1, 3, NULL, NULL),
(994, 13, 'PRESENT', '2017-09-16', ' Normal Saturday classes', '2018-05-11 09:17:47', 1, 3, NULL, NULL),
(995, 148, 'PRESENT', '2017-09-16', ' Normal Saturday classes', '2018-05-11 09:17:47', 1, 3, NULL, NULL),
(996, 145, 'PRESENT', '2017-09-16', ' Normal Saturday classes', '2018-05-11 09:17:47', 1, 3, NULL, NULL),
(998, 99, 'PRESENT', '2017-09-16', ' Normal Saturday classes', '2018-05-11 09:17:47', 1, 3, NULL, NULL),
(1000, 34, 'ABSENT', '2017-09-16', ' Normal Saturday classes', '2018-05-11 09:17:47', 1, 3, NULL, NULL),
(1001, 125, 'PRESENT', '2017-09-16', ' Normal Saturday classes', '2018-05-11 09:17:47', 1, 3, NULL, NULL),
(1002, 30, 'ABSENT', '2017-09-16', ' Normal Saturday classes', '2018-05-11 09:17:47', 1, 3, NULL, NULL),
(1003, 144, 'PRESENT', '2017-09-16', ' Normal Saturday classes', '2018-05-11 09:17:47', 1, 3, NULL, NULL),
(1004, 31, 'ABSENT', '2017-09-16', ' Normal Saturday classes', '2018-05-11 09:17:47', 1, 3, NULL, NULL),
(1005, 149, 'PRESENT', '2017-09-16', ' Normal Saturday classes', '2018-05-11 09:17:47', 1, 3, NULL, NULL),
(1006, 12, 'PRESENT', '2017-09-16', ' Normal Saturday classes', '2018-05-11 09:17:47', 1, 3, NULL, NULL),
(1007, 147, 'PRESENT', '2017-09-16', ' Normal Saturday classes', '2018-05-11 09:17:47', 1, 3, NULL, NULL),
(1008, 128, 'ABSENT', '2017-09-16', ' Normal Saturday classes', '2018-05-11 09:17:47', 1, 3, NULL, NULL),
(1009, 21, 'PRESENT', '2017-09-16', ' Normal Saturday classes', '2018-05-11 09:17:47', 1, 3, NULL, NULL),
(1010, 18, 'PRESENT', '2017-09-16', ' Normal Saturday classes', '2018-05-11 09:17:47', 1, 3, NULL, NULL),
(1011, 118, 'ABSENT', '2017-09-16', ' Normal Saturday classes', '2018-05-11 09:17:47', 1, 3, NULL, NULL),
(1012, 122, 'PRESENT', '2017-09-16', ' Normal Saturday classes', '2018-05-11 09:17:47', 1, 3, NULL, NULL),
(1013, 121, 'PRESENT', '2017-09-16', ' Normal Saturday classes', '2018-05-11 09:17:47', 1, 3, NULL, NULL),
(1014, 100, 'ABSENT', '2017-09-16', ' Normal Saturday classes', '2018-05-11 09:17:47', 1, 3, NULL, NULL),
(1015, 130, 'PRESENT', '2017-09-16', ' Normal Saturday classes', '2018-05-11 09:17:47', 1, 3, NULL, NULL),
(1016, 150, 'PRESENT', '2017-09-16', ' Normal Saturday classes', '2018-05-11 09:17:47', 1, 3, NULL, NULL),
(1018, 127, 'ABSENT', '2017-09-16', ' Normal Saturday classes', '2018-05-11 09:17:47', 1, 3, NULL, NULL),
(1019, 5, 'ABSENT', '2017-09-16', ' Normal Saturday classes', '2018-05-11 09:17:47', 1, 3, NULL, NULL),
(1020, 15, 'PRESENT', '2017-09-16', ' Normal Saturday classes', '2018-05-11 09:17:47', 1, 3, NULL, NULL),
(1021, 124, 'ABSENT', '2017-09-16', ' Normal Saturday classes', '2018-05-11 09:17:47', 1, 3, NULL, NULL),
(1022, 98, 'PRESENT', '2017-09-16', ' Normal Saturday classes', '2018-05-11 09:17:47', 1, 3, NULL, NULL),
(1023, 22, 'ABSENT', '2017-09-16', ' Normal Saturday classes', '2018-05-11 09:17:47', 1, 3, NULL, NULL),
(1024, 11, 'ABSENT', '2017-09-16', ' Normal Saturday classes', '2018-05-11 09:17:47', 1, 3, NULL, NULL),
(1026, 14, 'ABSENT', '2017-09-16', ' Normal Saturday classes', '2018-05-11 09:17:47', 1, 3, NULL, NULL),
(1027, 25, 'PRESENT', '2017-09-16', ' Normal Saturday classes', '2018-05-11 09:17:47', 1, 3, NULL, NULL),
(1028, 119, 'ABSENT', '2017-09-16', ' Normal Saturday classes', '2018-05-11 09:17:47', 1, 3, NULL, NULL),
(1029, 32, 'PRESENT', '2017-09-16', ' Normal Saturday classes', '2018-05-11 09:17:47', 1, 3, NULL, NULL),
(1030, 123, 'ABSENT', '2017-09-16', ' Normal Saturday classes', '2018-05-11 09:17:47', 1, 3, NULL, NULL),
(1031, 132, 'PRESENT', '2017-09-16', ' Normal Saturday classes', '2018-05-11 09:17:47', 1, 3, NULL, NULL),
(1032, 41, 'PRESENT', '2017-09-16', ' Normal Saturday classes', '2018-05-11 09:17:47', 1, 3, NULL, NULL),
(1033, 133, 'PRESENT', '2017-09-16', ' Normal Saturday classes', '2018-05-11 09:17:47', 1, 3, NULL, NULL),
(1034, 120, 'PRESENT', '2017-09-16', ' Normal Saturday classes', '2018-05-11 09:17:47', 1, 3, NULL, NULL),
(1035, 136, 'ABSENT', '2017-09-16', ' Normal Saturday classes', '2018-05-11 09:17:47', 1, 3, NULL, NULL),
(1036, 16, 'PRESENT', '2017-09-16', ' Normal Saturday classes', '2018-05-11 09:17:47', 1, 3, NULL, NULL),
(1037, 20, 'ABSENT', '2017-09-16', ' Normal Saturday classes', '2018-05-11 09:17:47', 1, 3, NULL, NULL),
(1038, 152, 'ABSENT', '2017-09-16', ' Normal Saturday classes', '2018-05-11 09:17:47', 1, 3, NULL, NULL),
(1039, 135, 'ABSENT', '2017-09-16', ' Normal Saturday classes', '2018-05-11 09:17:47', 1, 3, NULL, NULL),
(1040, 146, 'PRESENT', '2017-09-16', ' Normal Saturday classes', '2018-05-11 09:17:47', 1, 3, NULL, NULL),
(1041, 19, 'PRESENT', '2017-09-16', ' Normal Saturday classes', '2018-05-11 09:17:47', 1, 3, NULL, NULL),
(1042, 40, 'PRESENT', '2017-09-16', ' Normal Saturday classes', '2018-05-11 09:17:47', 1, 3, NULL, NULL),
(1043, 134, 'PRESENT', '2017-09-16', ' Normal Saturday classes', '2018-05-11 09:17:47', 1, 3, NULL, NULL),
(1044, 129, 'ABSENT', '2017-09-16', ' Normal Saturday classes', '2018-05-11 09:17:47', 1, 3, NULL, NULL),
(1046, 143, 'ABSENT', '2017-09-23', 'Normal Saturday classes', '2018-05-11 09:30:12', 1, 3, NULL, NULL),
(1047, 142, 'ABSENT', '2017-09-23', 'Normal Saturday classes', '2018-05-11 09:30:12', 1, 3, NULL, NULL),
(1049, 91, 'PRESENT', '2017-09-23', 'Normal Saturday classes', '2018-05-11 09:30:12', 1, 3, NULL, NULL),
(1050, 2, 'ABSENT', '2017-09-23', 'Normal Saturday classes', '2018-05-11 09:30:12', 1, 3, NULL, NULL),
(1051, 39, 'PRESENT', '2017-09-23', 'Normal Saturday classes', '2018-05-11 09:30:12', 1, 3, NULL, NULL),
(1052, 23, 'PRESENT', '2017-09-23', 'Normal Saturday classes', '2018-05-11 09:30:12', 1, 3, NULL, NULL),
(1053, 140, 'PRESENT', '2017-09-23', 'Normal Saturday classes', '2018-05-11 09:30:12', 1, 3, NULL, NULL),
(1057, 89, 'PRESENT', '2017-09-23', 'Normal Saturday classes', '2018-05-11 09:30:12', 1, 3, NULL, NULL),
(1058, 33, 'PRESENT', '2017-09-23', 'Normal Saturday classes', '2018-05-11 09:30:12', 1, 3, NULL, NULL),
(1059, 88, 'PRESENT', '2017-09-23', 'Normal Saturday classes', '2018-05-11 09:30:12', 1, 3, NULL, NULL),
(1060, 153, 'PRESENT', '2017-09-23', 'Normal Saturday classes', '2018-05-11 09:30:12', 1, 3, NULL, NULL),
(1061, 141, 'PRESENT', '2017-09-23', 'Normal Saturday classes', '2018-05-11 09:30:12', 1, 3, NULL, NULL),
(1062, 8, 'PRESENT', '2017-09-23', 'Normal Saturday classes', '2018-05-11 09:30:12', 1, 3, NULL, NULL),
(1064, 101, 'PRESENT', '2017-09-23', 'Normal Saturday classes', '2018-05-11 09:30:12', 1, 3, NULL, NULL),
(1065, 104, 'PRESENT', '2017-09-23', 'Normal Saturday classes', '2018-05-11 09:30:12', 1, 3, NULL, NULL),
(1066, 37, 'PRESENT', '2017-09-23', 'Normal Saturday classes', '2018-05-11 09:30:12', 1, 3, NULL, NULL),
(1067, 110, 'ABSENT', '2017-09-23', 'Normal Saturday classes', '2018-05-11 09:30:12', 1, 3, NULL, NULL),
(1068, 46, 'PRESENT', '2017-09-23', 'Normal Saturday classes', '2018-05-11 09:30:12', 1, 3, NULL, NULL),
(1069, 85, 'ABSENT', '2017-09-23', 'Normal Saturday classes', '2018-05-11 09:30:12', 1, 3, NULL, NULL),
(1070, 28, 'PRESENT', '2017-09-23', 'Normal Saturday classes', '2018-05-11 09:30:12', 1, 3, NULL, NULL),
(1071, 44, 'PRESENT', '2017-09-23', 'Normal Saturday classes', '2018-05-11 09:30:12', 1, 3, NULL, NULL),
(1072, 93, 'ABSENT', '2017-09-23', 'Normal Saturday classes', '2018-05-11 09:30:12', 1, 3, NULL, NULL),
(1073, 83, 'ABSENT', '2017-09-23', 'Normal Saturday classes', '2018-05-11 09:30:12', 1, 3, NULL, NULL),
(1075, 90, 'PRESENT', '2017-09-23', 'Normal Saturday classes', '2018-05-11 09:30:12', 1, 3, NULL, NULL),
(1076, 10, 'ABSENT', '2017-09-23', 'Normal Saturday classes', '2018-05-11 09:30:12', 1, 3, NULL, NULL),
(1077, 92, 'PRESENT', '2017-09-23', 'Normal Saturday classes', '2018-05-11 09:30:12', 1, 3, NULL, NULL),
(1078, 102, 'ABSENT', '2017-09-23', 'Normal Saturday classes', '2018-05-11 09:30:12', 1, 3, NULL, NULL),
(1079, 126, 'ABSENT', '2017-09-23', 'Normal Saturday classes', '2018-05-11 09:30:12', 1, 3, NULL, NULL),
(1080, 42, 'ABSENT', '2017-09-23', 'Normal Saturday classes', '2018-05-11 09:30:12', 1, 3, NULL, NULL),
(1081, 6, 'ABSENT', '2017-09-23', 'Normal Saturday classes', '2018-05-11 09:30:12', 1, 3, NULL, NULL),
(1082, 103, 'ABSENT', '2017-09-23', 'Normal Saturday classes', '2018-05-11 09:30:12', 1, 3, NULL, NULL),
(1083, 43, 'PRESENT', '2017-09-23', 'Normal Saturday classes', '2018-05-11 09:30:12', 1, 3, NULL, NULL),
(1084, 86, 'ABSENT', '2017-09-23', 'Normal Saturday classes', '2018-05-11 09:30:12', 1, 3, NULL, NULL),
(1085, 109, 'ABSENT', '2017-09-23', 'Normal Saturday classes', '2018-05-11 09:30:12', 1, 3, NULL, NULL),
(1086, 94, 'PRESENT', '2017-09-23', 'Normal Saturday classes', '2018-05-11 09:30:12', 1, 3, NULL, NULL),
(1088, 7, 'PRESENT', '2017-09-23', 'Normal Saturday classes', '2018-05-11 09:30:12', 1, 3, NULL, NULL),
(1089, 38, 'PRESENT', '2017-09-23', 'Normal Saturday classes', '2018-05-11 09:30:12', 1, 3, NULL, NULL),
(1090, 24, 'PRESENT', '2017-09-23', 'Normal Saturday classes', '2018-05-11 09:30:12', 1, 3, NULL, NULL),
(1091, 27, 'PRESENT', '2017-09-23', 'Normal Saturday classes', '2018-05-11 09:30:12', 1, 3, NULL, NULL),
(1092, 29, 'PRESENT', '2017-09-23', 'Normal Saturday classes', '2018-05-11 09:30:12', 1, 3, NULL, NULL),
(1093, 84, 'PRESENT', '2017-09-23', 'Normal Saturday classes', '2018-05-11 09:30:12', 1, 3, NULL, NULL),
(1094, 26, 'ABSENT', '2017-09-23', 'Normal Saturday classes', '2018-05-11 09:30:12', 1, 3, NULL, NULL),
(1095, 139, 'PRESENT', '2017-09-23', 'Normal Saturday classes', '2018-05-11 09:30:12', 1, 3, NULL, NULL),
(1097, 17, 'PRESENT', '2017-09-23', 'Normal Saturday classes', '2018-05-11 09:37:00', 1, 3, NULL, NULL),
(1098, 131, 'PRESENT', '2017-09-23', 'Normal Saturday classes', '2018-05-11 09:37:00', 1, 3, NULL, NULL),
(1099, 13, 'ABSENT', '2017-09-23', 'Normal Saturday classes', '2018-05-11 09:37:00', 1, 3, NULL, NULL),
(1100, 148, 'PRESENT', '2017-09-23', 'Normal Saturday classes', '2018-05-11 09:37:00', 1, 3, NULL, NULL),
(1101, 145, 'ABSENT', '2017-09-23', 'Normal Saturday classes', '2018-05-11 09:37:00', 1, 3, NULL, NULL),
(1103, 99, 'PRESENT', '2017-09-23', 'Normal Saturday classes', '2018-05-11 09:37:00', 1, 3, NULL, NULL),
(1105, 34, 'PRESENT', '2017-09-23', 'Normal Saturday classes', '2018-05-11 09:37:00', 1, 3, NULL, NULL),
(1106, 125, 'PRESENT', '2017-09-23', 'Normal Saturday classes', '2018-05-11 09:37:00', 1, 3, NULL, NULL),
(1107, 30, 'ABSENT', '2017-09-23', 'Normal Saturday classes', '2018-05-11 09:37:00', 1, 3, NULL, NULL),
(1108, 144, 'PRESENT', '2017-09-23', 'Normal Saturday classes', '2018-05-11 09:37:00', 1, 3, NULL, NULL),
(1109, 31, 'PRESENT', '2017-09-23', 'Normal Saturday classes', '2018-05-11 09:37:00', 1, 3, NULL, NULL),
(1110, 149, 'ABSENT', '2017-09-23', 'Normal Saturday classes', '2018-05-11 09:37:00', 1, 3, NULL, NULL),
(1111, 12, 'PRESENT', '2017-09-23', 'Normal Saturday classes', '2018-05-11 09:37:00', 1, 3, NULL, NULL),
(1112, 147, 'PRESENT', '2017-09-23', 'Normal Saturday classes', '2018-05-11 09:37:00', 1, 3, NULL, NULL),
(1113, 128, 'ABSENT', '2017-09-23', 'Normal Saturday classes', '2018-05-11 09:37:00', 1, 3, NULL, NULL),
(1114, 21, 'PRESENT', '2017-09-23', 'Normal Saturday classes', '2018-05-11 09:37:00', 1, 3, NULL, NULL),
(1115, 18, 'PRESENT', '2017-09-23', 'Normal Saturday classes', '2018-05-11 09:37:00', 1, 3, NULL, NULL),
(1116, 118, 'PRESENT', '2017-09-23', 'Normal Saturday classes', '2018-05-11 09:37:00', 1, 3, NULL, NULL),
(1117, 122, 'PRESENT', '2017-09-23', 'Normal Saturday classes', '2018-05-11 09:37:00', 1, 3, NULL, NULL),
(1118, 121, 'PRESENT', '2017-09-23', 'Normal Saturday classes', '2018-05-11 09:37:00', 1, 3, NULL, NULL),
(1119, 100, 'ABSENT', '2017-09-23', 'Normal Saturday classes', '2018-05-11 09:37:00', 1, 3, NULL, NULL),
(1120, 130, 'PRESENT', '2017-09-23', 'Normal Saturday classes', '2018-05-11 09:37:00', 1, 3, NULL, NULL),
(1121, 150, 'PRESENT', '2017-09-23', 'Normal Saturday classes', '2018-05-11 09:37:00', 1, 3, NULL, NULL),
(1123, 127, 'ABSENT', '2017-09-23', 'Normal Saturday classes', '2018-05-11 09:37:00', 1, 3, NULL, NULL),
(1124, 5, 'ABSENT', '2017-09-23', 'Normal Saturday classes', '2018-05-11 09:37:00', 1, 3, NULL, NULL),
(1125, 15, 'ABSENT', '2017-09-23', 'Normal Saturday classes', '2018-05-11 09:37:00', 1, 3, NULL, NULL),
(1126, 124, 'ABSENT', '2017-09-23', 'Normal Saturday classes', '2018-05-11 09:37:00', 1, 3, NULL, NULL),
(1127, 98, 'PRESENT', '2017-09-23', 'Normal Saturday classes', '2018-05-11 09:37:00', 1, 3, NULL, NULL),
(1128, 22, 'PRESENT', '2017-09-23', 'Normal Saturday classes', '2018-05-11 09:37:00', 1, 3, NULL, NULL),
(1129, 11, 'PRESENT', '2017-09-23', 'Normal Saturday classes', '2018-05-11 09:37:00', 1, 3, NULL, NULL),
(1131, 14, 'ABSENT', '2017-09-23', 'Normal Saturday classes', '2018-05-11 09:37:00', 1, 3, NULL, NULL),
(1132, 25, 'PRESENT', '2017-09-23', 'Normal Saturday classes', '2018-05-11 09:37:00', 1, 3, NULL, NULL),
(1133, 119, 'PRESENT', '2017-09-23', 'Normal Saturday classes', '2018-05-11 09:37:00', 1, 3, NULL, NULL),
(1134, 32, 'PRESENT', '2017-09-23', 'Normal Saturday classes', '2018-05-11 09:37:00', 1, 3, NULL, NULL),
(1135, 123, 'ABSENT', '2017-09-23', 'Normal Saturday classes', '2018-05-11 09:37:00', 1, 3, NULL, NULL),
(1136, 132, 'PRESENT', '2017-09-23', 'Normal Saturday classes', '2018-05-11 09:37:00', 1, 3, NULL, NULL),
(1137, 41, 'ABSENT', '2017-09-23', 'Normal Saturday classes', '2018-05-11 09:37:00', 1, 3, NULL, NULL),
(1138, 133, 'PRESENT', '2017-09-23', 'Normal Saturday classes', '2018-05-11 09:37:00', 1, 3, NULL, NULL),
(1139, 120, 'PRESENT', '2017-09-23', 'Normal Saturday classes', '2018-05-11 09:37:00', 1, 3, NULL, NULL),
(1140, 136, 'ABSENT', '2017-09-23', 'Normal Saturday classes', '2018-05-11 09:37:00', 1, 3, NULL, NULL),
(1141, 16, 'PRESENT', '2017-09-23', 'Normal Saturday classes', '2018-05-11 09:37:00', 1, 3, NULL, NULL),
(1142, 20, 'PRESENT', '2017-09-23', 'Normal Saturday classes', '2018-05-11 09:37:00', 1, 3, NULL, NULL),
(1143, 152, 'ABSENT', '2017-09-23', 'Normal Saturday classes', '2018-05-11 09:37:00', 1, 3, NULL, NULL),
(1144, 135, 'ABSENT', '2017-09-23', 'Normal Saturday classes', '2018-05-11 09:37:00', 1, 3, NULL, NULL),
(1145, 146, 'PRESENT', '2017-09-23', 'Normal Saturday classes', '2018-05-11 09:37:00', 1, 3, NULL, NULL),
(1146, 19, 'ABSENT', '2017-09-23', 'Normal Saturday classes', '2018-05-11 09:37:00', 1, 3, NULL, NULL),
(1147, 40, 'ABSENT', '2017-09-23', 'Normal Saturday classes', '2018-05-11 09:37:00', 1, 3, NULL, NULL),
(1148, 134, 'PRESENT', '2017-09-23', 'Normal Saturday classes', '2018-05-11 09:37:00', 1, 3, NULL, NULL),
(1149, 129, 'ABSENT', '2017-09-23', 'Normal Saturday classes', '2018-05-11 09:37:00', 1, 3, NULL, NULL),
(1151, 143, 'ABSENT', '2017-09-16', 'Normal Saturday classes', '2018-05-11 10:14:53', 1, 3, NULL, NULL),
(1152, 142, 'ABSENT', '2017-09-16', 'Normal Saturday classes', '2018-05-11 10:14:53', 1, 3, NULL, NULL),
(1154, 91, 'PRESENT', '2017-09-16', 'Normal Saturday classes', '2018-05-11 10:14:53', 1, 3, NULL, NULL),
(1155, 2, 'ABSENT', '2017-09-16', 'Normal Saturday classes', '2018-05-11 10:14:53', 1, 3, NULL, NULL),
(1156, 39, 'PRESENT', '2017-09-16', 'Normal Saturday classes', '2018-05-11 10:14:53', 1, 3, NULL, NULL),
(1157, 23, 'PRESENT', '2017-09-16', 'Normal Saturday classes', '2018-05-11 10:14:53', 1, 3, NULL, NULL),
(1158, 140, 'PRESENT', '2017-09-16', 'Normal Saturday classes', '2018-05-11 10:14:53', 1, 3, NULL, NULL),
(1162, 89, 'PRESENT', '2017-09-16', 'Normal Saturday classes', '2018-05-11 10:14:53', 1, 3, NULL, NULL),
(1163, 33, 'PRESENT', '2017-09-16', 'Normal Saturday classes', '2018-05-11 10:14:53', 1, 3, NULL, NULL),
(1164, 88, 'PRESENT', '2017-09-16', 'Normal Saturday classes', '2018-05-11 10:14:53', 1, 3, NULL, NULL),
(1165, 153, 'PRESENT', '2017-09-16', 'Normal Saturday classes', '2018-05-11 10:14:53', 1, 3, NULL, NULL),
(1166, 141, 'PRESENT', '2017-09-16', 'Normal Saturday classes', '2018-05-11 10:14:53', 1, 3, NULL, NULL),
(1167, 8, 'ABSENT', '2017-09-16', 'Normal Saturday classes', '2018-05-11 10:14:53', 1, 3, NULL, NULL),
(1169, 101, 'ABSENT', '2017-09-16', 'Normal Saturday classes', '2018-05-11 10:14:53', 1, 3, NULL, NULL),
(1170, 104, 'PRESENT', '2017-09-16', 'Normal Saturday classes', '2018-05-11 10:14:53', 1, 3, NULL, NULL),
(1171, 37, 'PRESENT', '2017-09-16', 'Normal Saturday classes', '2018-05-11 10:14:53', 1, 3, NULL, NULL),
(1172, 110, 'ABSENT', '2017-09-16', 'Normal Saturday classes', '2018-05-11 10:14:53', 1, 3, NULL, NULL),
(1173, 46, 'PRESENT', '2017-09-16', 'Normal Saturday classes', '2018-05-11 10:14:53', 1, 3, NULL, NULL),
(1174, 85, 'ABSENT', '2017-09-16', 'Normal Saturday classes', '2018-05-11 10:14:53', 1, 3, NULL, NULL),
(1175, 28, 'PRESENT', '2017-09-16', 'Normal Saturday classes', '2018-05-11 10:14:53', 1, 3, NULL, NULL),
(1176, 44, 'PRESENT', '2017-09-16', 'Normal Saturday classes', '2018-05-11 10:14:53', 1, 3, NULL, NULL),
(1177, 93, 'ABSENT', '2017-09-16', 'Normal Saturday classes', '2018-05-11 10:14:53', 1, 3, NULL, NULL),
(1178, 83, 'ABSENT', '2017-09-16', 'Normal Saturday classes', '2018-05-11 10:14:53', 1, 3, NULL, NULL),
(1180, 90, 'PRESENT', '2017-09-16', 'Normal Saturday classes', '2018-05-11 10:14:53', 1, 3, NULL, NULL),
(1181, 10, 'ABSENT', '2017-09-16', 'Normal Saturday classes', '2018-05-11 10:14:53', 1, 3, NULL, NULL),
(1182, 92, 'ABSENT', '2017-09-16', 'Normal Saturday classes', '2018-05-11 10:14:53', 1, 3, NULL, NULL),
(1183, 102, 'ABSENT', '2017-09-16', 'Normal Saturday classes', '2018-05-11 10:14:53', 1, 3, NULL, NULL);
INSERT INTO `menteeattendance` (`attendanceAutoId`, `attendanceMenteeId`, `attendanceStatus`, `attendanceDate`, `attendance_event_name`, `attendanceUpdated`, `creating_user_group_id`, `creating_user_id`, `last_update_user_id`, `last_update_user_group_id`) VALUES
(1184, 126, 'ABSENT', '2017-09-16', 'Normal Saturday classes', '2018-05-11 10:14:53', 1, 3, NULL, NULL),
(1185, 42, 'ABSENT', '2017-09-16', 'Normal Saturday classes', '2018-05-11 10:14:53', 1, 3, NULL, NULL),
(1186, 6, 'ABSENT', '2017-09-16', 'Normal Saturday classes', '2018-05-11 10:14:53', 1, 3, NULL, NULL),
(1187, 103, 'ABSENT', '2017-09-16', 'Normal Saturday classes', '2018-05-11 10:14:53', 1, 3, NULL, NULL),
(1188, 43, 'ABSENT', '2017-09-16', 'Normal Saturday classes', '2018-05-11 10:14:53', 1, 3, NULL, NULL),
(1189, 86, 'ABSENT', '2017-09-16', 'Normal Saturday classes', '2018-05-11 10:14:53', 1, 3, NULL, NULL),
(1190, 109, 'ABSENT', '2017-09-16', 'Normal Saturday classes', '2018-05-11 10:14:53', 1, 3, NULL, NULL),
(1191, 94, 'PRESENT', '2017-09-16', 'Normal Saturday classes', '2018-05-11 10:14:53', 1, 3, NULL, NULL),
(1193, 7, 'PRESENT', '2017-09-16', 'Normal Saturday classes', '2018-05-11 10:14:53', 1, 3, NULL, NULL),
(1194, 38, 'PRESENT', '2017-09-16', 'Normal Saturday classes', '2018-05-11 10:14:53', 1, 3, NULL, NULL),
(1195, 24, 'PRESENT', '2017-09-16', 'Normal Saturday classes', '2018-05-11 10:14:53', 1, 3, NULL, NULL),
(1196, 27, 'PRESENT', '2017-09-16', 'Normal Saturday classes', '2018-05-11 10:14:53', 1, 3, NULL, NULL),
(1197, 29, 'PRESENT', '2017-09-16', 'Normal Saturday classes', '2018-05-11 10:14:53', 1, 3, NULL, NULL),
(1198, 84, 'PRESENT', '2017-09-16', 'Normal Saturday classes', '2018-05-11 10:14:53', 1, 3, NULL, NULL),
(1199, 26, 'PRESENT', '2017-09-16', 'Normal Saturday classes', '2018-05-11 10:14:53', 1, 3, NULL, NULL),
(1200, 139, 'PRESENT', '2017-09-16', 'Normal Saturday classes', '2018-05-11 10:14:53', 1, 3, NULL, NULL),
(1202, 17, 'ABSENT', '2017-09-30', 'Normal Saturday classes', '2018-05-11 10:24:31', 1, 3, NULL, NULL),
(1203, 131, 'PRESENT', '2017-09-30', 'Normal Saturday classes', '2018-05-11 10:24:31', 1, 3, NULL, NULL),
(1204, 13, 'ABSENT', '2017-09-30', 'Normal Saturday classes', '2018-05-11 10:24:31', 1, 3, NULL, NULL),
(1205, 148, 'PRESENT', '2017-09-30', 'Normal Saturday classes', '2018-05-11 10:24:31', 1, 3, NULL, NULL),
(1206, 145, 'ABSENT', '2017-09-30', 'Normal Saturday classes', '2018-05-11 10:24:31', 1, 3, NULL, NULL),
(1208, 99, 'PRESENT', '2017-09-30', 'Normal Saturday classes', '2018-05-11 10:24:31', 1, 3, NULL, NULL),
(1210, 34, 'PRESENT', '2017-09-30', 'Normal Saturday classes', '2018-05-11 10:24:31', 1, 3, NULL, NULL),
(1211, 125, 'PRESENT', '2017-09-30', 'Normal Saturday classes', '2018-05-11 10:24:31', 1, 3, NULL, NULL),
(1212, 30, 'ABSENT', '2017-09-30', 'Normal Saturday classes', '2018-05-11 10:24:31', 1, 3, NULL, NULL),
(1213, 144, 'ABSENT', '2017-09-30', 'Normal Saturday classes', '2018-05-11 10:24:31', 1, 3, NULL, NULL),
(1214, 31, 'PRESENT', '2017-09-30', 'Normal Saturday classes', '2018-05-11 10:24:31', 1, 3, NULL, NULL),
(1215, 149, 'PRESENT', '2017-09-30', 'Normal Saturday classes', '2018-05-11 10:24:31', 1, 3, NULL, NULL),
(1216, 12, 'ABSENT', '2017-09-30', 'Normal Saturday classes', '2018-05-11 10:24:31', 1, 3, NULL, NULL),
(1217, 147, 'ABSENT', '2017-09-30', 'Normal Saturday classes', '2018-05-11 10:24:31', 1, 3, NULL, NULL),
(1218, 128, 'ABSENT', '2017-09-30', 'Normal Saturday classes', '2018-05-11 10:24:31', 1, 3, NULL, NULL),
(1219, 21, 'PRESENT', '2017-09-30', 'Normal Saturday classes', '2018-05-11 10:24:31', 1, 3, NULL, NULL),
(1220, 18, 'ABSENT', '2017-09-30', 'Normal Saturday classes', '2018-05-11 10:24:31', 1, 3, NULL, NULL),
(1221, 118, 'ABSENT', '2017-09-30', 'Normal Saturday classes', '2018-05-11 10:24:31', 1, 3, NULL, NULL),
(1222, 122, 'PRESENT', '2017-09-30', 'Normal Saturday classes', '2018-05-11 10:24:31', 1, 3, NULL, NULL),
(1223, 121, 'ABSENT', '2017-09-30', 'Normal Saturday classes', '2018-05-11 10:24:31', 1, 3, NULL, NULL),
(1224, 100, 'PRESENT', '2017-09-30', 'Normal Saturday classes', '2018-05-11 10:24:31', 1, 3, NULL, NULL),
(1225, 130, 'PRESENT', '2017-09-30', 'Normal Saturday classes', '2018-05-11 10:24:31', 1, 3, NULL, NULL),
(1226, 150, 'PRESENT', '2017-09-30', 'Normal Saturday classes', '2018-05-11 10:24:31', 1, 3, NULL, NULL),
(1228, 127, 'ABSENT', '2017-09-30', 'Normal Saturday classes', '2018-05-11 10:24:31', 1, 3, NULL, NULL),
(1229, 5, 'ABSENT', '2017-09-30', 'Normal Saturday classes', '2018-05-11 10:24:31', 1, 3, NULL, NULL),
(1230, 15, 'ABSENT', '2017-09-30', 'Normal Saturday classes', '2018-05-11 10:24:31', 1, 3, NULL, NULL),
(1231, 124, 'ABSENT', '2017-09-30', 'Normal Saturday classes', '2018-05-11 10:24:31', 1, 3, NULL, NULL),
(1232, 98, 'PRESENT', '2017-09-30', 'Normal Saturday classes', '2018-05-11 10:24:31', 1, 3, NULL, NULL),
(1233, 22, 'PRESENT', '2017-09-30', 'Normal Saturday classes', '2018-05-11 10:24:31', 1, 3, NULL, NULL),
(1234, 11, 'ABSENT', '2017-09-30', 'Normal Saturday classes', '2018-05-11 10:24:31', 1, 3, NULL, NULL),
(1236, 14, 'ABSENT', '2017-09-30', 'Normal Saturday classes', '2018-05-11 10:24:31', 1, 3, NULL, NULL),
(1237, 25, 'PRESENT', '2017-09-30', 'Normal Saturday classes', '2018-05-11 10:24:31', 1, 3, NULL, NULL),
(1238, 119, 'ABSENT', '2017-09-30', 'Normal Saturday classes', '2018-05-11 10:24:31', 1, 3, NULL, NULL),
(1239, 32, 'PRESENT', '2017-09-30', 'Normal Saturday classes', '2018-05-11 10:24:31', 1, 3, NULL, NULL),
(1240, 123, 'ABSENT', '2017-09-30', 'Normal Saturday classes', '2018-05-11 10:24:31', 1, 3, NULL, NULL),
(1241, 132, 'PRESENT', '2017-09-30', 'Normal Saturday classes', '2018-05-11 10:24:31', 1, 3, NULL, NULL),
(1242, 41, 'ABSENT', '2017-09-30', 'Normal Saturday classes', '2018-05-11 10:24:31', 1, 3, NULL, NULL),
(1243, 133, 'PRESENT', '2017-09-30', 'Normal Saturday classes', '2018-05-11 10:24:31', 1, 3, NULL, NULL),
(1244, 120, 'ABSENT', '2017-09-30', 'Normal Saturday classes', '2018-05-11 10:24:31', 1, 3, NULL, NULL),
(1245, 136, 'ABSENT', '2017-09-30', 'Normal Saturday classes', '2018-05-11 10:24:31', 1, 3, NULL, NULL),
(1246, 16, 'ABSENT', '2017-09-30', 'Normal Saturday classes', '2018-05-11 10:24:31', 1, 3, NULL, NULL),
(1247, 20, 'PRESENT', '2017-09-30', 'Normal Saturday classes', '2018-05-11 10:24:31', 1, 3, NULL, NULL),
(1248, 152, 'ABSENT', '2017-09-30', 'Normal Saturday classes', '2018-05-11 10:24:31', 1, 3, NULL, NULL),
(1249, 135, 'ABSENT', '2017-09-30', 'Normal Saturday classes', '2018-05-11 10:24:31', 1, 3, NULL, NULL),
(1250, 146, 'ABSENT', '2017-09-30', 'Normal Saturday classes', '2018-05-11 10:24:31', 1, 3, NULL, NULL),
(1251, 19, 'ABSENT', '2017-09-30', 'Normal Saturday classes', '2018-05-11 10:24:31', 1, 3, NULL, NULL),
(1252, 40, 'PRESENT', '2017-09-30', 'Normal Saturday classes', '2018-05-11 10:24:31', 1, 3, NULL, NULL),
(1253, 134, 'PRESENT', '2017-09-30', 'Normal Saturday classes', '2018-05-11 10:24:31', 1, 3, NULL, NULL),
(1254, 129, 'ABSENT', '2017-09-30', 'Normal Saturday classes', '2018-05-11 10:24:31', 1, 3, NULL, NULL),
(1256, 143, 'ABSENT', '2017-09-30', 'Normal Saturday classes', '2018-05-11 11:01:07', 1, 3, NULL, NULL),
(1257, 142, 'ABSENT', '2017-09-30', 'Normal Saturday classes', '2018-05-11 11:01:07', 1, 3, NULL, NULL),
(1259, 91, 'ABSENT', '2017-09-30', 'Normal Saturday classes', '2018-05-11 11:01:07', 1, 3, NULL, NULL),
(1260, 2, 'ABSENT', '2017-09-30', 'Normal Saturday classes', '2018-05-11 11:01:07', 1, 3, NULL, NULL),
(1261, 39, 'PRESENT', '2017-09-30', 'Normal Saturday classes', '2018-05-11 11:01:07', 1, 3, NULL, NULL),
(1262, 23, 'PRESENT', '2017-09-30', 'Normal Saturday classes', '2018-05-11 11:01:07', 1, 3, NULL, NULL),
(1263, 140, 'PRESENT', '2017-09-30', 'Normal Saturday classes', '2018-05-11 11:01:07', 1, 3, NULL, NULL),
(1267, 89, 'PRESENT', '2017-09-30', 'Normal Saturday classes', '2018-05-11 11:01:07', 1, 3, NULL, NULL),
(1268, 33, 'PRESENT', '2017-09-30', 'Normal Saturday classes', '2018-05-11 11:01:07', 1, 3, NULL, NULL),
(1269, 88, 'ABSENT', '2017-09-30', 'Normal Saturday classes', '2018-05-11 11:01:07', 1, 3, NULL, NULL),
(1270, 153, 'ABSENT', '2017-09-30', 'Normal Saturday classes', '2018-05-11 11:01:07', 1, 3, NULL, NULL),
(1271, 141, 'PRESENT', '2017-09-30', 'Normal Saturday classes', '2018-05-11 11:01:07', 1, 3, NULL, NULL),
(1272, 8, 'ABSENT', '2017-09-30', 'Normal Saturday classes', '2018-05-11 11:01:07', 1, 3, NULL, NULL),
(1274, 101, 'PRESENT', '2017-09-30', 'Normal Saturday classes', '2018-05-11 11:01:07', 1, 3, NULL, NULL),
(1275, 104, 'PRESENT', '2017-09-30', 'Normal Saturday classes', '2018-05-11 11:01:07', 1, 3, NULL, NULL),
(1276, 37, 'PRESENT', '2017-09-30', 'Normal Saturday classes', '2018-05-11 11:01:07', 1, 3, NULL, NULL),
(1277, 110, 'ABSENT', '2017-09-30', 'Normal Saturday classes', '2018-05-11 11:01:07', 1, 3, NULL, NULL),
(1278, 46, 'PRESENT', '2017-09-30', 'Normal Saturday classes', '2018-05-11 11:01:07', 1, 3, NULL, NULL),
(1279, 85, 'ABSENT', '2017-09-30', 'Normal Saturday classes', '2018-05-11 11:01:07', 1, 3, NULL, NULL),
(1280, 28, 'ABSENT', '2017-09-30', 'Normal Saturday classes', '2018-05-11 11:01:07', 1, 3, NULL, NULL),
(1281, 44, 'PRESENT', '2017-09-30', 'Normal Saturday classes', '2018-05-11 11:01:07', 1, 3, NULL, NULL),
(1282, 93, 'ABSENT', '2017-09-30', 'Normal Saturday classes', '2018-05-11 11:01:07', 1, 3, NULL, NULL),
(1283, 83, 'ABSENT', '2017-09-30', 'Normal Saturday classes', '2018-05-11 11:01:07', 1, 3, NULL, NULL),
(1285, 90, 'ABSENT', '2017-09-30', 'Normal Saturday classes', '2018-05-11 11:01:07', 1, 3, NULL, NULL),
(1286, 10, 'ABSENT', '2017-09-30', 'Normal Saturday classes', '2018-05-11 11:01:07', 1, 3, NULL, NULL),
(1287, 92, 'ABSENT', '2017-09-30', 'Normal Saturday classes', '2018-05-11 11:01:07', 1, 3, NULL, NULL),
(1288, 102, 'ABSENT', '2017-09-30', 'Normal Saturday classes', '2018-05-11 11:01:07', 1, 3, NULL, NULL),
(1289, 126, 'ABSENT', '2017-09-30', 'Normal Saturday classes', '2018-05-11 11:01:07', 1, 3, NULL, NULL),
(1290, 42, 'PRESENT', '2017-09-30', 'Normal Saturday classes', '2018-05-11 11:02:01', 1, 3, NULL, NULL),
(1291, 6, 'ABSENT', '2017-09-30', 'Normal Saturday classes', '2018-05-11 11:01:07', 1, 3, NULL, NULL),
(1292, 103, 'ABSENT', '2017-09-30', 'Normal Saturday classes', '2018-05-11 11:01:07', 1, 3, NULL, NULL),
(1293, 43, 'PRESENT', '2017-09-30', 'Normal Saturday classes', '2018-05-11 11:01:07', 1, 3, NULL, NULL),
(1294, 86, 'ABSENT', '2017-09-30', 'Normal Saturday classes', '2018-05-11 11:01:07', 1, 3, NULL, NULL),
(1295, 109, 'ABSENT', '2017-09-30', 'Normal Saturday classes', '2018-05-11 11:01:07', 1, 3, NULL, NULL),
(1296, 94, 'PRESENT', '2017-09-30', 'Normal Saturday classes', '2018-05-11 11:01:07', 1, 3, NULL, NULL),
(1298, 7, 'PRESENT', '2017-09-30', 'Normal Saturday classes', '2018-05-11 11:01:07', 1, 3, NULL, NULL),
(1299, 38, 'PRESENT', '2017-09-30', 'Normal Saturday classes', '2018-05-11 11:01:07', 1, 3, NULL, NULL),
(1300, 24, 'PRESENT', '2017-09-30', 'Normal Saturday classes', '2018-05-11 11:01:07', 1, 3, NULL, NULL),
(1301, 27, 'PRESENT', '2017-09-30', 'Normal Saturday classes', '2018-05-11 11:01:07', 1, 3, NULL, NULL),
(1302, 29, 'PRESENT', '2017-09-30', 'Normal Saturday classes', '2018-05-11 11:01:07', 1, 3, NULL, NULL),
(1303, 84, 'ABSENT', '2017-09-30', 'Normal Saturday classes', '2018-05-11 11:01:07', 1, 3, NULL, NULL),
(1304, 26, 'PRESENT', '2017-09-30', 'Normal Saturday classes', '2018-05-11 11:01:07', 1, 3, NULL, NULL),
(1305, 139, 'PRESENT', '2017-09-30', 'Normal Saturday classes', '2018-05-11 11:01:07', 1, 3, NULL, NULL),
(1307, 17, 'PRESENT', '2017-09-09', 'Normal Saturday classes', '2018-05-11 12:54:21', 1, 3, NULL, NULL),
(1308, 131, 'PRESENT', '2017-09-09', 'Normal Saturday classes', '2018-05-11 12:54:21', 1, 3, NULL, NULL),
(1309, 13, 'PRESENT', '2017-09-09', 'Normal Saturday classes', '2018-05-11 12:54:21', 1, 3, NULL, NULL),
(1310, 148, 'PRESENT', '2017-09-09', 'Normal Saturday classes', '2018-05-11 12:54:21', 1, 3, NULL, NULL),
(1311, 145, 'PRESENT', '2017-09-09', 'Normal Saturday classes', '2018-05-11 12:54:21', 1, 3, NULL, NULL),
(1313, 99, 'PRESENT', '2017-09-09', 'Normal Saturday classes', '2018-05-11 12:54:21', 1, 3, NULL, NULL),
(1315, 34, 'PRESENT', '2017-09-09', 'Normal Saturday classes', '2018-05-11 12:54:21', 1, 3, NULL, NULL),
(1316, 125, 'ABSENT', '2017-09-09', 'Normal Saturday classes', '2018-05-11 12:54:21', 1, 3, NULL, NULL),
(1317, 30, 'ABSENT', '2017-09-09', 'Normal Saturday classes', '2018-05-11 12:54:21', 1, 3, NULL, NULL),
(1318, 144, 'PRESENT', '2017-09-09', 'Normal Saturday classes', '2018-05-11 12:54:21', 1, 3, NULL, NULL),
(1319, 31, 'PRESENT', '2017-09-09', 'Normal Saturday classes', '2018-05-11 12:54:21', 1, 3, NULL, NULL),
(1320, 149, 'PRESENT', '2017-09-09', 'Normal Saturday classes', '2018-05-11 12:54:21', 1, 3, NULL, NULL),
(1321, 12, 'PRESENT', '2017-09-09', 'Normal Saturday classes', '2018-05-11 12:54:21', 1, 3, NULL, NULL),
(1322, 147, 'PRESENT', '2017-09-09', 'Normal Saturday classes', '2018-05-11 12:54:21', 1, 3, NULL, NULL),
(1323, 128, 'ABSENT', '2017-09-09', 'Normal Saturday classes', '2018-05-11 12:54:21', 1, 3, NULL, NULL),
(1324, 21, 'PRESENT', '2017-09-09', 'Normal Saturday classes', '2018-05-11 12:54:21', 1, 3, NULL, NULL),
(1325, 18, 'PRESENT', '2017-09-09', 'Normal Saturday classes', '2018-05-11 12:54:21', 1, 3, NULL, NULL),
(1326, 118, 'PRESENT', '2017-09-09', 'Normal Saturday classes', '2018-05-11 12:54:21', 1, 3, NULL, NULL),
(1327, 122, 'PRESENT', '2017-09-09', 'Normal Saturday classes', '2018-05-11 12:54:21', 1, 3, NULL, NULL),
(1328, 121, 'PRESENT', '2017-09-09', 'Normal Saturday classes', '2018-05-11 12:54:21', 1, 3, NULL, NULL),
(1329, 100, 'PRESENT', '2017-09-09', 'Normal Saturday classes', '2018-05-11 12:54:21', 1, 3, NULL, NULL),
(1330, 130, 'PRESENT', '2017-09-09', 'Normal Saturday classes', '2018-05-11 12:54:21', 1, 3, NULL, NULL),
(1331, 150, 'PRESENT', '2017-09-09', 'Normal Saturday classes', '2018-05-11 12:54:21', 1, 3, NULL, NULL),
(1333, 127, 'ABSENT', '2017-09-09', 'Normal Saturday classes', '2018-05-11 12:54:21', 1, 3, NULL, NULL),
(1334, 5, 'PRESENT', '2017-09-09', 'Normal Saturday classes', '2018-05-11 12:54:21', 1, 3, NULL, NULL),
(1335, 15, 'PRESENT', '2017-09-09', 'Normal Saturday classes', '2018-05-11 12:54:21', 1, 3, NULL, NULL),
(1336, 124, 'ABSENT', '2017-09-09', 'Normal Saturday classes', '2018-05-11 12:54:21', 1, 3, NULL, NULL),
(1337, 98, 'PRESENT', '2017-09-09', 'Normal Saturday classes', '2018-05-11 12:54:21', 1, 3, NULL, NULL),
(1338, 22, 'ABSENT', '2017-09-09', 'Normal Saturday classes', '2018-05-11 12:54:21', 1, 3, NULL, NULL),
(1339, 11, 'PRESENT', '2017-09-09', 'Normal Saturday classes', '2018-05-11 12:54:21', 1, 3, NULL, NULL),
(1341, 14, 'ABSENT', '2017-09-09', 'Normal Saturday classes', '2018-05-11 12:54:21', 1, 3, NULL, NULL),
(1342, 25, 'PRESENT', '2017-09-09', 'Normal Saturday classes', '2018-05-11 12:54:21', 1, 3, NULL, NULL),
(1343, 119, 'PRESENT', '2017-09-09', 'Normal Saturday classes', '2018-05-11 12:54:21', 1, 3, NULL, NULL),
(1344, 32, 'PRESENT', '2017-09-09', 'Normal Saturday classes', '2018-05-11 12:54:21', 1, 3, NULL, NULL),
(1345, 123, 'ABSENT', '2017-09-09', 'Normal Saturday classes', '2018-05-11 12:54:21', 1, 3, NULL, NULL),
(1346, 132, 'PRESENT', '2017-09-09', 'Normal Saturday classes', '2018-05-11 12:54:21', 1, 3, NULL, NULL),
(1347, 41, 'ABSENT', '2017-09-09', 'Normal Saturday classes', '2018-05-11 12:54:21', 1, 3, NULL, NULL),
(1348, 133, 'PRESENT', '2017-09-09', 'Normal Saturday classes', '2018-05-11 12:54:21', 1, 3, NULL, NULL),
(1349, 120, 'PRESENT', '2017-09-09', 'Normal Saturday classes', '2018-05-11 12:54:21', 1, 3, NULL, NULL),
(1350, 136, 'ABSENT', '2017-09-09', 'Normal Saturday classes', '2018-05-11 12:54:21', 1, 3, NULL, NULL),
(1351, 16, 'PRESENT', '2017-09-09', 'Normal Saturday classes', '2018-05-11 12:54:21', 1, 3, NULL, NULL),
(1352, 20, 'PRESENT', '2017-09-09', 'Normal Saturday classes', '2018-05-11 12:54:21', 1, 3, NULL, NULL),
(1353, 152, 'ABSENT', '2017-09-09', 'Normal Saturday classes', '2018-05-11 12:54:21', 1, 3, NULL, NULL),
(1354, 135, 'ABSENT', '2017-09-09', 'Normal Saturday classes', '2018-05-11 12:54:21', 1, 3, NULL, NULL),
(1355, 146, 'ABSENT', '2017-09-09', 'Normal Saturday classes', '2018-05-11 12:54:21', 1, 3, NULL, NULL),
(1356, 19, 'PRESENT', '2017-09-09', 'Normal Saturday classes', '2018-05-11 12:54:21', 1, 3, NULL, NULL),
(1357, 40, 'PRESENT', '2017-09-09', 'Normal Saturday classes', '2018-05-11 12:54:21', 1, 3, NULL, NULL),
(1358, 134, 'PRESENT', '2017-09-09', 'Normal Saturday classes', '2018-05-11 12:54:21', 1, 3, NULL, NULL),
(1359, 129, 'ABSENT', '2017-09-09', 'Normal Saturday classes', '2018-05-11 12:54:21', 1, 3, NULL, NULL),
(1361, 143, 'ABSENT', '2017-09-09', 'Normal Sturday classes', '2018-05-11 13:05:12', 1, 3, NULL, NULL),
(1362, 142, 'ABSENT', '2017-09-09', 'Normal Sturday classes', '2018-05-11 13:05:12', 1, 3, NULL, NULL),
(1364, 91, 'PRESENT', '2017-09-09', 'Normal Sturday classes', '2018-05-11 13:05:12', 1, 3, NULL, NULL),
(1365, 2, 'ABSENT', '2017-09-09', 'Normal Sturday classes', '2018-05-11 13:05:12', 1, 3, NULL, NULL),
(1366, 39, 'PRESENT', '2017-09-09', 'Normal Sturday classes', '2018-05-11 13:05:12', 1, 3, NULL, NULL),
(1367, 23, 'PRESENT', '2017-09-09', 'Normal Sturday classes', '2018-05-11 13:05:12', 1, 3, NULL, NULL),
(1368, 140, 'ABSENT', '2017-09-09', 'Normal Sturday classes', '2018-05-11 13:05:12', 1, 3, NULL, NULL),
(1372, 89, 'PRESENT', '2017-09-09', 'Normal Sturday classes', '2018-05-11 13:05:12', 1, 3, NULL, NULL),
(1373, 33, 'PRESENT', '2017-09-09', 'Normal Sturday classes', '2018-05-11 13:05:12', 1, 3, NULL, NULL),
(1374, 88, 'ABSENT', '2017-09-09', 'Normal Sturday classes', '2018-05-11 13:05:12', 1, 3, NULL, NULL),
(1375, 153, 'PRESENT', '2017-09-09', 'Normal Sturday classes', '2018-05-11 13:05:12', 1, 3, NULL, NULL),
(1376, 141, 'PRESENT', '2017-09-09', 'Normal Sturday classes', '2018-05-11 13:05:12', 1, 3, NULL, NULL),
(1377, 8, 'ABSENT', '2017-09-09', 'Normal Sturday classes', '2018-05-11 13:05:12', 1, 3, NULL, NULL),
(1379, 101, 'PRESENT', '2017-09-09', 'Normal Sturday classes', '2018-05-11 13:05:12', 1, 3, NULL, NULL),
(1380, 104, 'PRESENT', '2017-09-09', 'Normal Sturday classes', '2018-05-11 13:05:12', 1, 3, NULL, NULL),
(1381, 37, 'PRESENT', '2017-09-09', 'Normal Sturday classes', '2018-05-11 13:05:12', 1, 3, NULL, NULL),
(1382, 110, 'ABSENT', '2017-09-09', 'Normal Sturday classes', '2018-05-11 13:05:12', 1, 3, NULL, NULL),
(1383, 46, 'PRESENT', '2017-09-09', 'Normal Sturday classes', '2018-05-11 13:05:12', 1, 3, NULL, NULL),
(1384, 85, 'ABSENT', '2017-09-09', 'Normal Sturday classes', '2018-05-11 13:05:12', 1, 3, NULL, NULL),
(1385, 28, 'PRESENT', '2017-09-09', 'Normal Sturday classes', '2018-05-11 13:05:12', 1, 3, NULL, NULL),
(1386, 44, 'PRESENT', '2017-09-09', 'Normal Sturday classes', '2018-05-11 13:05:12', 1, 3, NULL, NULL),
(1387, 93, 'ABSENT', '2017-09-09', 'Normal Sturday classes', '2018-05-11 13:05:12', 1, 3, NULL, NULL),
(1388, 83, 'ABSENT', '2017-09-09', 'Normal Sturday classes', '2018-05-11 13:05:12', 1, 3, NULL, NULL),
(1390, 90, 'PRESENT', '2017-09-09', 'Normal Sturday classes', '2018-05-11 13:05:12', 1, 3, NULL, NULL),
(1391, 10, 'ABSENT', '2017-09-09', 'Normal Sturday classes', '2018-05-11 13:05:12', 1, 3, NULL, NULL),
(1392, 92, 'PRESENT', '2017-09-09', 'Normal Sturday classes', '2018-05-11 13:05:12', 1, 3, NULL, NULL),
(1393, 102, 'ABSENT', '2017-09-09', 'Normal Sturday classes', '2018-05-11 13:05:12', 1, 3, NULL, NULL),
(1394, 126, 'ABSENT', '2017-09-09', 'Normal Sturday classes', '2018-05-11 13:05:12', 1, 3, NULL, NULL),
(1395, 42, 'ABSENT', '2017-09-09', 'Normal Sturday classes', '2018-05-11 13:05:12', 1, 3, NULL, NULL),
(1396, 6, 'ABSENT', '2017-09-09', 'Normal Sturday classes', '2018-05-11 13:05:12', 1, 3, NULL, NULL),
(1397, 103, 'ABSENT', '2017-09-09', 'Normal Sturday classes', '2018-05-11 13:05:12', 1, 3, NULL, NULL),
(1398, 43, 'PRESENT', '2017-09-09', 'Normal Sturday classes', '2018-05-11 13:05:12', 1, 3, NULL, NULL),
(1399, 86, 'ABSENT', '2017-09-09', 'Normal Sturday classes', '2018-05-11 13:05:12', 1, 3, NULL, NULL),
(1400, 109, 'ABSENT', '2017-09-09', 'Normal Sturday classes', '2018-05-11 13:05:12', 1, 3, NULL, NULL),
(1401, 94, 'PRESENT', '2017-09-09', 'Normal Sturday classes', '2018-05-11 13:05:12', 1, 3, NULL, NULL),
(1403, 7, 'PRESENT', '2017-09-09', 'Normal Sturday classes', '2018-05-11 13:05:12', 1, 3, NULL, NULL),
(1404, 38, 'PRESENT', '2017-09-09', 'Normal Sturday classes', '2018-05-11 13:05:12', 1, 3, NULL, NULL),
(1405, 24, 'PRESENT', '2017-09-09', 'Normal Sturday classes', '2018-05-11 13:05:12', 1, 3, NULL, NULL),
(1406, 27, 'PRESENT', '2017-09-09', 'Normal Sturday classes', '2018-05-11 13:05:12', 1, 3, NULL, NULL),
(1407, 29, 'PRESENT', '2017-09-09', 'Normal Sturday classes', '2018-05-11 13:05:12', 1, 3, NULL, NULL),
(1408, 84, 'PRESENT', '2017-09-09', 'Normal Sturday classes', '2018-05-11 13:05:12', 1, 3, NULL, NULL),
(1409, 26, 'PRESENT', '2017-09-09', 'Normal Sturday classes', '2018-05-11 13:05:12', 1, 3, NULL, NULL),
(1410, 139, 'ABSENT', '2017-09-09', 'Normal Sturday classes', '2018-05-11 13:05:12', 1, 3, NULL, NULL),
(1411, 75, 'PRESENT', '2018-05-12', 'Normal Saturday classes', '2018-05-14 06:31:53', 1, 3, NULL, NULL),
(1412, 68, 'PRESENT', '2018-05-12', 'Normal Saturday classes', '2018-05-14 06:31:53', 1, 3, NULL, NULL),
(1413, 73, 'PRESENT', '2018-05-12', 'Normal Saturday classes', '2018-05-14 06:31:53', 1, 3, NULL, NULL),
(1414, 114, 'PRESENT', '2018-05-12', 'Normal Saturday classes', '2018-05-14 06:31:53', 1, 3, NULL, NULL),
(1415, 95, 'PRESENT', '2018-05-12', 'Normal Saturday classes', '2018-05-14 06:31:53', 1, 3, NULL, NULL),
(1416, 96, 'PRESENT', '2018-05-12', 'Normal Saturday classes', '2018-05-14 06:31:53', 1, 3, NULL, NULL),
(1417, 60, 'PRESENT', '2018-05-12', 'Normal Saturday classes', '2018-05-14 06:31:53', 1, 3, NULL, NULL),
(1419, 50, 'PRESENT', '2018-05-12', 'Normal Saturday classes', '2018-05-14 06:31:53', 1, 3, NULL, NULL),
(1420, 69, 'PRESENT', '2018-05-12', 'Normal Saturday classes', '2018-05-14 06:31:53', 1, 3, NULL, NULL),
(1421, 59, 'PRESENT', '2018-05-12', 'Normal Saturday classes', '2018-05-14 06:31:53', 1, 3, NULL, NULL),
(1423, 105, 'ABSENT', '2018-05-12', 'Normal Saturday classes', '2018-05-14 06:31:53', 1, 3, NULL, NULL),
(1424, 106, 'PRESENT', '2018-05-12', 'Normal Saturday classes', '2018-05-14 06:31:53', 1, 3, NULL, NULL),
(1425, 52, 'PRESENT', '2018-05-12', 'Normal Saturday classes', '2018-05-14 06:31:53', 1, 3, NULL, NULL),
(1427, 63, 'PRESENT', '2018-05-12', 'Normal Saturday classes', '2018-05-14 06:31:53', 1, 3, NULL, NULL),
(1428, 112, 'PRESENT', '2018-05-12', 'Normal Saturday classes', '2018-05-14 06:31:53', 1, 3, NULL, NULL),
(1429, 80, 'ABSENT', '2018-05-12', 'Normal Saturday classes', '2018-05-14 06:31:53', 1, 3, NULL, NULL),
(1430, 115, 'PRESENT', '2018-05-12', 'Normal Saturday classes', '2018-05-14 06:31:53', 1, 3, NULL, NULL),
(1431, 49, 'PRESENT', '2018-05-12', 'Normal Saturday classes', '2018-05-14 06:31:53', 1, 3, NULL, NULL),
(1432, 56, 'PRESENT', '2018-05-12', 'Normal Saturday classes', '2018-05-14 06:31:53', 1, 3, NULL, NULL),
(1433, 97, 'PRESENT', '2018-05-12', 'Normal Saturday classes', '2018-05-14 06:31:53', 1, 3, NULL, NULL),
(1434, 76, 'PRESENT', '2018-05-12', 'Normal Saturday classes', '2018-05-14 06:31:53', 1, 3, NULL, NULL),
(1435, 78, 'PRESENT', '2018-05-12', 'Normal Saturday classes', '2018-05-14 06:31:53', 1, 3, NULL, NULL),
(1436, 64, 'PRESENT', '2018-05-12', 'Normal Saturday classes', '2018-05-14 06:31:53', 1, 3, NULL, NULL),
(1437, 65, 'PRESENT', '2018-05-12', 'Normal Saturday classes', '2018-05-14 06:31:53', 1, 3, NULL, NULL),
(1438, 67, 'PRESENT', '2018-05-12', 'Normal Saturday classes', '2018-05-14 06:31:53', 1, 3, NULL, NULL),
(1439, 111, 'ABSENT', '2018-05-12', 'Normal Saturday classes', '2018-05-14 06:31:53', 1, 3, NULL, NULL),
(1440, 71, 'PRESENT', '2018-05-12', 'Normal Saturday classes', '2018-05-14 06:31:53', 1, 3, NULL, NULL),
(1441, 61, 'PRESENT', '2018-05-12', 'Normal Saturday classes', '2018-05-14 06:31:53', 1, 3, NULL, NULL),
(1442, 117, 'PRESENT', '2018-05-12', 'Normal Saturday classes', '2018-05-14 06:31:53', 1, 3, NULL, NULL),
(1443, 74, 'PRESENT', '2018-05-12', 'Normal Saturday classes', '2018-05-14 06:31:53', 1, 3, NULL, NULL),
(1444, 58, 'ABSENT', '2018-05-12', 'Normal Saturday classes', '2018-05-14 06:31:53', 1, 3, NULL, NULL),
(1445, 51, 'PRESENT', '2018-05-12', 'Normal Saturday classes', '2018-05-14 06:31:53', 1, 3, NULL, NULL),
(1446, 72, 'PRESENT', '2018-05-12', 'Normal Saturday classes', '2018-05-14 06:31:53', 1, 3, NULL, NULL),
(1447, 57, 'ABSENT', '2018-05-12', 'Normal Saturday classes', '2018-05-14 06:31:53', 1, 3, NULL, NULL),
(1448, 77, 'PRESENT', '2018-05-12', 'Normal Saturday classes', '2018-05-14 06:31:53', 1, 3, NULL, NULL),
(1449, 55, 'PRESENT', '2018-05-12', 'Normal Saturday classes', '2018-05-14 06:31:53', 1, 3, NULL, NULL),
(1450, 54, 'PRESENT', '2018-05-12', 'Normal Saturday classes', '2018-05-14 06:31:53', 1, 3, NULL, NULL),
(1451, 62, 'PRESENT', '2018-05-12', 'Normal Saturday classes', '2018-05-14 06:31:53', 1, 3, NULL, NULL),
(1452, 70, 'PRESENT', '2018-05-12', 'Normal Saturday classes', '2018-05-14 06:31:53', 1, 3, NULL, NULL),
(1453, 151, 'PRESENT', '2018-05-12', 'Normal Saturday classes', '2018-05-14 06:31:53', 1, 3, NULL, NULL),
(1454, 47, 'PRESENT', '2018-05-12', 'Normal Saturday classes', '2018-05-14 06:31:53', 1, 3, NULL, NULL),
(1455, 116, 'PRESENT', '2018-05-12', 'Normal Saturday classes', '2018-05-14 06:31:53', 1, 3, NULL, NULL),
(1456, 87, 'PRESENT', '2018-05-12', 'Normal Saturday classes', '2018-05-14 06:31:53', 1, 3, NULL, NULL),
(1457, 66, 'PRESENT', '2018-05-12', 'Normal Saturday classes', '2018-05-14 06:31:53', 1, 3, NULL, NULL),
(1458, 53, 'PRESENT', '2018-05-12', 'Normal Saturday classes', '2018-05-14 06:31:53', 1, 3, NULL, NULL),
(1459, 48, 'PRESENT', '2018-05-12', 'Normal Saturday classes', '2018-05-14 06:31:53', 1, 3, NULL, NULL),
(1461, 17, 'ABSENT', '2018-05-12', 'Normal Saturday classes', '2018-05-14 07:52:34', 1, 3, NULL, NULL),
(1462, 131, 'PRESENT', '2018-05-12', 'Normal Saturday classes', '2018-05-14 07:52:34', 1, 3, NULL, NULL),
(1463, 13, 'PRESENT', '2018-05-12', 'Normal Saturday classes', '2018-05-14 07:52:34', 1, 3, NULL, NULL),
(1464, 148, 'ABSENT', '2018-05-12', 'Normal Saturday classes', '2018-05-14 07:52:34', 1, 3, NULL, NULL),
(1465, 145, 'PRESENT', '2018-05-12', 'Normal Saturday classes', '2018-05-14 07:52:34', 1, 3, NULL, NULL),
(1467, 99, 'PRESENT', '2018-05-12', 'Normal Saturday classes', '2018-05-14 07:52:34', 1, 3, NULL, NULL),
(1469, 34, 'PRESENT', '2018-05-12', 'Normal Saturday classes', '2018-05-14 07:52:34', 1, 3, NULL, NULL),
(1470, 125, 'ABSENT', '2018-05-12', 'Normal Saturday classes', '2018-05-14 07:52:34', 1, 3, NULL, NULL),
(1471, 30, 'PRESENT', '2018-05-12', 'Normal Saturday classes', '2018-05-14 07:52:34', 1, 3, NULL, NULL),
(1472, 144, 'PRESENT', '2018-05-12', 'Normal Saturday classes', '2018-05-14 07:52:34', 1, 3, NULL, NULL),
(1473, 31, 'PRESENT', '2018-05-12', 'Normal Saturday classes', '2018-05-14 07:52:34', 1, 3, NULL, NULL),
(1474, 149, 'PRESENT', '2018-05-12', 'Normal Saturday classes', '2018-05-14 07:52:34', 1, 3, NULL, NULL),
(1475, 12, 'ABSENT', '2018-05-12', 'Normal Saturday classes', '2018-05-14 07:52:34', 1, 3, NULL, NULL),
(1476, 147, 'PRESENT', '2018-05-12', 'Normal Saturday classes', '2018-05-14 07:52:34', 1, 3, NULL, NULL),
(1477, 128, 'PRESENT', '2018-05-12', 'Normal Saturday classes', '2018-05-14 07:52:34', 1, 3, NULL, NULL),
(1478, 21, 'PRESENT', '2018-05-12', 'Normal Saturday classes', '2018-05-14 07:52:34', 1, 3, NULL, NULL),
(1479, 18, 'ABSENT', '2018-05-12', 'Normal Saturday classes', '2018-05-14 07:52:34', 1, 3, NULL, NULL),
(1480, 118, 'PRESENT', '2018-05-12', 'Normal Saturday classes', '2018-05-14 07:52:34', 1, 3, NULL, NULL),
(1481, 122, 'ABSENT', '2018-05-12', 'Normal Saturday classes', '2018-05-14 07:52:34', 1, 3, NULL, NULL),
(1482, 121, 'PRESENT', '2018-05-12', 'Normal Saturday classes', '2018-05-14 07:52:34', 1, 3, NULL, NULL),
(1483, 100, 'PRESENT', '2018-05-12', 'Normal Saturday classes', '2018-05-14 07:52:34', 1, 3, NULL, NULL),
(1484, 130, 'ABSENT', '2018-05-12', 'Normal Saturday classes', '2018-05-14 07:52:34', 1, 3, NULL, NULL),
(1485, 150, 'PRESENT', '2018-05-12', 'Normal Saturday classes', '2018-05-14 07:52:34', 1, 3, NULL, NULL),
(1487, 127, 'PRESENT', '2018-05-12', 'Normal Saturday classes', '2018-05-14 07:52:34', 1, 3, NULL, NULL),
(1488, 5, 'ABSENT', '2018-05-12', 'Normal Saturday classes', '2018-05-14 07:52:34', 1, 3, NULL, NULL),
(1489, 15, 'ABSENT', '2018-05-12', 'Normal Saturday classes', '2018-05-14 07:52:34', 1, 3, NULL, NULL),
(1490, 124, 'PRESENT', '2018-05-12', 'Normal Saturday classes', '2018-05-14 07:52:34', 1, 3, NULL, NULL),
(1491, 98, 'PRESENT', '2018-05-12', 'Normal Saturday classes', '2018-05-14 07:52:34', 1, 3, NULL, NULL),
(1492, 22, 'ABSENT', '2018-05-12', 'Normal Saturday classes', '2018-05-14 07:52:34', 1, 3, NULL, NULL),
(1493, 11, 'PRESENT', '2018-05-12', 'Normal Saturday classes', '2018-05-14 07:52:34', 1, 3, NULL, NULL),
(1495, 14, 'ABSENT', '2018-05-12', 'Normal Saturday classes', '2018-05-14 07:52:34', 1, 3, NULL, NULL),
(1496, 25, 'PRESENT', '2018-05-12', 'Normal Saturday classes', '2018-05-14 07:52:34', 1, 3, NULL, NULL),
(1497, 119, 'ABSENT', '2018-05-12', 'Normal Saturday classes', '2018-05-14 07:52:34', 1, 3, NULL, NULL),
(1498, 32, 'PRESENT', '2018-05-12', 'Normal Saturday classes', '2018-05-14 07:52:34', 1, 3, NULL, NULL),
(1499, 123, 'PRESENT', '2018-05-12', 'Normal Saturday classes', '2018-05-14 07:52:34', 1, 3, NULL, NULL),
(1500, 132, 'PRESENT', '2018-05-12', 'Normal Saturday classes', '2018-05-14 07:52:34', 1, 3, NULL, NULL),
(1501, 41, 'ABSENT', '2018-05-12', 'Normal Saturday classes', '2018-05-14 07:52:34', 1, 3, NULL, NULL),
(1502, 133, 'PRESENT', '2018-05-12', 'Normal Saturday classes', '2018-05-14 07:52:34', 1, 3, NULL, NULL),
(1503, 120, 'PRESENT', '2018-05-12', 'Normal Saturday classes', '2018-05-14 07:52:34', 1, 3, NULL, NULL),
(1504, 136, 'PRESENT', '2018-05-12', 'Normal Saturday classes', '2018-05-14 07:52:34', 1, 3, NULL, NULL),
(1505, 16, 'PRESENT', '2018-05-12', 'Normal Saturday classes', '2018-05-14 07:52:34', 1, 3, NULL, NULL),
(1506, 20, 'PRESENT', '2018-05-12', 'Normal Saturday classes', '2018-05-14 07:52:34', 1, 3, NULL, NULL),
(1507, 152, 'PRESENT', '2018-05-12', 'Normal Saturday classes', '2018-05-14 07:52:34', 1, 3, NULL, NULL),
(1508, 135, 'PRESENT', '2018-05-12', 'Normal Saturday classes', '2018-05-14 07:52:34', 1, 3, NULL, NULL),
(1509, 146, 'PRESENT', '2018-05-12', 'Normal Saturday classes', '2018-05-14 07:52:34', 1, 3, NULL, NULL),
(1510, 19, 'PRESENT', '2018-05-12', 'Normal Saturday classes', '2018-05-14 07:52:34', 1, 3, NULL, NULL),
(1511, 40, 'PRESENT', '2018-05-12', 'Normal Saturday classes', '2018-05-14 07:52:34', 1, 3, NULL, NULL),
(1512, 134, 'PRESENT', '2018-05-12', 'Normal Saturday classes', '2018-05-14 07:52:34', 1, 3, NULL, NULL),
(1513, 129, 'PRESENT', '2018-05-12', 'Normal Saturday classes', '2018-05-14 07:52:34', 1, 3, NULL, NULL),
(1515, 143, 'PRESENT', '2018-05-12', 'Normal Saturday classes', '2018-05-14 08:02:22', 1, 3, NULL, NULL),
(1516, 142, 'ABSENT', '2018-05-12', 'Normal Saturday classes', '2018-05-14 08:02:22', 1, 3, NULL, NULL),
(1518, 91, 'ABSENT', '2018-05-12', 'Normal Saturday classes', '2018-05-14 08:02:22', 1, 3, NULL, NULL),
(1519, 2, 'ABSENT', '2018-05-12', 'Normal Saturday classes', '2018-05-14 08:02:22', 1, 3, NULL, NULL),
(1520, 39, 'PRESENT', '2018-05-12', 'Normal Saturday classes', '2018-05-14 08:02:22', 1, 3, NULL, NULL),
(1521, 140, 'PRESENT', '2018-05-12', 'Normal Saturday classes', '2018-05-14 08:02:22', 1, 3, NULL, NULL),
(1524, 89, 'PRESENT', '2018-05-12', 'Normal Saturday classes', '2018-05-14 08:02:22', 1, 3, NULL, NULL),
(1525, 33, 'PRESENT', '2018-05-12', 'Normal Saturday classes', '2018-05-14 08:02:22', 1, 3, NULL, NULL),
(1526, 88, 'ABSENT', '2018-05-12', 'Normal Saturday classes', '2018-05-14 08:02:22', 1, 3, NULL, NULL),
(1527, 153, 'PRESENT', '2018-05-12', 'Normal Saturday classes', '2018-05-14 08:02:22', 1, 3, NULL, NULL),
(1528, 141, 'PRESENT', '2018-05-12', 'Normal Saturday classes', '2018-05-14 08:02:22', 1, 3, NULL, NULL),
(1529, 8, 'ABSENT', '2018-05-12', 'Normal Saturday classes', '2018-05-14 08:02:22', 1, 3, NULL, NULL),
(1531, 101, 'PRESENT', '2018-05-12', 'Normal Saturday classes', '2018-05-14 08:02:22', 1, 3, NULL, NULL),
(1532, 104, 'PRESENT', '2018-05-12', 'Normal Saturday classes', '2018-05-14 08:02:22', 1, 3, NULL, NULL),
(1533, 37, 'PRESENT', '2018-05-12', 'Normal Saturday classes', '2018-05-14 08:02:22', 1, 3, NULL, NULL),
(1534, 110, 'PRESENT', '2018-05-12', 'Normal Saturday classes', '2018-05-14 08:02:22', 1, 3, NULL, NULL),
(1535, 46, 'PRESENT', '2018-05-12', 'Normal Saturday classes', '2018-05-14 08:02:22', 1, 3, NULL, NULL),
(1536, 85, 'PRESENT', '2018-05-12', 'Normal Saturday classes', '2018-05-14 08:02:22', 1, 3, NULL, NULL),
(1537, 28, 'PRESENT', '2018-05-12', 'Normal Saturday classes', '2018-05-14 08:02:22', 1, 3, NULL, NULL),
(1538, 44, 'PRESENT', '2018-05-12', 'Normal Saturday classes', '2018-05-14 08:02:22', 1, 3, NULL, NULL),
(1539, 93, 'ABSENT', '2018-05-12', 'Normal Saturday classes', '2018-05-14 08:02:22', 1, 3, NULL, NULL),
(1540, 83, 'ABSENT', '2018-05-12', 'Normal Saturday classes', '2018-05-14 08:02:22', 1, 3, NULL, NULL),
(1542, 90, 'PRESENT', '2018-05-12', 'Normal Saturday classes', '2018-05-14 08:02:22', 1, 3, NULL, NULL),
(1543, 10, 'ABSENT', '2018-05-12', 'Normal Saturday classes', '2018-05-14 08:02:22', 1, 3, NULL, NULL),
(1544, 92, 'ABSENT', '2018-05-12', 'Normal Saturday classes', '2018-05-14 08:02:22', 1, 3, NULL, NULL),
(1545, 102, 'ABSENT', '2018-05-12', 'Normal Saturday classes', '2018-05-14 08:02:22', 1, 3, NULL, NULL),
(1546, 126, 'PRESENT', '2018-05-12', 'Normal Saturday classes', '2018-05-14 08:02:22', 1, 3, NULL, NULL),
(1547, 42, 'ABSENT', '2018-05-12', 'Normal Saturday classes', '2018-05-14 08:02:22', 1, 3, NULL, NULL),
(1548, 6, 'ABSENT', '2018-05-12', 'Normal Saturday classes', '2018-05-14 08:02:22', 1, 3, NULL, NULL),
(1549, 103, 'PRESENT', '2018-05-12', 'Normal Saturday classes', '2018-05-14 08:02:22', 1, 3, NULL, NULL),
(1550, 43, 'PRESENT', '2018-05-12', 'Normal Saturday classes', '2018-05-14 08:02:22', 1, 3, NULL, NULL),
(1551, 86, 'ABSENT', '2018-05-12', 'Normal Saturday classes', '2018-05-14 08:02:22', 1, 3, NULL, NULL),
(1552, 109, 'PRESENT', '2018-05-12', 'Normal Saturday classes', '2018-05-14 08:02:22', 1, 3, NULL, NULL),
(1553, 94, 'PRESENT', '2018-05-12', 'Normal Saturday classes', '2018-05-14 08:02:22', 1, 3, NULL, NULL),
(1555, 7, 'ABSENT', '2018-05-12', 'Normal Saturday classes', '2018-05-14 08:02:22', 1, 3, NULL, NULL),
(1556, 38, 'PRESENT', '2018-05-12', 'Normal Saturday classes', '2018-05-14 08:02:22', 1, 3, NULL, NULL),
(1557, 24, 'PRESENT', '2018-05-12', 'Normal Saturday classes', '2018-05-14 08:02:22', 1, 3, NULL, NULL),
(1558, 27, 'PRESENT', '2018-05-12', 'Normal Saturday classes', '2018-05-14 08:02:22', 1, 3, NULL, NULL),
(1559, 29, 'PRESENT', '2018-05-12', 'Normal Saturday classes', '2018-05-14 08:02:22', 1, 3, NULL, NULL),
(1560, 84, 'PRESENT', '2018-05-12', 'Normal Saturday classes', '2018-05-14 08:02:22', 1, 3, NULL, NULL),
(1561, 26, 'PRESENT', '2018-05-12', 'Normal Saturday classes', '2018-05-14 08:02:22', 1, 3, NULL, NULL),
(1562, 139, 'PRESENT', '2018-05-12', 'Normal Saturday classes', '2018-05-14 08:02:22', 1, 3, NULL, NULL),
(1563, 75, 'PRESENT', '2018-05-19', 'Normal Saturday classes', '2018-05-22 09:09:46', 1, 3, NULL, NULL),
(1564, 68, 'PRESENT', '2018-05-19', 'Normal Saturday classes', '2018-05-22 09:09:46', 1, 3, NULL, NULL),
(1565, 73, 'PRESENT', '2018-05-19', 'Normal Saturday classes', '2018-05-22 09:09:46', 1, 3, NULL, NULL),
(1566, 114, 'PRESENT', '2018-05-19', 'Normal Saturday classes', '2018-05-22 09:09:46', 1, 3, NULL, NULL),
(1567, 95, 'PRESENT', '2018-05-19', 'Normal Saturday classes', '2018-05-22 09:09:46', 1, 3, NULL, NULL),
(1568, 96, 'PRESENT', '2018-05-19', 'Normal Saturday classes', '2018-05-22 09:09:46', 1, 3, NULL, NULL),
(1569, 60, 'PRESENT', '2018-05-19', 'Normal Saturday classes', '2018-05-22 09:09:46', 1, 3, NULL, NULL),
(1571, 50, 'ABSENT', '2018-05-19', 'Normal Saturday classes', '2018-05-22 09:09:46', 1, 3, NULL, NULL),
(1572, 69, 'PRESENT', '2018-05-19', 'Normal Saturday classes', '2018-05-22 09:09:46', 1, 3, NULL, NULL),
(1573, 59, 'ABSENT', '2018-05-19', 'Normal Saturday classes', '2018-05-22 09:09:46', 1, 3, NULL, NULL),
(1574, 155, 'ABSENT', '2018-05-19', 'Normal Saturday classes', '2018-05-22 09:09:46', 1, 3, NULL, NULL),
(1576, 105, 'PRESENT', '2018-05-19', 'Normal Saturday classes', '2018-05-22 09:09:46', 1, 3, NULL, NULL),
(1577, 106, 'PRESENT', '2018-05-19', 'Normal Saturday classes', '2018-05-22 09:09:46', 1, 3, NULL, NULL),
(1578, 52, 'ABSENT', '2018-05-19', 'Normal Saturday classes', '2018-05-22 09:09:46', 1, 3, NULL, NULL),
(1580, 63, 'PRESENT', '2018-05-19', 'Normal Saturday classes', '2018-05-22 09:09:46', 1, 3, NULL, NULL),
(1581, 112, 'PRESENT', '2018-05-19', 'Normal Saturday classes', '2018-05-22 09:09:46', 1, 3, NULL, NULL),
(1582, 80, 'ABSENT', '2018-05-19', 'Normal Saturday classes', '2018-05-22 09:09:46', 1, 3, NULL, NULL),
(1583, 115, 'PRESENT', '2018-05-19', 'Normal Saturday classes', '2018-05-22 09:09:46', 1, 3, NULL, NULL),
(1584, 49, 'ABSENT', '2018-05-19', 'Normal Saturday classes', '2018-05-22 09:09:46', 1, 3, NULL, NULL),
(1585, 56, 'ABSENT', '2018-05-19', 'Normal Saturday classes', '2018-05-22 09:09:46', 1, 3, NULL, NULL),
(1586, 97, 'PRESENT', '2018-05-19', 'Normal Saturday classes', '2018-05-22 09:09:46', 1, 3, NULL, NULL),
(1587, 76, 'PRESENT', '2018-05-19', 'Normal Saturday classes', '2018-05-22 09:09:46', 1, 3, NULL, NULL),
(1588, 78, 'ABSENT', '2018-05-19', 'Normal Saturday classes', '2018-05-22 09:09:46', 1, 3, NULL, NULL),
(1589, 64, 'PRESENT', '2018-05-19', 'Normal Saturday classes', '2018-05-22 09:09:46', 1, 3, NULL, NULL),
(1590, 65, 'PRESENT', '2018-05-19', 'Normal Saturday classes', '2018-05-22 09:09:46', 1, 3, NULL, NULL),
(1591, 67, 'PRESENT', '2018-05-19', 'Normal Saturday classes', '2018-05-22 09:09:46', 1, 3, NULL, NULL),
(1592, 111, 'PRESENT', '2018-05-19', 'Normal Saturday classes', '2018-05-22 09:09:46', 1, 3, NULL, NULL),
(1593, 71, 'PRESENT', '2018-05-19', 'Normal Saturday classes', '2018-05-22 09:09:46', 1, 3, NULL, NULL),
(1594, 61, 'PRESENT', '2018-05-19', 'Normal Saturday classes', '2018-05-22 09:09:46', 1, 3, NULL, NULL),
(1595, 117, 'PRESENT', '2018-05-19', 'Normal Saturday classes', '2018-05-22 09:09:46', 1, 3, NULL, NULL),
(1596, 74, 'PRESENT', '2018-05-19', 'Normal Saturday classes', '2018-05-22 09:09:46', 1, 3, NULL, NULL),
(1597, 58, 'ABSENT', '2018-05-19', 'Normal Saturday classes', '2018-05-22 09:09:46', 1, 3, NULL, NULL),
(1598, 51, 'PRESENT', '2018-05-19', 'Normal Saturday classes', '2018-05-22 09:09:46', 1, 3, NULL, NULL),
(1599, 72, 'ABSENT', '2018-05-19', 'Normal Saturday classes', '2018-05-22 09:09:46', 1, 3, NULL, NULL),
(1600, 57, 'ABSENT', '2018-05-19', 'Normal Saturday classes', '2018-05-22 09:09:46', 1, 3, NULL, NULL),
(1601, 77, 'ABSENT', '2018-05-19', 'Normal Saturday classes', '2018-05-22 09:09:46', 1, 3, NULL, NULL),
(1602, 55, 'ABSENT', '2018-05-19', 'Normal Saturday classes', '2018-05-22 09:09:46', 1, 3, NULL, NULL),
(1603, 54, 'ABSENT', '2018-05-19', 'Normal Saturday classes', '2018-05-22 09:09:46', 1, 3, NULL, NULL),
(1604, 62, 'PRESENT', '2018-05-19', 'Normal Saturday classes', '2018-05-22 09:09:46', 1, 3, NULL, NULL),
(1605, 70, 'PRESENT', '2018-05-19', 'Normal Saturday classes', '2018-05-22 09:09:46', 1, 3, NULL, NULL),
(1606, 151, 'ABSENT', '2018-05-19', 'Normal Saturday classes', '2018-05-22 09:09:46', 1, 3, NULL, NULL),
(1607, 47, 'PRESENT', '2018-05-19', 'Normal Saturday classes', '2018-05-22 09:09:46', 1, 3, NULL, NULL),
(1608, 116, 'PRESENT', '2018-05-19', 'Normal Saturday classes', '2018-05-22 09:09:46', 1, 3, NULL, NULL),
(1609, 87, 'ABSENT', '2018-05-19', 'Normal Saturday classes', '2018-05-22 09:09:46', 1, 3, NULL, NULL),
(1610, 66, 'PRESENT', '2018-05-19', 'Normal Saturday classes', '2018-05-22 09:09:46', 1, 3, NULL, NULL),
(1611, 53, 'PRESENT', '2018-05-19', 'Normal Saturday classes', '2018-05-22 09:09:46', 1, 3, NULL, NULL),
(1612, 48, 'PRESENT', '2018-05-19', 'Normal Saturday classes', '2018-05-22 09:09:46', 1, 3, NULL, NULL),
(1613, 17, 'PRESENT', '2018-05-19', 'Normal Saturday classes', '2018-05-22 09:16:08', 1, 3, NULL, NULL),
(1614, 131, 'ABSENT', '2018-05-19', 'Normal Saturday classes', '2018-05-22 09:16:08', 1, 3, NULL, NULL),
(1615, 13, 'PRESENT', '2018-05-19', 'Normal Saturday classes', '2018-05-22 09:16:08', 1, 3, NULL, NULL),
(1616, 148, 'ABSENT', '2018-05-19', 'Normal Saturday classes', '2018-05-22 09:16:08', 1, 3, NULL, NULL),
(1617, 145, 'PRESENT', '2018-05-19', 'Normal Saturday classes', '2018-05-22 09:16:08', 1, 3, NULL, NULL),
(1618, 158, 'PRESENT', '2018-05-19', 'Normal Saturday classes', '2018-05-22 09:16:08', 1, 3, NULL, NULL),
(1620, 99, 'ABSENT', '2018-05-19', 'Normal Saturday classes', '2018-05-22 09:16:08', 1, 3, NULL, NULL),
(1621, 34, 'PRESENT', '2018-05-19', 'Normal Saturday classes', '2018-05-22 09:16:08', 1, 3, NULL, NULL),
(1622, 125, 'PRESENT', '2018-05-19', 'Normal Saturday classes', '2018-05-22 09:16:08', 1, 3, NULL, NULL),
(1623, 30, 'ABSENT', '2018-05-19', 'Normal Saturday classes', '2018-05-22 09:16:08', 1, 3, NULL, NULL),
(1624, 144, 'PRESENT', '2018-05-19', 'Normal Saturday classes', '2018-05-22 09:16:08', 1, 3, NULL, NULL),
(1625, 31, 'ABSENT', '2018-05-19', 'Normal Saturday classes', '2018-05-22 09:16:08', 1, 3, NULL, NULL),
(1626, 149, 'ABSENT', '2018-05-19', 'Normal Saturday classes', '2018-05-22 09:16:08', 1, 3, NULL, NULL),
(1627, 12, 'PRESENT', '2018-05-19', 'Normal Saturday classes', '2018-05-22 09:16:08', 1, 3, NULL, NULL),
(1628, 147, 'ABSENT', '2018-05-19', 'Normal Saturday classes', '2018-05-22 09:16:08', 1, 3, NULL, NULL),
(1629, 128, 'ABSENT', '2018-05-19', 'Normal Saturday classes', '2018-05-22 09:16:08', 1, 3, NULL, NULL),
(1630, 21, 'PRESENT', '2018-05-19', 'Normal Saturday classes', '2018-05-22 09:16:08', 1, 3, NULL, NULL),
(1631, 18, 'PRESENT', '2018-05-19', 'Normal Saturday classes', '2018-05-22 09:16:08', 1, 3, NULL, NULL),
(1632, 159, 'ABSENT', '2018-05-19', 'Normal Saturday classes', '2018-05-22 09:16:08', 1, 3, NULL, NULL),
(1633, 118, 'ABSENT', '2018-05-19', 'Normal Saturday classes', '2018-05-22 09:16:08', 1, 3, NULL, NULL),
(1634, 122, 'ABSENT', '2018-05-19', 'Normal Saturday classes', '2018-05-22 09:16:08', 1, 3, NULL, NULL),
(1635, 121, 'ABSENT', '2018-05-19', 'Normal Saturday classes', '2018-05-22 09:16:08', 1, 3, NULL, NULL),
(1636, 100, 'PRESENT', '2018-05-19', 'Normal Saturday classes', '2018-05-22 09:16:08', 1, 3, NULL, NULL),
(1637, 130, 'PRESENT', '2018-05-19', 'Normal Saturday classes', '2018-05-22 09:16:08', 1, 3, NULL, NULL),
(1638, 150, 'PRESENT', '2018-05-19', 'Normal Saturday classes', '2018-05-22 09:16:08', 1, 3, NULL, NULL),
(1639, 162, 'PRESENT', '2018-05-19', 'Normal Saturday classes', '2018-05-22 09:16:08', 1, 3, NULL, NULL),
(1640, 127, 'ABSENT', '2018-05-19', 'Normal Saturday classes', '2018-05-22 09:16:08', 1, 3, NULL, NULL),
(1641, 5, 'ABSENT', '2018-05-19', 'Normal Saturday classes', '2018-05-22 09:16:08', 1, 3, NULL, NULL),
(1642, 15, 'PRESENT', '2018-05-19', 'Normal Saturday classes', '2018-05-22 09:16:08', 1, 3, NULL, NULL),
(1643, 124, 'PRESENT', '2018-05-19', 'Normal Saturday classes', '2018-05-22 09:16:08', 1, 3, NULL, NULL),
(1644, 98, 'PRESENT', '2018-05-19', 'Normal Saturday classes', '2018-05-22 09:16:08', 1, 3, NULL, NULL),
(1645, 22, 'ABSENT', '2018-05-19', 'Normal Saturday classes', '2018-05-22 09:16:08', 1, 3, NULL, NULL),
(1646, 11, 'ABSENT', '2018-05-19', 'Normal Saturday classes', '2018-05-22 09:16:08', 1, 3, NULL, NULL),
(1647, 14, 'ABSENT', '2018-05-19', 'Normal Saturday classes', '2018-05-22 09:16:08', 1, 3, NULL, NULL),
(1648, 25, 'PRESENT', '2018-05-19', 'Normal Saturday classes', '2018-05-22 09:16:08', 1, 3, NULL, NULL),
(1649, 119, 'ABSENT', '2018-05-19', 'Normal Saturday classes', '2018-05-22 09:16:08', 1, 3, NULL, NULL),
(1650, 32, 'PRESENT', '2018-05-19', 'Normal Saturday classes', '2018-05-22 09:16:08', 1, 3, NULL, NULL),
(1651, 123, 'PRESENT', '2018-05-19', 'Normal Saturday classes', '2018-05-22 09:16:08', 1, 3, NULL, NULL),
(1652, 132, 'PRESENT', '2018-05-19', 'Normal Saturday classes', '2018-05-22 09:16:08', 1, 3, NULL, NULL),
(1653, 41, 'PRESENT', '2018-05-19', 'Normal Saturday classes', '2018-05-22 09:16:08', 1, 3, NULL, NULL),
(1654, 133, 'PRESENT', '2018-05-19', 'Normal Saturday classes', '2018-05-22 09:16:08', 1, 3, NULL, NULL),
(1655, 120, 'PRESENT', '2018-05-19', 'Normal Saturday classes', '2018-05-22 09:16:08', 1, 3, NULL, NULL),
(1656, 136, 'PRESENT', '2018-05-19', 'Normal Saturday classes', '2018-05-22 09:16:08', 1, 3, NULL, NULL),
(1657, 164, 'PRESENT', '2018-05-19', 'Normal Saturday classes', '2018-05-22 09:16:08', 1, 3, NULL, NULL),
(1658, 16, 'PRESENT', '2018-05-19', 'Normal Saturday classes', '2018-05-22 09:16:08', 1, 3, NULL, NULL),
(1659, 156, 'PRESENT', '2018-05-19', 'Normal Saturday classes', '2018-05-22 09:16:08', 1, 3, NULL, NULL),
(1660, 20, 'PRESENT', '2018-05-19', 'Normal Saturday classes', '2018-05-22 09:16:08', 1, 3, NULL, NULL),
(1661, 152, 'PRESENT', '2018-05-19', 'Normal Saturday classes', '2018-05-22 09:16:08', 1, 3, NULL, NULL),
(1662, 135, 'PRESENT', '2018-05-19', 'Normal Saturday classes', '2018-05-22 09:16:08', 1, 3, NULL, NULL),
(1663, 19, 'ABSENT', '2018-05-19', 'Normal Saturday classes', '2018-05-22 09:16:08', 1, 3, NULL, NULL),
(1664, 146, 'PRESENT', '2018-05-19', 'Normal Saturday classes', '2018-05-22 09:16:08', 1, 3, NULL, NULL),
(1665, 40, 'PRESENT', '2018-05-19', 'Normal Saturday classes', '2018-05-22 09:16:08', 1, 3, NULL, NULL),
(1666, 134, 'PRESENT', '2018-05-19', 'Normal Saturday classes', '2018-05-22 09:16:08', 1, 3, NULL, NULL),
(1667, 129, 'PRESENT', '2018-05-19', 'Normal Saturday classes', '2018-05-22 09:16:08', 1, 3, NULL, NULL),
(1668, 160, 'ABSENT', '2018-05-19', 'Normal Saturday classes', '2018-05-22 09:21:33', 1, 3, NULL, NULL),
(1670, 143, 'PRESENT', '2018-05-19', 'Normal Saturday classes', '2018-05-22 09:21:33', 1, 3, NULL, NULL),
(1671, 142, 'PRESENT', '2018-05-19', 'Normal Saturday classes', '2018-05-22 09:21:33', 1, 3, NULL, NULL),
(1672, 91, 'PRESENT', '2018-05-19', 'Normal Saturday classes', '2018-05-22 09:21:33', 1, 3, NULL, NULL),
(1673, 2, 'ABSENT', '2018-05-19', 'Normal Saturday classes', '2018-05-22 09:21:33', 1, 3, NULL, NULL),
(1674, 39, 'PRESENT', '2018-05-19', 'Normal Saturday classes', '2018-05-22 09:21:33', 1, 3, NULL, NULL),
(1675, 23, 'ABSENT', '2018-05-19', 'Normal Saturday classes', '2018-05-22 09:21:33', 1, 3, NULL, NULL),
(1676, 140, 'PRESENT', '2018-05-19', 'Normal Saturday classes', '2018-05-22 09:21:33', 1, 3, NULL, NULL),
(1677, 89, 'PRESENT', '2018-05-19', 'Normal Saturday classes', '2018-05-22 09:21:33', 1, 3, NULL, NULL),
(1678, 33, 'PRESENT', '2018-05-19', 'Normal Saturday classes', '2018-05-22 09:21:33', 1, 3, NULL, NULL),
(1679, 88, 'PRESENT', '2018-05-19', 'Normal Saturday classes', '2018-05-22 09:21:33', 1, 3, NULL, NULL),
(1680, 153, 'ABSENT', '2018-05-19', 'Normal Saturday classes', '2018-05-22 09:21:33', 1, 3, NULL, NULL),
(1681, 141, 'PRESENT', '2018-05-19', 'Normal Saturday classes', '2018-05-22 09:21:33', 1, 3, NULL, NULL),
(1682, 8, 'PRESENT', '2018-05-19', 'Normal Saturday classes', '2018-05-22 09:21:33', 1, 3, NULL, NULL),
(1683, 101, 'ABSENT', '2018-05-19', 'Normal Saturday classes', '2018-05-22 09:21:33', 1, 3, NULL, NULL),
(1684, 104, 'ABSENT', '2018-05-19', 'Normal Saturday classes', '2018-05-22 09:21:33', 1, 3, NULL, NULL),
(1685, 37, 'PRESENT', '2018-05-19', 'Normal Saturday classes', '2018-05-22 09:21:33', 1, 3, NULL, NULL),
(1686, 110, 'PRESENT', '2018-05-19', 'Normal Saturday classes', '2018-05-22 09:21:33', 1, 3, NULL, NULL),
(1687, 46, 'PRESENT', '2018-05-19', 'Normal Saturday classes', '2018-05-22 09:21:33', 1, 3, NULL, NULL),
(1688, 85, 'ABSENT', '2018-05-19', 'Normal Saturday classes', '2018-05-22 09:21:33', 1, 3, NULL, NULL),
(1689, 28, 'ABSENT', '2018-05-19', 'Normal Saturday classes', '2018-05-22 09:21:33', 1, 3, NULL, NULL),
(1690, 44, 'PRESENT', '2018-05-19', 'Normal Saturday classes', '2018-05-22 09:21:33', 1, 3, NULL, NULL),
(1691, 93, 'ABSENT', '2018-05-19', 'Normal Saturday classes', '2018-05-22 09:21:33', 1, 3, NULL, NULL),
(1692, 83, 'ABSENT', '2018-05-19', 'Normal Saturday classes', '2018-05-22 09:21:33', 1, 3, NULL, NULL),
(1693, 90, 'PRESENT', '2018-05-19', 'Normal Saturday classes', '2018-05-22 09:21:33', 1, 3, NULL, NULL),
(1694, 10, 'ABSENT', '2018-05-19', 'Normal Saturday classes', '2018-05-22 09:21:33', 1, 3, NULL, NULL),
(1695, 92, 'PRESENT', '2018-05-19', 'Normal Saturday classes', '2018-05-22 09:21:33', 1, 3, NULL, NULL),
(1696, 102, 'ABSENT', '2018-05-19', 'Normal Saturday classes', '2018-05-22 09:21:33', 1, 3, NULL, NULL),
(1697, 126, 'PRESENT', '2018-05-19', 'Normal Saturday classes', '2018-05-22 09:21:33', 1, 3, NULL, NULL),
(1698, 157, 'PRESENT', '2018-05-19', 'Normal Saturday classes', '2018-05-22 09:21:33', 1, 3, NULL, NULL),
(1699, 42, 'ABSENT', '2018-05-19', 'Normal Saturday classes', '2018-05-22 09:21:33', 1, 3, NULL, NULL),
(1700, 6, 'ABSENT', '2018-05-19', 'Normal Saturday classes', '2018-05-22 09:21:33', 1, 3, NULL, NULL),
(1701, 103, 'PRESENT', '2018-05-19', 'Normal Saturday classes', '2018-05-22 09:21:33', 1, 3, NULL, NULL),
(1702, 43, 'PRESENT', '2018-05-19', 'Normal Saturday classes', '2018-05-22 09:21:33', 1, 3, NULL, NULL),
(1703, 86, 'ABSENT', '2018-05-19', 'Normal Saturday classes', '2018-05-22 09:21:33', 1, 3, NULL, NULL),
(1704, 109, 'PRESENT', '2018-05-19', 'Normal Saturday classes', '2018-05-22 09:21:33', 1, 3, NULL, NULL),
(1705, 94, 'ABSENT', '2018-05-19', 'Normal Saturday classes', '2018-05-22 09:21:33', 1, 3, NULL, NULL),
(1706, 7, 'PRESENT', '2018-05-19', 'Normal Saturday classes', '2018-05-22 09:21:33', 1, 3, NULL, NULL),
(1707, 38, 'PRESENT', '2018-05-19', 'Normal Saturday classes', '2018-05-22 09:21:33', 1, 3, NULL, NULL),
(1708, 24, 'ABSENT', '2018-05-19', 'Normal Saturday classes', '2018-05-22 09:21:33', 1, 3, NULL, NULL),
(1709, 27, 'ABSENT', '2018-05-19', 'Normal Saturday classes', '2018-05-22 09:21:33', 1, 3, NULL, NULL),
(1710, 29, 'ABSENT', '2018-05-19', 'Normal Saturday classes', '2018-05-22 09:21:33', 1, 3, NULL, NULL),
(1711, 84, 'PRESENT', '2018-05-19', 'Normal Saturday classes', '2018-05-22 09:21:33', 1, 3, NULL, NULL),
(1712, 26, 'ABSENT', '2018-05-19', 'Normal Saturday classes', '2018-05-22 09:21:33', 1, 3, NULL, NULL),
(1713, 139, 'PRESENT', '2018-05-19', 'Normal Saturday classes', '2018-05-22 09:21:33', 1, 3, NULL, NULL);
INSERT INTO `menteeattendance` (`attendanceAutoId`, `attendanceMenteeId`, `attendanceStatus`, `attendanceDate`, `attendance_event_name`, `attendanceUpdated`, `creating_user_group_id`, `creating_user_id`, `last_update_user_id`, `last_update_user_group_id`) VALUES
(1714, 160, 'ABSENT', '2018-05-26', 'Excursion to Karura forest', '2018-05-29 12:58:37', 1, 3, NULL, NULL),
(1716, 143, 'PRESENT', '2018-05-26', 'Excursion to Karura forest', '2018-05-29 12:58:37', 1, 3, NULL, NULL),
(1717, 142, 'ABSENT', '2018-05-26', 'Excursion to Karura forest', '2018-05-29 12:58:37', 1, 3, NULL, NULL),
(1718, 91, 'PRESENT', '2018-05-26', 'Excursion to Karura forest', '2018-05-29 12:58:37', 1, 3, NULL, NULL),
(1719, 2, 'ABSENT', '2018-05-26', 'Excursion to Karura forest', '2018-05-29 12:58:37', 1, 3, NULL, NULL),
(1720, 39, 'PRESENT', '2018-05-26', 'Excursion to Karura forest', '2018-05-29 12:58:37', 1, 3, NULL, NULL),
(1721, 23, 'ABSENT', '2018-05-26', 'Excursion to Karura forest', '2018-05-29 12:58:37', 1, 3, NULL, NULL),
(1722, 140, 'PRESENT', '2018-05-26', 'Excursion to Karura forest', '2018-05-29 12:58:37', 1, 3, NULL, NULL),
(1723, 89, 'ABSENT', '2018-05-26', 'Excursion to Karura forest', '2018-05-29 12:58:37', 1, 3, NULL, NULL),
(1724, 33, 'PRESENT', '2018-05-26', 'Excursion to Karura forest', '2018-05-29 12:58:37', 1, 3, NULL, NULL),
(1725, 88, 'PRESENT', '2018-05-26', 'Excursion to Karura forest', '2018-05-29 12:58:37', 1, 3, NULL, NULL),
(1726, 153, 'PRESENT', '2018-05-26', 'Excursion to Karura forest', '2018-05-29 12:58:37', 1, 3, NULL, NULL),
(1727, 141, 'ABSENT', '2018-05-26', 'Excursion to Karura forest', '2018-05-29 12:58:37', 1, 3, NULL, NULL),
(1728, 8, 'PRESENT', '2018-05-26', 'Excursion to Karura forest', '2018-05-29 12:58:37', 1, 3, NULL, NULL),
(1729, 101, 'PRESENT', '2018-05-26', 'Excursion to Karura forest', '2018-05-29 12:58:37', 1, 3, NULL, NULL),
(1730, 104, 'PRESENT', '2018-05-26', 'Excursion to Karura forest', '2018-05-29 12:58:37', 1, 3, NULL, NULL),
(1731, 37, 'PRESENT', '2018-05-26', 'Excursion to Karura forest', '2018-05-29 12:58:37', 1, 3, NULL, NULL),
(1732, 110, 'ABSENT', '2018-05-26', 'Excursion to Karura forest', '2018-05-29 12:58:37', 1, 3, NULL, NULL),
(1733, 46, 'PRESENT', '2018-05-26', 'Excursion to Karura forest', '2018-05-29 12:58:37', 1, 3, NULL, NULL),
(1734, 85, 'PRESENT', '2018-05-26', 'Excursion to Karura forest', '2018-05-29 12:58:37', 1, 3, NULL, NULL),
(1735, 28, 'PRESENT', '2018-05-26', 'Excursion to Karura forest', '2018-05-29 12:58:37', 1, 3, NULL, NULL),
(1736, 44, 'PRESENT', '2018-05-26', 'Excursion to Karura forest', '2018-05-29 12:58:37', 1, 3, NULL, NULL),
(1737, 93, 'ABSENT', '2018-05-26', 'Excursion to Karura forest', '2018-05-29 12:58:37', 1, 3, NULL, NULL),
(1738, 83, 'ABSENT', '2018-05-26', 'Excursion to Karura forest', '2018-05-29 12:58:37', 1, 3, NULL, NULL),
(1739, 90, 'PRESENT', '2018-05-26', 'Excursion to Karura forest', '2018-05-29 12:58:37', 1, 3, NULL, NULL),
(1740, 10, 'ABSENT', '2018-05-26', 'Excursion to Karura forest', '2018-05-29 12:58:37', 1, 3, NULL, NULL),
(1741, 92, 'PRESENT', '2018-05-26', 'Excursion to Karura forest', '2018-05-29 12:58:37', 1, 3, NULL, NULL),
(1742, 102, 'PRESENT', '2018-05-26', 'Excursion to Karura forest', '2018-05-29 12:58:37', 1, 3, NULL, NULL),
(1743, 126, 'PRESENT', '2018-05-26', 'Excursion to Karura forest', '2018-05-29 12:58:37', 1, 3, NULL, NULL),
(1744, 157, 'PRESENT', '2018-05-26', 'Excursion to Karura forest', '2018-05-29 12:58:37', 1, 3, NULL, NULL),
(1745, 42, 'ABSENT', '2018-05-26', 'Excursion to Karura forest', '2018-05-29 12:58:37', 1, 3, NULL, NULL),
(1746, 6, 'ABSENT', '2018-05-26', 'Excursion to Karura forest', '2018-05-29 12:58:37', 1, 3, NULL, NULL),
(1747, 103, 'PRESENT', '2018-05-26', 'Excursion to Karura forest', '2018-05-29 12:58:37', 1, 3, NULL, NULL),
(1748, 43, 'PRESENT', '2018-05-26', 'Excursion to Karura forest', '2018-05-29 12:58:37', 1, 3, NULL, NULL),
(1749, 86, 'ABSENT', '2018-05-26', 'Excursion to Karura forest', '2018-05-29 12:58:37', 1, 3, NULL, NULL),
(1750, 109, 'ABSENT', '2018-05-26', 'Excursion to Karura forest', '2018-05-29 12:58:37', 1, 3, NULL, NULL),
(1751, 94, 'PRESENT', '2018-05-26', 'Excursion to Karura forest', '2018-05-29 12:58:37', 1, 3, NULL, NULL),
(1752, 7, 'PRESENT', '2018-05-26', 'Excursion to Karura forest', '2018-05-29 12:58:37', 1, 3, NULL, NULL),
(1753, 38, 'PRESENT', '2018-05-26', 'Excursion to Karura forest', '2018-05-29 12:58:37', 1, 3, NULL, NULL),
(1754, 24, 'ABSENT', '2018-05-26', 'Excursion to Karura forest', '2018-05-29 12:58:37', 1, 3, NULL, NULL),
(1755, 27, 'ABSENT', '2018-05-26', 'Excursion to Karura forest', '2018-05-29 12:58:37', 1, 3, NULL, NULL),
(1756, 29, 'ABSENT', '2018-05-26', 'Excursion to Karura forest', '2018-05-29 12:58:37', 1, 3, NULL, NULL),
(1757, 84, 'ABSENT', '2018-05-26', 'Excursion to Karura forest', '2018-05-29 12:58:37', 1, 3, NULL, NULL),
(1758, 26, 'ABSENT', '2018-05-26', 'Excursion to Karura forest', '2018-05-29 12:58:37', 1, 3, NULL, NULL),
(1759, 139, 'PRESENT', '2018-05-26', 'Excursion to Karura forest', '2018-05-29 12:58:37', 1, 3, NULL, NULL),
(1760, 17, 'ABSENT', '2018-06-02', 'Normal Saturday classes', '2018-06-04 07:41:39', 1, 3, NULL, NULL),
(1761, 131, 'ABSENT', '2018-06-02', 'Normal Saturday classes', '2018-06-04 07:41:39', 1, 3, NULL, NULL),
(1762, 13, 'ABSENT', '2018-06-02', 'Normal Saturday classes', '2018-06-04 07:41:39', 1, 3, NULL, NULL),
(1763, 148, 'ABSENT', '2018-06-02', 'Normal Saturday classes', '2018-06-04 07:41:39', 1, 3, NULL, NULL),
(1764, 145, 'PRESENT', '2018-06-02', 'Normal Saturday classes', '2018-06-04 07:41:39', 1, 3, NULL, NULL),
(1765, 158, 'ABSENT', '2018-06-02', 'Normal Saturday classes', '2018-06-04 07:41:39', 1, 3, NULL, NULL),
(1767, 99, 'ABSENT', '2018-06-02', 'Normal Saturday classes', '2018-06-04 07:41:39', 1, 3, NULL, NULL),
(1768, 34, 'ABSENT', '2018-06-02', 'Normal Saturday classes', '2018-06-04 07:41:39', 1, 3, NULL, NULL),
(1769, 125, 'ABSENT', '2018-06-02', 'Normal Saturday classes', '2018-06-04 07:41:39', 1, 3, NULL, NULL),
(1770, 30, 'PRESENT', '2018-06-02', 'Normal Saturday classes', '2018-06-04 07:41:39', 1, 3, NULL, NULL),
(1771, 144, 'PRESENT', '2018-06-02', 'Normal Saturday classes', '2018-06-04 07:41:39', 1, 3, NULL, NULL),
(1772, 31, 'PRESENT', '2018-06-02', 'Normal Saturday classes', '2018-06-04 07:41:39', 1, 3, NULL, NULL),
(1773, 149, 'PRESENT', '2018-06-02', 'Normal Saturday classes', '2018-06-04 07:41:39', 1, 3, NULL, NULL),
(1774, 12, 'PRESENT', '2018-06-02', 'Normal Saturday classes', '2018-06-04 07:41:39', 1, 3, NULL, NULL),
(1775, 147, 'PRESENT', '2018-06-02', 'Normal Saturday classes', '2018-06-04 07:41:39', 1, 3, NULL, NULL),
(1776, 128, 'PRESENT', '2018-06-02', 'Normal Saturday classes', '2018-06-04 07:41:39', 1, 3, NULL, NULL),
(1777, 21, 'ABSENT', '2018-06-02', 'Normal Saturday classes', '2018-06-04 07:41:39', 1, 3, NULL, NULL),
(1778, 18, 'PRESENT', '2018-06-02', 'Normal Saturday classes', '2018-06-04 07:41:39', 1, 3, NULL, NULL),
(1779, 159, 'ABSENT', '2018-06-02', 'Normal Saturday classes', '2018-06-04 07:41:39', 1, 3, NULL, NULL),
(1780, 118, 'PRESENT', '2018-06-02', 'Normal Saturday classes', '2018-06-04 07:41:39', 1, 3, NULL, NULL),
(1781, 122, 'ABSENT', '2018-06-02', 'Normal Saturday classes', '2018-06-04 07:41:39', 1, 3, NULL, NULL),
(1782, 121, 'PRESENT', '2018-06-02', 'Normal Saturday classes', '2018-06-04 07:41:39', 1, 3, NULL, NULL),
(1783, 100, 'ABSENT', '2018-06-02', 'Normal Saturday classes', '2018-06-04 07:41:39', 1, 3, NULL, NULL),
(1784, 130, 'ABSENT', '2018-06-02', 'Normal Saturday classes', '2018-06-04 07:41:39', 1, 3, NULL, NULL),
(1785, 150, 'ABSENT', '2018-06-02', 'Normal Saturday classes', '2018-06-04 07:41:39', 1, 3, NULL, NULL),
(1786, 162, 'ABSENT', '2018-06-02', 'Normal Saturday classes', '2018-06-04 07:41:39', 1, 3, NULL, NULL),
(1787, 127, 'PRESENT', '2018-06-02', 'Normal Saturday classes', '2018-06-04 07:41:39', 1, 3, NULL, NULL),
(1788, 5, 'ABSENT', '2018-06-02', 'Normal Saturday classes', '2018-06-04 07:41:39', 1, 3, NULL, NULL),
(1789, 15, 'PRESENT', '2018-06-02', 'Normal Saturday classes', '2018-06-04 07:41:39', 1, 3, NULL, NULL),
(1790, 124, 'PRESENT', '2018-06-02', 'Normal Saturday classes', '2018-06-04 07:41:39', 1, 3, NULL, NULL),
(1791, 98, 'ABSENT', '2018-06-02', 'Normal Saturday classes', '2018-06-04 07:41:39', 1, 3, NULL, NULL),
(1792, 22, 'ABSENT', '2018-06-02', 'Normal Saturday classes', '2018-06-04 07:41:39', 1, 3, NULL, NULL),
(1793, 11, 'ABSENT', '2018-06-02', 'Normal Saturday classes', '2018-06-04 07:41:39', 1, 3, NULL, NULL),
(1794, 14, 'ABSENT', '2018-06-02', 'Normal Saturday classes', '2018-06-04 07:41:39', 1, 3, NULL, NULL),
(1795, 25, 'PRESENT', '2018-06-02', 'Normal Saturday classes', '2018-06-04 07:41:39', 1, 3, NULL, NULL),
(1796, 119, 'PRESENT', '2018-06-02', 'Normal Saturday classes', '2018-06-04 07:41:39', 1, 3, NULL, NULL),
(1797, 32, 'PRESENT', '2018-06-02', 'Normal Saturday classes', '2018-06-04 07:41:39', 1, 3, NULL, NULL),
(1798, 123, 'ABSENT', '2018-06-02', 'Normal Saturday classes', '2018-06-04 07:41:39', 1, 3, NULL, NULL),
(1799, 132, 'ABSENT', '2018-06-02', 'Normal Saturday classes', '2018-06-04 07:41:39', 1, 3, NULL, NULL),
(1800, 41, 'ABSENT', '2018-06-02', 'Normal Saturday classes', '2018-06-04 07:41:39', 1, 3, NULL, NULL),
(1801, 133, 'ABSENT', '2018-06-02', 'Normal Saturday classes', '2018-06-04 07:41:39', 1, 3, NULL, NULL),
(1802, 120, 'ABSENT', '2018-06-02', 'Normal Saturday classes', '2018-06-04 07:41:39', 1, 3, NULL, NULL),
(1803, 136, 'ABSENT', '2018-06-02', 'Normal Saturday classes', '2018-06-04 07:41:39', 1, 3, NULL, NULL),
(1804, 164, 'PRESENT', '2018-06-02', 'Normal Saturday classes', '2018-06-04 07:41:39', 1, 3, NULL, NULL),
(1805, 16, 'ABSENT', '2018-06-02', 'Normal Saturday classes', '2018-06-04 07:41:39', 1, 3, NULL, NULL),
(1806, 156, 'ABSENT', '2018-06-02', 'Normal Saturday classes', '2018-06-04 07:41:39', 1, 3, NULL, NULL),
(1807, 20, 'ABSENT', '2018-06-02', 'Normal Saturday classes', '2018-06-04 07:41:39', 1, 3, NULL, NULL),
(1808, 152, 'PRESENT', '2018-06-02', 'Normal Saturday classes', '2018-06-04 07:41:39', 1, 3, NULL, NULL),
(1809, 135, 'ABSENT', '2018-06-02', 'Normal Saturday classes', '2018-06-04 07:41:39', 1, 3, NULL, NULL),
(1810, 19, 'PRESENT', '2018-06-02', 'Normal Saturday classes', '2018-06-04 07:41:39', 1, 3, NULL, NULL),
(1811, 146, 'PRESENT', '2018-06-02', 'Normal Saturday classes', '2018-06-04 07:41:39', 1, 3, NULL, NULL),
(1812, 40, 'ABSENT', '2018-06-02', 'Normal Saturday classes', '2018-06-04 07:41:39', 1, 3, NULL, NULL),
(1813, 134, 'ABSENT', '2018-06-02', 'Normal Saturday classes', '2018-06-04 07:41:39', 1, 3, NULL, NULL),
(1814, 129, 'ABSENT', '2018-06-02', 'Normal Saturday classes', '2018-06-04 07:41:39', 1, 3, NULL, NULL),
(1815, 160, 'ABSENT', '2018-06-02', 'Normal Saturday classes', '2018-06-04 08:21:28', 1, 3, NULL, NULL),
(1817, 143, 'ABSENT', '2018-06-02', 'Normal Saturday classes', '2018-06-04 08:21:28', 1, 3, NULL, NULL),
(1818, 142, 'ABSENT', '2018-06-02', 'Normal Saturday classes', '2018-06-04 08:21:28', 1, 3, NULL, NULL),
(1819, 91, 'PRESENT', '2018-06-02', 'Normal Saturday classes', '2018-06-04 08:21:28', 1, 3, NULL, NULL),
(1820, 2, 'ABSENT', '2018-06-02', 'Normal Saturday classes', '2018-06-04 08:21:28', 1, 3, NULL, NULL),
(1821, 39, 'PRESENT', '2018-06-02', 'Normal Saturday classes', '2018-06-04 08:21:28', 1, 3, NULL, NULL),
(1822, 23, 'ABSENT', '2018-06-02', 'Normal Saturday classes', '2018-06-04 08:21:28', 1, 3, NULL, NULL),
(1823, 140, 'ABSENT', '2018-06-02', 'Normal Saturday classes', '2018-06-04 08:21:28', 1, 3, NULL, NULL),
(1824, 89, 'ABSENT', '2018-06-02', 'Normal Saturday classes', '2018-06-04 08:21:28', 1, 3, NULL, NULL),
(1825, 33, 'ABSENT', '2018-06-02', 'Normal Saturday classes', '2018-06-04 08:21:28', 1, 3, NULL, NULL),
(1826, 88, 'ABSENT', '2018-06-02', 'Normal Saturday classes', '2018-06-04 08:21:28', 1, 3, NULL, NULL),
(1827, 153, 'ABSENT', '2018-06-02', 'Normal Saturday classes', '2018-06-04 08:21:28', 1, 3, NULL, NULL),
(1828, 141, 'ABSENT', '2018-06-02', 'Normal Saturday classes', '2018-06-04 08:21:28', 1, 3, NULL, NULL),
(1829, 8, 'PRESENT', '2018-06-02', 'Normal Saturday classes', '2018-06-04 08:21:28', 1, 3, NULL, NULL),
(1830, 101, 'ABSENT', '2018-06-02', 'Normal Saturday classes', '2018-06-04 08:21:28', 1, 3, NULL, NULL),
(1831, 104, 'ABSENT', '2018-06-02', 'Normal Saturday classes', '2018-06-04 08:21:28', 1, 3, NULL, NULL),
(1832, 37, 'ABSENT', '2018-06-02', 'Normal Saturday classes', '2018-06-04 08:21:28', 1, 3, NULL, NULL),
(1833, 110, 'PRESENT', '2018-06-02', 'Normal Saturday classes', '2018-06-04 08:21:28', 1, 3, NULL, NULL),
(1834, 46, 'PRESENT', '2018-06-02', 'Normal Saturday classes', '2018-06-04 08:21:28', 1, 3, NULL, NULL),
(1835, 85, 'ABSENT', '2018-06-02', 'Normal Saturday classes', '2018-06-04 08:21:28', 1, 3, NULL, NULL),
(1836, 28, 'ABSENT', '2018-06-02', 'Normal Saturday classes', '2018-06-04 08:21:28', 1, 3, NULL, NULL),
(1837, 44, 'ABSENT', '2018-06-02', 'Normal Saturday classes', '2018-06-04 08:21:28', 1, 3, NULL, NULL),
(1838, 93, 'ABSENT', '2018-06-02', 'Normal Saturday classes', '2018-06-04 08:21:28', 1, 3, NULL, NULL),
(1839, 83, 'ABSENT', '2018-06-02', 'Normal Saturday classes', '2018-06-04 08:21:28', 1, 3, NULL, NULL),
(1840, 90, 'PRESENT', '2018-06-02', 'Normal Saturday classes', '2018-06-04 08:21:28', 1, 3, NULL, NULL),
(1841, 10, 'ABSENT', '2018-06-02', 'Normal Saturday classes', '2018-06-04 08:21:28', 1, 3, NULL, NULL),
(1842, 92, 'ABSENT', '2018-06-02', 'Normal Saturday classes', '2018-06-04 08:21:28', 1, 3, NULL, NULL),
(1843, 102, 'ABSENT', '2018-06-02', 'Normal Saturday classes', '2018-06-04 08:21:28', 1, 3, NULL, NULL),
(1844, 126, 'PRESENT', '2018-06-02', 'Normal Saturday classes', '2018-06-04 08:21:28', 1, 3, NULL, NULL),
(1845, 157, 'PRESENT', '2018-06-02', 'Normal Saturday classes', '2018-06-04 08:21:28', 1, 3, NULL, NULL),
(1846, 42, 'ABSENT', '2018-06-02', 'Normal Saturday classes', '2018-06-04 08:21:28', 1, 3, NULL, NULL),
(1847, 6, 'ABSENT', '2018-06-02', 'Normal Saturday classes', '2018-06-04 08:21:28', 1, 3, NULL, NULL),
(1848, 103, 'ABSENT', '2018-06-02', 'Normal Saturday classes', '2018-06-04 08:21:28', 1, 3, NULL, NULL),
(1849, 43, 'PRESENT', '2018-06-02', 'Normal Saturday classes', '2018-06-04 08:21:28', 1, 3, NULL, NULL),
(1850, 86, 'ABSENT', '2018-06-02', 'Normal Saturday classes', '2018-06-04 08:21:28', 1, 3, NULL, NULL),
(1851, 109, 'PRESENT', '2018-06-02', 'Normal Saturday classes', '2018-06-04 08:21:28', 1, 3, NULL, NULL),
(1852, 94, 'ABSENT', '2018-06-02', 'Normal Saturday classes', '2018-06-04 08:21:28', 1, 3, NULL, NULL),
(1853, 7, 'PRESENT', '2018-06-02', 'Normal Saturday classes', '2018-06-04 08:21:28', 1, 3, NULL, NULL),
(1854, 38, 'PRESENT', '2018-06-02', 'Normal Saturday classes', '2018-06-04 08:21:28', 1, 3, NULL, NULL),
(1855, 24, 'ABSENT', '2018-06-02', 'Normal Saturday classes', '2018-06-04 08:21:28', 1, 3, NULL, NULL),
(1856, 27, 'ABSENT', '2018-06-02', 'Normal Saturday classes', '2018-06-04 08:21:28', 1, 3, NULL, NULL),
(1857, 29, 'ABSENT', '2018-06-02', 'Normal Saturday classes', '2018-06-04 08:21:28', 1, 3, NULL, NULL),
(1858, 84, 'ABSENT', '2018-06-02', 'Normal Saturday classes', '2018-06-04 08:21:28', 1, 3, NULL, NULL),
(1859, 26, 'ABSENT', '2018-06-02', 'Normal Saturday classes', '2018-06-04 08:21:28', 1, 3, NULL, NULL),
(1860, 139, 'ABSENT', '2018-06-02', 'Normal Saturday classes', '2018-06-04 08:21:28', 1, 3, NULL, NULL),
(1861, 75, 'PRESENT', '2018-06-02', 'Normal Saturday classes', '2018-06-04 08:36:12', 1, 3, NULL, NULL),
(1862, 68, 'PRESENT', '2018-06-02', 'Normal Saturday classes', '2018-06-04 08:36:12', 1, 3, NULL, NULL),
(1863, 73, 'PRESENT', '2018-06-02', 'Normal Saturday classes', '2018-06-04 08:36:12', 1, 3, NULL, NULL),
(1864, 114, 'PRESENT', '2018-06-02', 'Normal Saturday classes', '2018-06-04 08:36:12', 1, 3, NULL, NULL),
(1865, 95, 'PRESENT', '2018-06-02', 'Normal Saturday classes', '2018-06-04 08:36:12', 1, 3, NULL, NULL),
(1866, 96, 'PRESENT', '2018-06-02', 'Normal Saturday classes', '2018-06-04 08:36:12', 1, 3, NULL, NULL),
(1867, 60, 'ABSENT', '2018-06-02', 'Normal Saturday classes', '2018-06-04 08:36:12', 1, 3, NULL, NULL),
(1869, 50, 'ABSENT', '2018-06-02', 'Normal Saturday classes', '2018-06-04 08:36:12', 1, 3, NULL, NULL),
(1870, 69, 'ABSENT', '2018-06-02', 'Normal Saturday classes', '2018-06-04 08:36:12', 1, 3, NULL, NULL),
(1871, 59, 'ABSENT', '2018-06-02', 'Normal Saturday classes', '2018-06-04 08:36:12', 1, 3, NULL, NULL),
(1872, 155, 'ABSENT', '2018-06-02', 'Normal Saturday classes', '2018-06-04 08:36:12', 1, 3, NULL, NULL),
(1874, 105, 'PRESENT', '2018-06-02', 'Normal Saturday classes', '2018-06-04 08:36:12', 1, 3, NULL, NULL),
(1875, 106, 'PRESENT', '2018-06-02', 'Normal Saturday classes', '2018-06-04 08:36:12', 1, 3, NULL, NULL),
(1876, 52, 'PRESENT', '2018-06-02', 'Normal Saturday classes', '2018-06-04 08:36:12', 1, 3, NULL, NULL),
(1878, 63, 'ABSENT', '2018-06-02', 'Normal Saturday classes', '2018-06-04 08:36:12', 1, 3, NULL, NULL),
(1879, 112, 'PRESENT', '2018-06-02', 'Normal Saturday classes', '2018-06-04 08:36:12', 1, 3, NULL, NULL),
(1880, 80, 'ABSENT', '2018-06-02', 'Normal Saturday classes', '2018-06-04 08:36:12', 1, 3, NULL, NULL),
(1881, 115, 'PRESENT', '2018-06-02', 'Normal Saturday classes', '2018-06-04 08:36:12', 1, 3, NULL, NULL),
(1882, 49, 'ABSENT', '2018-06-02', 'Normal Saturday classes', '2018-06-04 08:36:12', 1, 3, NULL, NULL),
(1883, 56, 'PRESENT', '2018-06-02', 'Normal Saturday classes', '2018-06-04 08:36:12', 1, 3, NULL, NULL),
(1884, 97, 'PRESENT', '2018-06-02', 'Normal Saturday classes', '2018-06-04 08:36:12', 1, 3, NULL, NULL),
(1885, 76, 'ABSENT', '2018-06-02', 'Normal Saturday classes', '2018-06-04 08:36:12', 1, 3, NULL, NULL),
(1886, 78, 'PRESENT', '2018-06-02', 'Normal Saturday classes', '2018-06-04 08:36:12', 1, 3, NULL, NULL),
(1887, 64, 'ABSENT', '2018-06-02', 'Normal Saturday classes', '2018-06-04 08:36:12', 1, 3, NULL, NULL),
(1888, 65, 'PRESENT', '2018-06-02', 'Normal Saturday classes', '2018-06-04 08:36:12', 1, 3, NULL, NULL),
(1889, 67, 'PRESENT', '2018-06-02', 'Normal Saturday classes', '2018-06-04 08:36:12', 1, 3, NULL, NULL),
(1890, 111, 'PRESENT', '2018-06-02', 'Normal Saturday classes', '2018-06-04 08:36:12', 1, 3, NULL, NULL),
(1891, 71, 'PRESENT', '2018-06-02', 'Normal Saturday classes', '2018-06-04 08:36:12', 1, 3, NULL, NULL),
(1892, 61, 'PRESENT', '2018-06-02', 'Normal Saturday classes', '2018-06-04 08:36:12', 1, 3, NULL, NULL),
(1893, 117, 'PRESENT', '2018-06-02', 'Normal Saturday classes', '2018-06-04 08:36:12', 1, 3, NULL, NULL),
(1894, 74, 'ABSENT', '2018-06-02', 'Normal Saturday classes', '2018-06-04 08:36:12', 1, 3, NULL, NULL),
(1895, 58, 'ABSENT', '2018-06-02', 'Normal Saturday classes', '2018-06-04 08:36:12', 1, 3, NULL, NULL),
(1896, 51, 'PRESENT', '2018-06-02', 'Normal Saturday classes', '2018-06-04 08:36:12', 1, 3, NULL, NULL),
(1897, 72, 'PRESENT', '2018-06-02', 'Normal Saturday classes', '2018-06-04 08:36:12', 1, 3, NULL, NULL),
(1898, 57, 'ABSENT', '2018-06-02', 'Normal Saturday classes', '2018-06-04 08:36:12', 1, 3, NULL, NULL),
(1899, 77, 'ABSENT', '2018-06-02', 'Normal Saturday classes', '2018-06-04 08:36:12', 1, 3, NULL, NULL),
(1900, 55, 'ABSENT', '2018-06-02', 'Normal Saturday classes', '2018-06-04 08:36:12', 1, 3, NULL, NULL),
(1901, 54, 'ABSENT', '2018-06-02', 'Normal Saturday classes', '2018-06-04 08:36:12', 1, 3, NULL, NULL),
(1902, 62, 'ABSENT', '2018-06-02', 'Normal Saturday classes', '2018-06-04 08:36:12', 1, 3, NULL, NULL),
(1903, 70, 'PRESENT', '2018-06-02', 'Normal Saturday classes', '2018-06-04 08:36:12', 1, 3, NULL, NULL),
(1904, 151, 'ABSENT', '2018-06-02', 'Normal Saturday classes', '2018-06-04 08:36:12', 1, 3, NULL, NULL),
(1905, 47, 'PRESENT', '2018-06-02', 'Normal Saturday classes', '2018-06-04 08:36:12', 1, 3, NULL, NULL),
(1906, 116, 'PRESENT', '2018-06-02', 'Normal Saturday classes', '2018-06-04 08:36:12', 1, 3, NULL, NULL),
(1907, 87, 'ABSENT', '2018-06-02', 'Normal Saturday classes', '2018-06-04 08:36:12', 1, 3, NULL, NULL),
(1908, 66, 'PRESENT', '2018-06-02', 'Normal Saturday classes', '2018-06-04 08:36:12', 1, 3, NULL, NULL),
(1909, 53, 'ABSENT', '2018-06-02', 'Normal Saturday classes', '2018-06-04 08:36:12', 1, 3, NULL, NULL),
(1910, 48, 'PRESENT', '2018-06-02', 'Normal Saturday classes', '2018-06-04 08:36:12', 1, 3, NULL, NULL),
(1911, 17, 'PRESENT', '2018-03-10', 'EXCURSION TO NATIONAL ARCHIVES', '2018-06-05 08:15:33', 1, 3, NULL, NULL),
(1912, 131, 'PRESENT', '2018-03-10', 'EXCURSION TO NATIONAL ARCHIVES', '2018-06-05 08:15:33', 1, 3, NULL, NULL),
(1913, 13, 'PRESENT', '2018-03-10', 'EXCURSION TO NATIONAL ARCHIVES', '2018-06-05 08:15:33', 1, 3, NULL, NULL),
(1914, 148, 'ABSENT', '2018-03-10', 'EXCURSION TO NATIONAL ARCHIVES', '2018-06-05 08:15:33', 1, 3, NULL, NULL),
(1915, 145, 'PRESENT', '2018-03-10', 'EXCURSION TO NATIONAL ARCHIVES', '2018-06-05 08:15:33', 1, 3, NULL, NULL),
(1916, 158, 'PRESENT', '2018-03-10', 'EXCURSION TO NATIONAL ARCHIVES', '2018-06-05 08:15:33', 1, 3, NULL, NULL),
(1918, 99, 'PRESENT', '2018-03-10', 'EXCURSION TO NATIONAL ARCHIVES', '2018-06-05 08:15:33', 1, 3, NULL, NULL),
(1919, 34, 'PRESENT', '2018-03-10', 'EXCURSION TO NATIONAL ARCHIVES', '2018-06-05 08:15:33', 1, 3, NULL, NULL),
(1920, 125, 'ABSENT', '2018-03-10', 'EXCURSION TO NATIONAL ARCHIVES', '2018-06-05 08:15:33', 1, 3, NULL, NULL),
(1921, 30, 'PRESENT', '2018-03-10', 'EXCURSION TO NATIONAL ARCHIVES', '2018-06-05 08:15:33', 1, 3, NULL, NULL),
(1922, 144, 'PRESENT', '2018-03-10', 'EXCURSION TO NATIONAL ARCHIVES', '2018-06-05 08:15:33', 1, 3, NULL, NULL),
(1923, 31, 'PRESENT', '2018-03-10', 'EXCURSION TO NATIONAL ARCHIVES', '2018-06-05 08:15:33', 1, 3, NULL, NULL),
(1924, 149, 'PRESENT', '2018-03-10', 'EXCURSION TO NATIONAL ARCHIVES', '2018-06-05 08:15:33', 1, 3, NULL, NULL),
(1925, 12, 'PRESENT', '2018-03-10', 'EXCURSION TO NATIONAL ARCHIVES', '2018-06-05 08:15:33', 1, 3, NULL, NULL),
(1926, 147, 'PRESENT', '2018-03-10', 'EXCURSION TO NATIONAL ARCHIVES', '2018-06-05 08:15:33', 1, 3, NULL, NULL),
(1927, 128, 'PRESENT', '2018-03-10', 'EXCURSION TO NATIONAL ARCHIVES', '2018-06-05 08:15:33', 1, 3, NULL, NULL),
(1928, 21, 'PRESENT', '2018-03-10', 'EXCURSION TO NATIONAL ARCHIVES', '2018-06-05 08:15:33', 1, 3, NULL, NULL),
(1929, 18, 'PRESENT', '2018-03-10', 'EXCURSION TO NATIONAL ARCHIVES', '2018-06-05 08:15:33', 1, 3, NULL, NULL),
(1930, 159, 'PRESENT', '2018-03-10', 'EXCURSION TO NATIONAL ARCHIVES', '2018-06-05 08:15:33', 1, 3, NULL, NULL),
(1931, 118, 'PRESENT', '2018-03-10', 'EXCURSION TO NATIONAL ARCHIVES', '2018-06-05 08:15:33', 1, 3, NULL, NULL),
(1932, 122, 'ABSENT', '2018-03-10', 'EXCURSION TO NATIONAL ARCHIVES', '2018-06-05 08:15:33', 1, 3, NULL, NULL),
(1933, 121, 'PRESENT', '2018-03-10', 'EXCURSION TO NATIONAL ARCHIVES', '2018-06-05 08:15:33', 1, 3, NULL, NULL),
(1934, 100, 'PRESENT', '2018-03-10', 'EXCURSION TO NATIONAL ARCHIVES', '2018-06-05 08:15:33', 1, 3, NULL, NULL),
(1935, 130, 'PRESENT', '2018-03-10', 'EXCURSION TO NATIONAL ARCHIVES', '2018-06-05 08:15:33', 1, 3, NULL, NULL),
(1936, 150, 'PRESENT', '2018-03-10', 'EXCURSION TO NATIONAL ARCHIVES', '2018-06-05 08:15:33', 1, 3, NULL, NULL),
(1937, 162, 'PRESENT', '2018-03-10', 'EXCURSION TO NATIONAL ARCHIVES', '2018-06-05 08:15:33', 1, 3, NULL, NULL),
(1938, 127, 'PRESENT', '2018-03-10', 'EXCURSION TO NATIONAL ARCHIVES', '2018-06-05 08:15:33', 1, 3, NULL, NULL),
(1939, 5, 'PRESENT', '2018-03-10', 'EXCURSION TO NATIONAL ARCHIVES', '2018-06-05 08:15:33', 1, 3, NULL, NULL),
(1940, 15, 'PRESENT', '2018-03-10', 'EXCURSION TO NATIONAL ARCHIVES', '2018-06-05 08:15:33', 1, 3, NULL, NULL),
(1941, 124, 'PRESENT', '2018-03-10', 'EXCURSION TO NATIONAL ARCHIVES', '2018-06-05 08:15:33', 1, 3, NULL, NULL),
(1942, 98, 'PRESENT', '2018-03-10', 'EXCURSION TO NATIONAL ARCHIVES', '2018-06-05 08:15:33', 1, 3, NULL, NULL),
(1943, 22, 'PRESENT', '2018-03-10', 'EXCURSION TO NATIONAL ARCHIVES', '2018-06-05 08:15:33', 1, 3, NULL, NULL),
(1944, 11, 'ABSENT', '2018-03-10', 'EXCURSION TO NATIONAL ARCHIVES', '2018-06-05 08:15:33', 1, 3, NULL, NULL),
(1945, 14, 'ABSENT', '2018-03-10', 'EXCURSION TO NATIONAL ARCHIVES', '2018-06-05 08:15:33', 1, 3, NULL, NULL),
(1946, 25, 'PRESENT', '2018-03-10', 'EXCURSION TO NATIONAL ARCHIVES', '2018-06-05 08:15:33', 1, 3, NULL, NULL),
(1947, 119, 'PRESENT', '2018-03-10', 'EXCURSION TO NATIONAL ARCHIVES', '2018-06-05 08:15:33', 1, 3, NULL, NULL),
(1948, 32, 'PRESENT', '2018-03-10', 'EXCURSION TO NATIONAL ARCHIVES', '2018-06-05 08:15:33', 1, 3, NULL, NULL),
(1949, 123, 'PRESENT', '2018-03-10', 'EXCURSION TO NATIONAL ARCHIVES', '2018-06-05 08:15:33', 1, 3, NULL, NULL),
(1950, 132, 'PRESENT', '2018-03-10', 'EXCURSION TO NATIONAL ARCHIVES', '2018-06-05 08:15:33', 1, 3, NULL, NULL),
(1951, 41, 'PRESENT', '2018-03-10', 'EXCURSION TO NATIONAL ARCHIVES', '2018-06-05 08:15:33', 1, 3, NULL, NULL),
(1952, 133, 'PRESENT', '2018-03-10', 'EXCURSION TO NATIONAL ARCHIVES', '2018-06-05 08:15:33', 1, 3, NULL, NULL),
(1953, 120, 'PRESENT', '2018-03-10', 'EXCURSION TO NATIONAL ARCHIVES', '2018-06-05 08:15:33', 1, 3, NULL, NULL),
(1954, 136, 'PRESENT', '2018-03-10', 'EXCURSION TO NATIONAL ARCHIVES', '2018-06-05 08:15:33', 1, 3, NULL, NULL),
(1955, 164, 'ABSENT', '2018-03-10', 'EXCURSION TO NATIONAL ARCHIVES', '2018-06-05 08:15:33', 1, 3, NULL, NULL),
(1956, 16, 'ABSENT', '2018-03-10', 'EXCURSION TO NATIONAL ARCHIVES', '2018-06-05 08:15:33', 1, 3, NULL, NULL),
(1957, 156, 'PRESENT', '2018-03-10', 'EXCURSION TO NATIONAL ARCHIVES', '2018-06-05 08:15:33', 1, 3, NULL, NULL),
(1958, 20, 'PRESENT', '2018-03-10', 'EXCURSION TO NATIONAL ARCHIVES', '2018-06-05 08:15:33', 1, 3, NULL, NULL),
(1959, 152, 'PRESENT', '2018-03-10', 'EXCURSION TO NATIONAL ARCHIVES', '2018-06-05 08:15:33', 1, 3, NULL, NULL),
(1960, 135, 'PRESENT', '2018-03-10', 'EXCURSION TO NATIONAL ARCHIVES', '2018-06-05 08:15:33', 1, 3, NULL, NULL),
(1961, 19, 'PRESENT', '2018-03-10', 'EXCURSION TO NATIONAL ARCHIVES', '2018-06-05 08:15:33', 1, 3, NULL, NULL),
(1962, 146, 'PRESENT', '2018-03-10', 'EXCURSION TO NATIONAL ARCHIVES', '2018-06-05 08:15:33', 1, 3, NULL, NULL),
(1963, 40, 'PRESENT', '2018-03-10', 'EXCURSION TO NATIONAL ARCHIVES', '2018-06-05 08:15:33', 1, 3, NULL, NULL),
(1964, 134, 'PRESENT', '2018-03-10', 'EXCURSION TO NATIONAL ARCHIVES', '2018-06-05 08:15:33', 1, 3, NULL, NULL),
(1965, 129, 'PRESENT', '2018-03-10', 'EXCURSION TO NATIONAL ARCHIVES', '2018-06-05 08:15:33', 1, 3, NULL, NULL),
(1966, 17, 'PRESENT', '2018-02-03', 'Normal Saturday classes', '2018-06-05 10:27:50', 1, 3, NULL, NULL),
(1967, 131, 'PRESENT', '2018-02-03', 'Normal Saturday classes', '2018-06-05 10:27:50', 1, 3, NULL, NULL),
(1968, 13, 'PRESENT', '2018-02-03', 'Normal Saturday classes', '2018-06-05 10:27:50', 1, 3, NULL, NULL),
(1969, 148, 'ABSENT', '2018-02-03', 'Normal Saturday classes', '2018-06-05 10:27:50', 1, 3, NULL, NULL),
(1970, 145, 'PRESENT', '2018-02-03', 'Normal Saturday classes', '2018-06-05 10:27:50', 1, 3, NULL, NULL),
(1971, 158, 'PRESENT', '2018-02-03', 'Normal Saturday classes', '2018-06-05 10:27:50', 1, 3, NULL, NULL),
(1973, 99, 'PRESENT', '2018-02-03', 'Normal Saturday classes', '2018-06-05 10:27:50', 1, 3, NULL, NULL),
(1974, 34, 'PRESENT', '2018-02-03', 'Normal Saturday classes', '2018-06-05 10:27:50', 1, 3, NULL, NULL),
(1975, 125, 'PRESENT', '2018-02-03', 'Normal Saturday classes', '2018-06-05 10:27:50', 1, 3, NULL, NULL),
(1976, 30, 'PRESENT', '2018-02-03', 'Normal Saturday classes', '2018-06-05 10:27:50', 1, 3, NULL, NULL),
(1977, 144, 'ABSENT', '2018-02-03', 'Normal Saturday classes', '2018-06-05 10:27:50', 1, 3, NULL, NULL),
(1978, 31, 'PRESENT', '2018-02-03', 'Normal Saturday classes', '2018-06-05 10:27:50', 1, 3, NULL, NULL),
(1979, 149, 'PRESENT', '2018-02-03', 'Normal Saturday classes', '2018-06-05 10:27:50', 1, 3, NULL, NULL),
(1980, 12, 'PRESENT', '2018-02-03', 'Normal Saturday classes', '2018-06-05 10:27:50', 1, 3, NULL, NULL),
(1981, 147, 'PRESENT', '2018-02-03', 'Normal Saturday classes', '2018-06-05 10:27:50', 1, 3, NULL, NULL),
(1982, 128, 'ABSENT', '2018-02-03', 'Normal Saturday classes', '2018-06-05 10:27:50', 1, 3, NULL, NULL),
(1983, 21, 'PRESENT', '2018-02-03', 'Normal Saturday classes', '2018-06-05 10:27:50', 1, 3, NULL, NULL),
(1984, 18, 'PRESENT', '2018-02-03', 'Normal Saturday classes', '2018-06-05 10:27:50', 1, 3, NULL, NULL),
(1985, 159, 'PRESENT', '2018-02-03', 'Normal Saturday classes', '2018-06-05 10:27:50', 1, 3, NULL, NULL),
(1986, 118, 'PRESENT', '2018-02-03', 'Normal Saturday classes', '2018-06-05 10:27:50', 1, 3, NULL, NULL),
(1987, 122, 'ABSENT', '2018-02-03', 'Normal Saturday classes', '2018-06-05 10:27:50', 1, 3, NULL, NULL),
(1988, 121, 'ABSENT', '2018-02-03', 'Normal Saturday classes', '2018-06-05 10:27:50', 1, 3, NULL, NULL),
(1989, 100, 'PRESENT', '2018-02-03', 'Normal Saturday classes', '2018-06-05 10:27:50', 1, 3, NULL, NULL),
(1990, 130, 'PRESENT', '2018-02-03', 'Normal Saturday classes', '2018-06-05 10:27:50', 1, 3, NULL, NULL),
(1991, 150, 'PRESENT', '2018-02-03', 'Normal Saturday classes', '2018-06-05 10:27:50', 1, 3, NULL, NULL),
(1992, 162, 'PRESENT', '2018-02-03', 'Normal Saturday classes', '2018-06-05 10:27:50', 1, 3, NULL, NULL),
(1993, 127, 'ABSENT', '2018-02-03', 'Normal Saturday classes', '2018-06-05 10:27:50', 1, 3, NULL, NULL),
(1994, 5, 'PRESENT', '2018-02-03', 'Normal Saturday classes', '2018-06-05 10:27:50', 1, 3, NULL, NULL),
(1995, 15, 'PRESENT', '2018-02-03', 'Normal Saturday classes', '2018-06-05 10:27:50', 1, 3, NULL, NULL),
(1996, 124, 'ABSENT', '2018-02-03', 'Normal Saturday classes', '2018-06-05 10:27:50', 1, 3, NULL, NULL),
(1997, 98, 'PRESENT', '2018-02-03', 'Normal Saturday classes', '2018-06-05 10:27:50', 1, 3, NULL, NULL),
(1998, 22, 'PRESENT', '2018-02-03', 'Normal Saturday classes', '2018-06-05 10:27:50', 1, 3, NULL, NULL),
(1999, 11, 'PRESENT', '2018-02-03', 'Normal Saturday classes', '2018-06-05 10:27:50', 1, 3, NULL, NULL),
(2000, 14, 'ABSENT', '2018-02-03', 'Normal Saturday classes', '2018-06-05 10:27:50', 1, 3, NULL, NULL),
(2001, 25, 'ABSENT', '2018-02-03', 'Normal Saturday classes', '2018-06-05 10:27:50', 1, 3, NULL, NULL),
(2002, 119, 'PRESENT', '2018-02-03', 'Normal Saturday classes', '2018-06-05 10:27:50', 1, 3, NULL, NULL),
(2003, 32, 'PRESENT', '2018-02-03', 'Normal Saturday classes', '2018-06-05 10:27:50', 1, 3, NULL, NULL),
(2004, 123, 'ABSENT', '2018-02-03', 'Normal Saturday classes', '2018-06-05 10:27:50', 1, 3, NULL, NULL),
(2005, 132, 'ABSENT', '2018-02-03', 'Normal Saturday classes', '2018-06-05 10:27:50', 1, 3, NULL, NULL),
(2006, 41, 'ABSENT', '2018-02-03', 'Normal Saturday classes', '2018-06-05 10:27:50', 1, 3, NULL, NULL),
(2007, 133, 'PRESENT', '2018-02-03', 'Normal Saturday classes', '2018-06-05 10:27:50', 1, 3, NULL, NULL),
(2008, 120, 'PRESENT', '2018-02-03', 'Normal Saturday classes', '2018-06-05 10:27:50', 1, 3, NULL, NULL),
(2009, 136, 'ABSENT', '2018-02-03', 'Normal Saturday classes', '2018-06-05 10:27:50', 1, 3, NULL, NULL),
(2010, 164, 'ABSENT', '2018-02-03', 'Normal Saturday classes', '2018-06-05 10:27:50', 1, 3, NULL, NULL),
(2011, 16, 'PRESENT', '2018-02-03', 'Normal Saturday classes', '2018-06-05 10:27:50', 1, 3, NULL, NULL),
(2012, 156, 'PRESENT', '2018-02-03', 'Normal Saturday classes', '2018-06-05 10:27:50', 1, 3, NULL, NULL),
(2013, 20, 'ABSENT', '2018-02-03', 'Normal Saturday classes', '2018-06-05 10:27:50', 1, 3, NULL, NULL),
(2014, 152, 'PRESENT', '2018-02-03', 'Normal Saturday classes', '2018-06-05 10:27:50', 1, 3, NULL, NULL),
(2015, 135, 'ABSENT', '2018-02-03', 'Normal Saturday classes', '2018-06-05 10:27:50', 1, 3, NULL, NULL),
(2016, 19, 'PRESENT', '2018-02-03', 'Normal Saturday classes', '2018-06-05 10:27:50', 1, 3, NULL, NULL),
(2017, 146, 'PRESENT', '2018-02-03', 'Normal Saturday classes', '2018-06-05 10:27:50', 1, 3, NULL, NULL),
(2018, 40, 'PRESENT', '2018-02-03', 'Normal Saturday classes', '2018-06-05 10:27:50', 1, 3, NULL, NULL),
(2019, 134, 'PRESENT', '2018-02-03', 'Normal Saturday classes', '2018-06-05 10:27:50', 1, 3, NULL, NULL),
(2020, 129, 'ABSENT', '2018-02-03', 'Normal Saturday classes', '2018-06-05 10:27:50', 1, 3, NULL, NULL),
(2021, 17, 'PRESENT', '2018-02-10', 'Normal Saturday classes', '2018-06-05 10:36:08', 1, 3, NULL, NULL),
(2022, 131, 'PRESENT', '2018-02-10', 'Normal Saturday classes', '2018-06-05 10:36:08', 1, 3, NULL, NULL),
(2023, 13, 'PRESENT', '2018-02-10', 'Normal Saturday classes', '2018-06-05 10:36:08', 1, 3, NULL, NULL),
(2024, 148, 'ABSENT', '2018-02-10', 'Normal Saturday classes', '2018-06-05 10:36:08', 1, 3, NULL, NULL),
(2025, 145, 'PRESENT', '2018-02-10', 'Normal Saturday classes', '2018-06-05 10:36:08', 1, 3, NULL, NULL),
(2026, 158, 'PRESENT', '2018-02-10', 'Normal Saturday classes', '2018-06-05 10:36:08', 1, 3, NULL, NULL),
(2028, 99, 'PRESENT', '2018-02-10', 'Normal Saturday classes', '2018-06-05 10:36:08', 1, 3, NULL, NULL),
(2029, 34, 'PRESENT', '2018-02-10', 'Normal Saturday classes', '2018-06-05 10:36:08', 1, 3, NULL, NULL),
(2030, 125, 'PRESENT', '2018-02-10', 'Normal Saturday classes', '2018-06-05 10:36:08', 1, 3, NULL, NULL),
(2031, 30, 'PRESENT', '2018-02-10', 'Normal Saturday classes', '2018-06-05 10:36:08', 1, 3, NULL, NULL),
(2032, 144, 'PRESENT', '2018-02-10', 'Normal Saturday classes', '2018-06-05 10:36:08', 1, 3, NULL, NULL),
(2033, 31, 'PRESENT', '2018-02-10', 'Normal Saturday classes', '2018-06-05 10:36:08', 1, 3, NULL, NULL),
(2034, 149, 'PRESENT', '2018-02-10', 'Normal Saturday classes', '2018-06-05 10:36:08', 1, 3, NULL, NULL),
(2035, 12, 'PRESENT', '2018-02-10', 'Normal Saturday classes', '2018-06-05 10:36:08', 1, 3, NULL, NULL),
(2036, 147, 'PRESENT', '2018-02-10', 'Normal Saturday classes', '2018-06-05 10:36:08', 1, 3, NULL, NULL),
(2037, 128, 'ABSENT', '2018-02-10', 'Normal Saturday classes', '2018-06-05 10:36:08', 1, 3, NULL, NULL),
(2038, 21, 'PRESENT', '2018-02-10', 'Normal Saturday classes', '2018-06-05 10:36:08', 1, 3, NULL, NULL),
(2039, 18, 'PRESENT', '2018-02-10', 'Normal Saturday classes', '2018-06-05 10:36:08', 1, 3, NULL, NULL),
(2040, 159, 'PRESENT', '2018-02-10', 'Normal Saturday classes', '2018-06-05 10:36:08', 1, 3, NULL, NULL),
(2041, 118, 'PRESENT', '2018-02-10', 'Normal Saturday classes', '2018-06-05 10:36:08', 1, 3, NULL, NULL),
(2042, 122, 'ABSENT', '2018-02-10', 'Normal Saturday classes', '2018-06-05 10:36:08', 1, 3, NULL, NULL),
(2043, 121, 'PRESENT', '2018-02-10', 'Normal Saturday classes', '2018-06-05 10:36:08', 1, 3, NULL, NULL),
(2044, 100, 'PRESENT', '2018-02-10', 'Normal Saturday classes', '2018-06-05 10:36:08', 1, 3, NULL, NULL),
(2045, 130, 'PRESENT', '2018-02-10', 'Normal Saturday classes', '2018-06-05 10:36:08', 1, 3, NULL, NULL),
(2046, 150, 'PRESENT', '2018-02-10', 'Normal Saturday classes', '2018-06-05 10:36:08', 1, 3, NULL, NULL),
(2047, 162, 'PRESENT', '2018-02-10', 'Normal Saturday classes', '2018-06-05 10:36:08', 1, 3, NULL, NULL),
(2048, 127, 'ABSENT', '2018-02-10', 'Normal Saturday classes', '2018-06-05 10:36:08', 1, 3, NULL, NULL),
(2049, 5, 'PRESENT', '2018-02-10', 'Normal Saturday classes', '2018-06-05 10:36:08', 1, 3, NULL, NULL),
(2050, 15, 'PRESENT', '2018-02-10', 'Normal Saturday classes', '2018-06-05 10:36:08', 1, 3, NULL, NULL),
(2051, 124, 'ABSENT', '2018-02-10', 'Normal Saturday classes', '2018-06-05 10:36:08', 1, 3, NULL, NULL),
(2052, 98, 'PRESENT', '2018-02-10', 'Normal Saturday classes', '2018-06-05 10:36:08', 1, 3, NULL, NULL),
(2053, 22, 'PRESENT', '2018-02-10', 'Normal Saturday classes', '2018-06-05 10:36:08', 1, 3, NULL, NULL),
(2054, 11, 'ABSENT', '2018-02-10', 'Normal Saturday classes', '2018-06-05 10:36:08', 1, 3, NULL, NULL),
(2055, 14, 'PRESENT', '2018-02-10', 'Normal Saturday classes', '2018-06-05 10:36:08', 1, 3, NULL, NULL),
(2056, 25, 'ABSENT', '2018-02-10', 'Normal Saturday classes', '2018-06-05 10:36:08', 1, 3, NULL, NULL),
(2057, 119, 'PRESENT', '2018-02-10', 'Normal Saturday classes', '2018-06-05 10:36:08', 1, 3, NULL, NULL),
(2058, 32, 'PRESENT', '2018-02-10', 'Normal Saturday classes', '2018-06-05 10:36:08', 1, 3, NULL, NULL),
(2059, 123, 'ABSENT', '2018-02-10', 'Normal Saturday classes', '2018-06-05 10:36:08', 1, 3, NULL, NULL),
(2060, 132, 'ABSENT', '2018-02-10', 'Normal Saturday classes', '2018-06-05 10:36:08', 1, 3, NULL, NULL),
(2061, 41, 'PRESENT', '2018-02-10', 'Normal Saturday classes', '2018-06-05 10:36:08', 1, 3, NULL, NULL),
(2062, 133, 'PRESENT', '2018-02-10', 'Normal Saturday classes', '2018-06-05 10:36:08', 1, 3, NULL, NULL),
(2063, 120, 'PRESENT', '2018-02-10', 'Normal Saturday classes', '2018-06-05 10:36:08', 1, 3, NULL, NULL),
(2064, 136, 'ABSENT', '2018-02-10', 'Normal Saturday classes', '2018-06-05 10:36:08', 1, 3, NULL, NULL),
(2065, 164, 'ABSENT', '2018-02-10', 'Normal Saturday classes', '2018-06-05 10:36:08', 1, 3, NULL, NULL),
(2066, 16, 'PRESENT', '2018-02-10', 'Normal Saturday classes', '2018-06-05 10:36:08', 1, 3, NULL, NULL),
(2067, 156, 'ABSENT', '2018-02-10', 'Normal Saturday classes', '2018-06-05 10:36:08', 1, 3, NULL, NULL),
(2068, 20, 'PRESENT', '2018-02-10', 'Normal Saturday classes', '2018-06-05 10:36:08', 1, 3, NULL, NULL),
(2069, 152, 'ABSENT', '2018-02-10', 'Normal Saturday classes', '2018-06-05 10:36:08', 1, 3, NULL, NULL),
(2070, 135, 'ABSENT', '2018-02-10', 'Normal Saturday classes', '2018-06-05 10:36:08', 1, 3, NULL, NULL),
(2071, 19, 'PRESENT', '2018-02-10', 'Normal Saturday classes', '2018-06-05 10:36:08', 1, 3, NULL, NULL),
(2072, 146, 'PRESENT', '2018-02-10', 'Normal Saturday classes', '2018-06-05 10:36:08', 1, 3, NULL, NULL),
(2073, 40, 'PRESENT', '2018-02-10', 'Normal Saturday classes', '2018-06-05 10:36:08', 1, 3, NULL, NULL),
(2074, 134, 'PRESENT', '2018-02-10', 'Normal Saturday classes', '2018-06-05 10:36:08', 1, 3, NULL, NULL),
(2075, 129, 'PRESENT', '2018-02-10', 'Normal Saturday classes', '2018-06-05 10:36:08', 1, 3, NULL, NULL),
(2076, 75, 'PRESENT', '2018-03-10', 'Normal Saturday classes', '2018-06-05 11:35:41', 1, 3, NULL, NULL),
(2077, 68, 'PRESENT', '2018-03-10', 'Normal Saturday classes', '2018-06-05 11:35:41', 1, 3, NULL, NULL),
(2078, 73, 'ABSENT', '2018-03-10', 'Normal Saturday classes', '2018-06-05 11:35:41', 1, 3, NULL, NULL),
(2079, 114, 'PRESENT', '2018-03-10', 'Normal Saturday classes', '2018-06-05 11:35:41', 1, 3, NULL, NULL),
(2080, 95, 'PRESENT', '2018-03-10', 'Normal Saturday classes', '2018-06-05 11:35:41', 1, 3, NULL, NULL),
(2081, 96, 'PRESENT', '2018-03-10', 'Normal Saturday classes', '2018-06-05 11:35:41', 1, 3, NULL, NULL),
(2082, 60, 'PRESENT', '2018-03-10', 'Normal Saturday classes', '2018-06-05 11:35:41', 1, 3, NULL, NULL),
(2084, 50, 'PRESENT', '2018-03-10', 'Normal Saturday classes', '2018-06-05 11:35:41', 1, 3, NULL, NULL),
(2085, 69, 'PRESENT', '2018-03-10', 'Normal Saturday classes', '2018-06-05 11:35:41', 1, 3, NULL, NULL),
(2086, 59, 'PRESENT', '2018-03-10', 'Normal Saturday classes', '2018-06-05 11:35:41', 1, 3, NULL, NULL),
(2087, 155, 'PRESENT', '2018-03-10', 'Normal Saturday classes', '2018-06-05 11:35:41', 1, 3, NULL, NULL),
(2089, 105, 'PRESENT', '2018-03-10', 'Normal Saturday classes', '2018-06-05 11:35:41', 1, 3, NULL, NULL),
(2090, 106, 'PRESENT', '2018-03-10', 'Normal Saturday classes', '2018-06-05 11:35:41', 1, 3, NULL, NULL),
(2091, 52, 'PRESENT', '2018-03-10', 'Normal Saturday classes', '2018-06-05 11:35:41', 1, 3, NULL, NULL),
(2093, 63, 'PRESENT', '2018-03-10', 'Normal Saturday classes', '2018-06-05 11:35:41', 1, 3, NULL, NULL),
(2094, 112, 'PRESENT', '2018-03-10', 'Normal Saturday classes', '2018-06-05 11:35:41', 1, 3, NULL, NULL),
(2095, 80, 'PRESENT', '2018-03-10', 'Normal Saturday classes', '2018-06-05 11:35:41', 1, 3, NULL, NULL),
(2096, 115, 'PRESENT', '2018-03-10', 'Normal Saturday classes', '2018-06-05 11:35:41', 1, 3, NULL, NULL),
(2097, 49, 'ABSENT', '2018-03-10', 'Normal Saturday classes', '2018-06-05 11:35:41', 1, 3, NULL, NULL),
(2098, 56, 'PRESENT', '2018-03-10', 'Normal Saturday classes', '2018-06-05 11:35:41', 1, 3, NULL, NULL),
(2099, 97, 'PRESENT', '2018-03-10', 'Normal Saturday classes', '2018-06-05 11:35:41', 1, 3, NULL, NULL),
(2100, 76, 'PRESENT', '2018-03-10', 'Normal Saturday classes', '2018-06-05 11:35:41', 1, 3, NULL, NULL),
(2101, 78, 'ABSENT', '2018-03-10', 'Normal Saturday classes', '2018-06-05 11:35:41', 1, 3, NULL, NULL),
(2102, 64, 'PRESENT', '2018-03-10', 'Normal Saturday classes', '2018-06-05 11:35:41', 1, 3, NULL, NULL),
(2103, 65, 'PRESENT', '2018-03-10', 'Normal Saturday classes', '2018-06-05 11:35:41', 1, 3, NULL, NULL),
(2104, 67, 'ABSENT', '2018-03-10', 'Normal Saturday classes', '2018-06-05 11:35:41', 1, 3, NULL, NULL),
(2105, 71, 'PRESENT', '2018-03-10', 'Normal Saturday classes', '2018-06-05 11:35:41', 1, 3, NULL, NULL),
(2106, 61, 'PRESENT', '2018-03-10', 'Normal Saturday classes', '2018-06-05 11:35:41', 1, 3, NULL, NULL),
(2107, 117, 'PRESENT', '2018-03-10', 'Normal Saturday classes', '2018-06-05 11:35:41', 1, 3, NULL, NULL),
(2108, 74, 'PRESENT', '2018-03-10', 'Normal Saturday classes', '2018-06-05 11:35:41', 1, 3, NULL, NULL),
(2109, 58, 'PRESENT', '2018-03-10', 'Normal Saturday classes', '2018-06-05 11:35:41', 1, 3, NULL, NULL),
(2110, 51, 'PRESENT', '2018-03-10', 'Normal Saturday classes', '2018-06-05 11:35:41', 1, 3, NULL, NULL),
(2111, 72, 'PRESENT', '2018-03-10', 'Normal Saturday classes', '2018-06-05 11:35:41', 1, 3, NULL, NULL),
(2112, 57, 'ABSENT', '2018-03-10', 'Normal Saturday classes', '2018-06-05 11:35:41', 1, 3, NULL, NULL),
(2113, 77, 'PRESENT', '2018-03-10', 'Normal Saturday classes', '2018-06-05 11:35:41', 1, 3, NULL, NULL),
(2114, 55, 'PRESENT', '2018-03-10', 'Normal Saturday classes', '2018-06-05 11:35:41', 1, 3, NULL, NULL),
(2115, 54, 'PRESENT', '2018-03-10', 'Normal Saturday classes', '2018-06-05 11:35:41', 1, 3, NULL, NULL),
(2116, 62, 'PRESENT', '2018-03-10', 'Normal Saturday classes', '2018-06-05 11:35:41', 1, 3, NULL, NULL),
(2117, 70, 'PRESENT', '2018-03-10', 'Normal Saturday classes', '2018-06-05 11:35:41', 1, 3, NULL, NULL),
(2118, 151, 'PRESENT', '2018-03-10', 'Normal Saturday classes', '2018-06-05 11:35:41', 1, 3, NULL, NULL),
(2119, 47, 'PRESENT', '2018-03-10', 'Normal Saturday classes', '2018-06-05 11:35:41', 1, 3, NULL, NULL),
(2120, 116, 'PRESENT', '2018-03-10', 'Normal Saturday classes', '2018-06-05 11:35:41', 1, 3, NULL, NULL),
(2121, 87, 'PRESENT', '2018-03-10', 'Normal Saturday classes', '2018-06-05 11:35:41', 1, 3, NULL, NULL),
(2122, 66, 'ABSENT', '2018-03-10', 'Normal Saturday classes', '2018-06-05 11:35:41', 1, 3, NULL, NULL),
(2123, 53, 'PRESENT', '2018-03-10', 'Normal Saturday classes', '2018-06-05 11:35:41', 1, 3, NULL, NULL),
(2124, 48, 'PRESENT', '2018-03-10', 'Normal Saturday classes', '2018-06-05 11:35:41', 1, 3, NULL, NULL),
(2125, 160, 'ABSENT', '2018-03-10', 'Excursion to national archives.', '2018-06-05 11:47:46', 1, 3, NULL, NULL),
(2127, 143, 'PRESENT', '2018-03-10', 'Excursion to national archives.', '2018-06-05 11:47:46', 1, 3, NULL, NULL),
(2128, 142, 'PRESENT', '2018-03-10', 'Excursion to national archives.', '2018-06-05 11:47:46', 1, 3, NULL, NULL),
(2129, 91, 'ABSENT', '2018-03-10', 'Excursion to national archives.', '2018-06-05 11:47:46', 1, 3, NULL, NULL),
(2130, 2, 'ABSENT', '2018-03-10', 'Excursion to national archives.', '2018-06-05 11:47:46', 1, 3, NULL, NULL),
(2131, 39, 'PRESENT', '2018-03-10', 'Excursion to national archives.', '2018-06-05 11:47:46', 1, 3, NULL, NULL),
(2132, 23, 'ABSENT', '2018-03-10', 'Excursion to national archives.', '2018-06-05 11:47:46', 1, 3, NULL, NULL),
(2133, 140, 'PRESENT', '2018-03-10', 'Excursion to national archives.', '2018-06-05 11:47:46', 1, 3, NULL, NULL),
(2134, 89, 'ABSENT', '2018-03-10', 'Excursion to national archives.', '2018-06-05 11:47:46', 1, 3, NULL, NULL),
(2135, 33, 'PRESENT', '2018-03-10', 'Excursion to national archives.', '2018-06-05 11:47:46', 1, 3, NULL, NULL),
(2136, 88, 'ABSENT', '2018-03-10', 'Excursion to national archives.', '2018-06-05 11:47:46', 1, 3, NULL, NULL),
(2137, 153, 'ABSENT', '2018-03-10', 'Excursion to national archives.', '2018-06-05 11:47:46', 1, 3, NULL, NULL),
(2138, 141, 'PRESENT', '2018-03-10', 'Excursion to national archives.', '2018-06-05 11:47:46', 1, 3, NULL, NULL),
(2139, 8, 'PRESENT', '2018-03-10', 'Excursion to national archives.', '2018-06-05 11:47:46', 1, 3, NULL, NULL),
(2140, 101, 'ABSENT', '2018-03-10', 'Excursion to national archives.', '2018-06-05 11:47:46', 1, 3, NULL, NULL),
(2141, 37, 'PRESENT', '2018-03-10', 'Excursion to national archives.', '2018-06-05 11:47:46', 1, 3, NULL, NULL),
(2142, 110, 'ABSENT', '2018-03-10', 'Excursion to national archives.', '2018-06-05 11:47:46', 1, 3, NULL, NULL),
(2143, 46, 'PRESENT', '2018-03-10', 'Excursion to national archives.', '2018-06-05 11:47:46', 1, 3, NULL, NULL),
(2144, 85, 'ABSENT', '2018-03-10', 'Excursion to national archives.', '2018-06-05 11:47:46', 1, 3, NULL, NULL),
(2145, 28, 'PRESENT', '2018-03-10', 'Excursion to national archives.', '2018-06-05 11:47:46', 1, 3, NULL, NULL),
(2146, 44, 'ABSENT', '2018-03-10', 'Excursion to national archives.', '2018-06-05 11:47:46', 1, 3, NULL, NULL),
(2147, 93, 'ABSENT', '2018-03-10', 'Excursion to national archives.', '2018-06-05 11:47:46', 1, 3, NULL, NULL),
(2148, 83, 'ABSENT', '2018-03-10', 'Excursion to national archives.', '2018-06-05 11:47:46', 1, 3, NULL, NULL),
(2149, 90, 'ABSENT', '2018-03-10', 'Excursion to national archives.', '2018-06-05 11:47:46', 1, 3, NULL, NULL),
(2150, 10, 'ABSENT', '2018-03-10', 'Excursion to national archives.', '2018-06-05 11:47:46', 1, 3, NULL, NULL),
(2151, 92, 'ABSENT', '2018-03-10', 'Excursion to national archives.', '2018-06-05 11:47:46', 1, 3, NULL, NULL),
(2152, 102, 'ABSENT', '2018-03-10', 'Excursion to national archives.', '2018-06-05 11:47:46', 1, 3, NULL, NULL),
(2153, 126, 'PRESENT', '2018-03-10', 'Excursion to national archives.', '2018-06-05 11:47:46', 1, 3, NULL, NULL),
(2154, 157, 'PRESENT', '2018-03-10', 'Excursion to national archives.', '2018-06-05 11:47:46', 1, 3, NULL, NULL),
(2155, 42, 'ABSENT', '2018-03-10', 'Excursion to national archives.', '2018-06-05 11:47:46', 1, 3, NULL, NULL),
(2156, 6, 'ABSENT', '2018-03-10', 'Excursion to national archives.', '2018-06-05 11:47:46', 1, 3, NULL, NULL),
(2157, 103, 'ABSENT', '2018-03-10', 'Excursion to national archives.', '2018-06-05 11:47:46', 1, 3, NULL, NULL),
(2158, 43, 'PRESENT', '2018-03-10', 'Excursion to national archives.', '2018-06-05 11:47:46', 1, 3, NULL, NULL),
(2159, 86, 'ABSENT', '2018-03-10', 'Excursion to national archives.', '2018-06-05 11:47:46', 1, 3, NULL, NULL),
(2160, 109, 'ABSENT', '2018-03-10', 'Excursion to national archives.', '2018-06-05 11:47:46', 1, 3, NULL, NULL),
(2161, 94, 'ABSENT', '2018-03-10', 'Excursion to national archives.', '2018-06-05 11:47:46', 1, 3, NULL, NULL),
(2162, 7, 'PRESENT', '2018-03-10', 'Excursion to national archives.', '2018-06-05 11:47:46', 1, 3, NULL, NULL),
(2163, 38, 'PRESENT', '2018-03-10', 'Excursion to national archives.', '2018-06-05 11:47:46', 1, 3, NULL, NULL),
(2164, 24, 'ABSENT', '2018-03-10', 'Excursion to national archives.', '2018-06-05 11:47:46', 1, 3, NULL, NULL),
(2165, 27, 'ABSENT', '2018-03-10', 'Excursion to national archives.', '2018-06-05 11:47:46', 1, 3, NULL, NULL),
(2166, 29, 'ABSENT', '2018-03-10', 'Excursion to national archives.', '2018-06-05 11:47:46', 1, 3, NULL, NULL),
(2167, 84, 'ABSENT', '2018-03-10', 'Excursion to national archives.', '2018-06-05 11:47:46', 1, 3, NULL, NULL),
(2168, 26, 'PRESENT', '2018-03-10', 'Excursion to national archives.', '2018-06-05 11:47:46', 1, 3, NULL, NULL),
(2169, 139, 'PRESENT', '2018-03-10', 'Excursion to national archives.', '2018-06-05 11:47:46', 1, 3, NULL, NULL),
(2170, 160, 'EXCUSED', '2018-02-16', 'Girl\'s seminar', '2018-06-05 12:02:41', 1, 3, NULL, NULL),
(2172, 143, 'PRESENT', '2018-02-16', 'Girl\'s seminar', '2018-06-05 12:02:41', 1, 3, NULL, NULL),
(2173, 142, 'PRESENT', '2018-02-16', 'Girl\'s seminar', '2018-06-05 12:02:41', 1, 3, NULL, NULL),
(2174, 91, 'EXCUSED', '2018-02-16', 'Girl\'s seminar', '2018-06-05 12:02:41', 1, 3, NULL, NULL),
(2175, 2, 'EXCUSED', '2018-02-16', 'Girl\'s seminar', '2018-06-05 12:02:41', 1, 3, NULL, NULL),
(2176, 39, 'PRESENT', '2018-02-16', 'Girl\'s seminar', '2018-06-05 12:02:41', 1, 3, NULL, NULL),
(2177, 23, 'EXCUSED', '2018-02-16', 'Girl\'s seminar', '2018-06-05 12:02:41', 1, 3, NULL, NULL),
(2178, 140, 'PRESENT', '2018-02-16', 'Girl\'s seminar', '2018-06-05 12:02:41', 1, 3, NULL, NULL),
(2179, 89, 'EXCUSED', '2018-02-16', 'Girl\'s seminar', '2018-06-05 12:02:41', 1, 3, NULL, NULL),
(2180, 33, 'PRESENT', '2018-02-16', 'Girl\'s seminar', '2018-06-05 12:02:41', 1, 3, NULL, NULL),
(2181, 88, 'EXCUSED', '2018-02-16', 'Girl\'s seminar', '2018-06-05 12:02:41', 1, 3, NULL, NULL),
(2182, 153, 'PRESENT', '2018-02-16', 'Girl\'s seminar', '2018-06-05 12:02:41', 1, 3, NULL, NULL),
(2183, 141, 'ABSENT', '2018-02-16', 'Girl\'s seminar', '2018-06-05 12:02:41', 1, 3, NULL, NULL),
(2184, 8, 'PRESENT', '2018-02-16', 'Girl\'s seminar', '2018-06-05 12:02:41', 1, 3, NULL, NULL),
(2185, 101, 'EXCUSED', '2018-02-16', 'Girl\'s seminar', '2018-06-05 12:02:41', 1, 3, NULL, NULL),
(2186, 104, 'EXCUSED', '2018-02-16', 'Girl\'s seminar', '2018-06-05 12:02:41', 1, 3, NULL, NULL),
(2187, 37, 'PRESENT', '2018-02-16', 'Girl\'s seminar', '2018-06-05 12:02:41', 1, 3, NULL, NULL),
(2188, 110, 'EXCUSED', '2018-02-16', 'Girl\'s seminar', '2018-06-05 12:02:41', 1, 3, NULL, NULL),
(2189, 46, 'PRESENT', '2018-02-16', 'Girl\'s seminar', '2018-06-05 12:02:41', 1, 3, NULL, NULL),
(2190, 85, 'EXCUSED', '2018-02-16', 'Girl\'s seminar', '2018-06-05 12:02:41', 1, 3, NULL, NULL),
(2191, 28, 'PRESENT', '2018-02-16', 'Girl\'s seminar', '2018-06-05 12:02:41', 1, 3, NULL, NULL),
(2192, 44, 'EXCUSED', '2018-02-16', 'Girl\'s seminar', '2018-06-05 12:02:41', 1, 3, NULL, NULL),
(2193, 93, 'EXCUSED', '2018-02-16', 'Girl\'s seminar', '2018-06-05 12:02:41', 1, 3, NULL, NULL),
(2194, 83, 'EXCUSED', '2018-02-16', 'Girl\'s seminar', '2018-06-05 12:02:41', 1, 3, NULL, NULL),
(2195, 90, 'EXCUSED', '2018-02-16', 'Girl\'s seminar', '2018-06-05 12:02:41', 1, 3, NULL, NULL),
(2196, 10, 'EXCUSED', '2018-02-16', 'Girl\'s seminar', '2018-06-05 12:02:41', 1, 3, NULL, NULL),
(2197, 92, 'EXCUSED', '2018-02-16', 'Girl\'s seminar', '2018-06-05 12:02:41', 1, 3, NULL, NULL),
(2198, 102, 'EXCUSED', '2018-02-16', 'Girl\'s seminar', '2018-06-05 12:02:41', 1, 3, NULL, NULL),
(2199, 126, 'PRESENT', '2018-02-16', 'Girl\'s seminar', '2018-06-05 12:02:41', 1, 3, NULL, NULL),
(2200, 157, 'PRESENT', '2018-02-16', 'Girl\'s seminar', '2018-06-05 12:02:41', 1, 3, NULL, NULL),
(2201, 42, 'EXCUSED', '2018-02-16', 'Girl\'s seminar', '2018-06-05 12:02:41', 1, 3, NULL, NULL),
(2202, 6, 'EXCUSED', '2018-02-16', 'Girl\'s seminar', '2018-06-05 12:02:41', 1, 3, NULL, NULL),
(2203, 103, 'EXCUSED', '2018-02-16', 'Girl\'s seminar', '2018-06-05 12:02:41', 1, 3, NULL, NULL),
(2204, 43, 'PRESENT', '2018-02-16', 'Girl\'s seminar', '2018-06-05 12:02:41', 1, 3, NULL, NULL);
INSERT INTO `menteeattendance` (`attendanceAutoId`, `attendanceMenteeId`, `attendanceStatus`, `attendanceDate`, `attendance_event_name`, `attendanceUpdated`, `creating_user_group_id`, `creating_user_id`, `last_update_user_id`, `last_update_user_group_id`) VALUES
(2205, 86, 'EXCUSED', '2018-02-16', 'Girl\'s seminar', '2018-06-05 12:02:41', 1, 3, NULL, NULL),
(2206, 109, 'EXCUSED', '2018-02-16', 'Girl\'s seminar', '2018-06-05 12:02:41', 1, 3, NULL, NULL),
(2207, 94, 'EXCUSED', '2018-02-16', 'Girl\'s seminar', '2018-06-05 12:02:41', 1, 3, NULL, NULL),
(2208, 7, 'PRESENT', '2018-02-16', 'Girl\'s seminar', '2018-06-05 12:02:41', 1, 3, NULL, NULL),
(2209, 38, 'PRESENT', '2018-02-16', 'Girl\'s seminar', '2018-06-05 12:02:41', 1, 3, NULL, NULL),
(2210, 24, 'EXCUSED', '2018-02-16', 'Girl\'s seminar', '2018-06-05 12:02:41', 1, 3, NULL, NULL),
(2211, 27, 'EXCUSED', '2018-02-16', 'Girl\'s seminar', '2018-06-05 12:02:41', 1, 3, NULL, NULL),
(2212, 29, 'EXCUSED', '2018-02-16', 'Girl\'s seminar', '2018-06-05 12:02:41', 1, 3, NULL, NULL),
(2213, 84, 'EXCUSED', '2018-02-16', 'Girl\'s seminar', '2018-06-05 12:02:41', 1, 3, NULL, NULL),
(2214, 26, 'PRESENT', '2018-02-16', 'Girl\'s seminar', '2018-06-05 12:02:41', 1, 3, NULL, NULL),
(2215, 139, 'PRESENT', '2018-02-16', 'Girl\'s seminar', '2018-06-05 12:02:41', 1, 3, NULL, NULL),
(2216, 75, 'PRESENT', '2018-03-03', 'Normal Saturday classes', '2018-06-05 12:11:42', 1, 3, NULL, NULL),
(2217, 68, 'PRESENT', '2018-03-03', 'Normal Saturday classes', '2018-06-05 12:11:42', 1, 3, NULL, NULL),
(2218, 73, 'PRESENT', '2018-03-03', 'Normal Saturday classes', '2018-06-05 12:11:42', 1, 3, NULL, NULL),
(2219, 114, 'PRESENT', '2018-03-03', 'Normal Saturday classes', '2018-06-05 12:11:42', 1, 3, NULL, NULL),
(2220, 95, 'ABSENT', '2018-03-03', 'Normal Saturday classes', '2018-06-05 12:11:42', 1, 3, NULL, NULL),
(2221, 96, 'ABSENT', '2018-03-03', 'Normal Saturday classes', '2018-06-05 12:11:42', 1, 3, NULL, NULL),
(2222, 60, 'PRESENT', '2018-03-03', 'Normal Saturday classes', '2018-06-05 12:11:42', 1, 3, NULL, NULL),
(2224, 50, 'PRESENT', '2018-03-03', 'Normal Saturday classes', '2018-06-05 12:11:42', 1, 3, NULL, NULL),
(2225, 69, 'PRESENT', '2018-03-03', 'Normal Saturday classes', '2018-06-05 12:11:42', 1, 3, NULL, NULL),
(2226, 59, 'PRESENT', '2018-03-03', 'Normal Saturday classes', '2018-06-05 12:11:42', 1, 3, NULL, NULL),
(2227, 155, 'PRESENT', '2018-03-03', 'Normal Saturday classes', '2018-06-05 12:11:42', 1, 3, NULL, NULL),
(2228, 105, 'PRESENT', '2018-03-03', 'Normal Saturday classes', '2018-06-05 12:11:42', 1, 3, NULL, NULL),
(2229, 106, 'PRESENT', '2018-03-03', 'Normal Saturday classes', '2018-06-05 12:11:42', 1, 3, NULL, NULL),
(2230, 52, 'PRESENT', '2018-03-03', 'Normal Saturday classes', '2018-06-05 12:11:42', 1, 3, NULL, NULL),
(2232, 63, 'ABSENT', '2018-03-03', 'Normal Saturday classes', '2018-06-05 12:11:42', 1, 3, NULL, NULL),
(2233, 112, 'PRESENT', '2018-03-03', 'Normal Saturday classes', '2018-06-05 12:11:42', 1, 3, NULL, NULL),
(2234, 80, 'ABSENT', '2018-03-03', 'Normal Saturday classes', '2018-06-05 12:11:42', 1, 3, NULL, NULL),
(2235, 115, 'PRESENT', '2018-03-03', 'Normal Saturday classes', '2018-06-05 12:11:42', 1, 3, NULL, NULL),
(2236, 49, 'PRESENT', '2018-03-03', 'Normal Saturday classes', '2018-06-05 12:11:42', 1, 3, NULL, NULL),
(2237, 56, 'ABSENT', '2018-03-03', 'Normal Saturday classes', '2018-06-05 12:11:42', 1, 3, NULL, NULL),
(2238, 97, 'ABSENT', '2018-03-03', 'Normal Saturday classes', '2018-06-05 12:11:42', 1, 3, NULL, NULL),
(2239, 76, 'PRESENT', '2018-03-03', 'Normal Saturday classes', '2018-06-05 12:11:42', 1, 3, NULL, NULL),
(2240, 78, 'PRESENT', '2018-03-03', 'Normal Saturday classes', '2018-06-05 12:11:42', 1, 3, NULL, NULL),
(2241, 64, 'PRESENT', '2018-03-03', 'Normal Saturday classes', '2018-06-05 12:11:42', 1, 3, NULL, NULL),
(2242, 65, 'PRESENT', '2018-03-03', 'Normal Saturday classes', '2018-06-05 12:11:42', 1, 3, NULL, NULL),
(2243, 67, 'PRESENT', '2018-03-03', 'Normal Saturday classes', '2018-06-05 12:11:42', 1, 3, NULL, NULL),
(2244, 111, 'PRESENT', '2018-03-03', 'Normal Saturday classes', '2018-06-05 12:11:42', 1, 3, NULL, NULL),
(2245, 71, 'PRESENT', '2018-03-03', 'Normal Saturday classes', '2018-06-05 12:11:42', 1, 3, NULL, NULL),
(2246, 61, 'PRESENT', '2018-03-03', 'Normal Saturday classes', '2018-06-05 12:11:42', 1, 3, NULL, NULL),
(2247, 117, 'PRESENT', '2018-03-03', 'Normal Saturday classes', '2018-06-05 12:11:42', 1, 3, NULL, NULL),
(2248, 74, 'ABSENT', '2018-03-03', 'Normal Saturday classes', '2018-06-05 12:11:42', 1, 3, NULL, NULL),
(2249, 58, 'ABSENT', '2018-03-03', 'Normal Saturday classes', '2018-06-05 12:11:42', 1, 3, NULL, NULL),
(2250, 51, 'PRESENT', '2018-03-03', 'Normal Saturday classes', '2018-06-05 12:11:42', 1, 3, NULL, NULL),
(2251, 72, 'PRESENT', '2018-03-03', 'Normal Saturday classes', '2018-06-05 12:11:42', 1, 3, NULL, NULL),
(2252, 57, 'ABSENT', '2018-03-03', 'Normal Saturday classes', '2018-06-05 12:11:42', 1, 3, NULL, NULL),
(2253, 77, 'PRESENT', '2018-03-03', 'Normal Saturday classes', '2018-06-05 12:11:42', 1, 3, NULL, NULL),
(2254, 55, 'PRESENT', '2018-03-03', 'Normal Saturday classes', '2018-06-05 12:11:42', 1, 3, NULL, NULL),
(2255, 54, 'PRESENT', '2018-03-03', 'Normal Saturday classes', '2018-06-05 12:11:42', 1, 3, NULL, NULL),
(2256, 62, 'PRESENT', '2018-03-03', 'Normal Saturday classes', '2018-06-05 12:11:42', 1, 3, NULL, NULL),
(2257, 70, 'PRESENT', '2018-03-03', 'Normal Saturday classes', '2018-06-05 12:11:42', 1, 3, NULL, NULL),
(2258, 151, 'PRESENT', '2018-03-03', 'Normal Saturday classes', '2018-06-05 12:11:42', 1, 3, NULL, NULL),
(2259, 47, 'PRESENT', '2018-03-03', 'Normal Saturday classes', '2018-06-05 12:11:42', 1, 3, NULL, NULL),
(2260, 116, 'PRESENT', '2018-03-03', 'Normal Saturday classes', '2018-06-05 12:11:42', 1, 3, NULL, NULL),
(2261, 87, 'PRESENT', '2018-03-03', 'Normal Saturday classes', '2018-06-05 12:11:42', 1, 3, NULL, NULL),
(2262, 66, 'PRESENT', '2018-03-03', 'Normal Saturday classes', '2018-06-05 12:11:42', 1, 3, NULL, NULL),
(2263, 53, 'PRESENT', '2018-03-03', 'Normal Saturday classes', '2018-06-05 12:11:42', 1, 3, NULL, NULL),
(2264, 48, 'PRESENT', '2018-03-03', 'Normal Saturday classes', '2018-06-05 12:11:42', 1, 3, NULL, NULL),
(2265, 160, 'PRESENT', '2018-03-03', 'Normal Saturday classes', '2018-06-06 08:17:40', 1, 3, NULL, NULL),
(2267, 143, 'PRESENT', '2018-03-03', 'Normal Saturday classes', '2018-06-06 08:17:40', 1, 3, NULL, NULL),
(2268, 142, 'ABSENT', '2018-03-03', 'Normal Saturday classes', '2018-06-06 08:17:40', 1, 3, NULL, NULL),
(2269, 91, 'PRESENT', '2018-03-03', 'Normal Saturday classes', '2018-06-06 08:17:40', 1, 3, NULL, NULL),
(2270, 2, 'ABSENT', '2018-03-03', 'Normal Saturday classes', '2018-06-06 08:17:40', 1, 3, NULL, NULL),
(2271, 39, 'PRESENT', '2018-03-03', 'Normal Saturday classes', '2018-06-06 08:17:40', 1, 3, NULL, NULL),
(2272, 23, 'PRESENT', '2018-03-03', 'Normal Saturday classes', '2018-06-06 08:17:40', 1, 3, NULL, NULL),
(2273, 140, 'ABSENT', '2018-03-03', 'Normal Saturday classes', '2018-06-06 08:17:40', 1, 3, NULL, NULL),
(2274, 89, 'PRESENT', '2018-03-03', 'Normal Saturday classes', '2018-06-06 08:17:40', 1, 3, NULL, NULL),
(2275, 33, 'PRESENT', '2018-03-03', 'Normal Saturday classes', '2018-06-06 08:17:40', 1, 3, NULL, NULL),
(2276, 88, 'ABSENT', '2018-03-03', 'Normal Saturday classes', '2018-06-06 08:17:40', 1, 3, NULL, NULL),
(2277, 153, 'ABSENT', '2018-03-03', 'Normal Saturday classes', '2018-06-06 08:17:40', 1, 3, NULL, NULL),
(2278, 141, 'ABSENT', '2018-03-03', 'Normal Saturday classes', '2018-06-06 08:17:40', 1, 3, NULL, NULL),
(2279, 8, 'ABSENT', '2018-03-03', 'Normal Saturday classes', '2018-06-06 08:17:40', 1, 3, NULL, NULL),
(2280, 101, 'ABSENT', '2018-03-03', 'Normal Saturday classes', '2018-06-06 08:17:40', 1, 3, NULL, NULL),
(2281, 104, 'PRESENT', '2018-03-03', 'Normal Saturday classes', '2018-06-06 08:17:40', 1, 3, NULL, NULL),
(2282, 37, 'PRESENT', '2018-03-03', 'Normal Saturday classes', '2018-06-06 08:17:40', 1, 3, NULL, NULL),
(2283, 110, 'PRESENT', '2018-03-03', 'Normal Saturday classes', '2018-06-06 08:17:40', 1, 3, NULL, NULL),
(2284, 46, 'PRESENT', '2018-03-03', 'Normal Saturday classes', '2018-06-06 08:17:40', 1, 3, NULL, NULL),
(2285, 85, 'PRESENT', '2018-03-03', 'Normal Saturday classes', '2018-06-06 08:17:40', 1, 3, NULL, NULL),
(2286, 28, 'ABSENT', '2018-03-03', 'Normal Saturday classes', '2018-06-06 08:17:40', 1, 3, NULL, NULL),
(2287, 44, 'PRESENT', '2018-03-03', 'Normal Saturday classes', '2018-06-06 08:17:40', 1, 3, NULL, NULL),
(2288, 93, 'ABSENT', '2018-03-03', 'Normal Saturday classes', '2018-06-06 08:17:40', 1, 3, NULL, NULL),
(2289, 83, 'ABSENT', '2018-03-03', 'Normal Saturday classes', '2018-06-06 08:17:40', 1, 3, NULL, NULL),
(2290, 90, 'PRESENT', '2018-03-03', 'Normal Saturday classes', '2018-06-06 08:17:40', 1, 3, NULL, NULL),
(2291, 10, 'ABSENT', '2018-03-03', 'Normal Saturday classes', '2018-06-06 08:17:40', 1, 3, NULL, NULL),
(2292, 92, 'ABSENT', '2018-03-03', 'Normal Saturday classes', '2018-06-06 08:17:40', 1, 3, NULL, NULL),
(2293, 102, 'ABSENT', '2018-03-03', 'Normal Saturday classes', '2018-06-06 08:17:40', 1, 3, NULL, NULL),
(2294, 126, 'PRESENT', '2018-03-03', 'Normal Saturday classes', '2018-06-06 08:17:40', 1, 3, NULL, NULL),
(2295, 157, 'PRESENT', '2018-03-03', 'Normal Saturday classes', '2018-06-06 08:17:40', 1, 3, NULL, NULL),
(2296, 42, 'ABSENT', '2018-03-03', 'Normal Saturday classes', '2018-06-06 08:17:40', 1, 3, NULL, NULL),
(2297, 6, 'ABSENT', '2018-03-03', 'Normal Saturday classes', '2018-06-06 08:17:40', 1, 3, NULL, NULL),
(2298, 103, 'PRESENT', '2018-03-03', 'Normal Saturday classes', '2018-06-06 08:17:40', 1, 3, NULL, NULL),
(2299, 43, 'PRESENT', '2018-03-03', 'Normal Saturday classes', '2018-06-06 08:17:40', 1, 3, NULL, NULL),
(2300, 86, 'ABSENT', '2018-03-03', 'Normal Saturday classes', '2018-06-06 08:17:40', 1, 3, NULL, NULL),
(2301, 109, 'PRESENT', '2018-03-03', 'Normal Saturday classes', '2018-06-06 08:17:40', 1, 3, NULL, NULL),
(2302, 94, 'PRESENT', '2018-03-03', 'Normal Saturday classes', '2018-06-06 08:17:40', 1, 3, NULL, NULL),
(2303, 7, 'PRESENT', '2018-03-03', 'Normal Saturday classes', '2018-06-06 08:17:40', 1, 3, NULL, NULL),
(2304, 38, 'PRESENT', '2018-03-03', 'Normal Saturday classes', '2018-06-06 08:17:40', 1, 3, NULL, NULL),
(2305, 24, 'PRESENT', '2018-03-03', 'Normal Saturday classes', '2018-06-06 08:17:40', 1, 3, NULL, NULL),
(2306, 27, 'PRESENT', '2018-03-03', 'Normal Saturday classes', '2018-06-06 08:17:40', 1, 3, NULL, NULL),
(2307, 29, 'PRESENT', '2018-03-03', 'Normal Saturday classes', '2018-06-06 08:17:40', 1, 3, NULL, NULL),
(2308, 84, 'PRESENT', '2018-03-03', 'Normal Saturday classes', '2018-06-06 08:17:40', 1, 3, NULL, NULL),
(2309, 26, 'ABSENT', '2018-03-03', 'Normal Saturday classes', '2018-06-06 08:17:40', 1, 3, NULL, NULL),
(2310, 139, 'ABSENT', '2018-03-03', 'Normal Saturday classes', '2018-06-06 08:17:40', 1, 3, NULL, NULL),
(2311, 160, 'PRESENT', '2018-02-03', 'Normal Saturday classes', '2018-06-06 08:24:23', 1, 3, NULL, NULL),
(2313, 143, 'ABSENT', '2018-02-03', 'Normal Saturday classes', '2018-06-06 08:24:23', 1, 3, NULL, NULL),
(2314, 142, 'ABSENT', '2018-02-03', 'Normal Saturday classes', '2018-06-06 08:24:23', 1, 3, NULL, NULL),
(2315, 91, 'PRESENT', '2018-02-03', 'Normal Saturday classes', '2018-06-06 08:24:23', 1, 3, NULL, NULL),
(2316, 2, 'ABSENT', '2018-02-03', 'Normal Saturday classes', '2018-06-06 08:24:23', 1, 3, NULL, NULL),
(2317, 39, 'PRESENT', '2018-02-03', 'Normal Saturday classes', '2018-06-06 08:24:23', 1, 3, NULL, NULL),
(2318, 23, 'PRESENT', '2018-02-03', 'Normal Saturday classes', '2018-06-06 08:24:23', 1, 3, NULL, NULL),
(2319, 140, 'PRESENT', '2018-02-03', 'Normal Saturday classes', '2018-06-06 08:24:23', 1, 3, NULL, NULL),
(2320, 89, 'PRESENT', '2018-02-03', 'Normal Saturday classes', '2018-06-06 08:24:23', 1, 3, NULL, NULL),
(2321, 33, 'PRESENT', '2018-02-03', 'Normal Saturday classes', '2018-06-06 08:24:23', 1, 3, NULL, NULL),
(2322, 88, 'PRESENT', '2018-02-03', 'Normal Saturday classes', '2018-06-06 08:24:23', 1, 3, NULL, NULL),
(2323, 153, 'PRESENT', '2018-02-03', 'Normal Saturday classes', '2018-06-06 08:24:23', 1, 3, NULL, NULL),
(2324, 141, 'PRESENT', '2018-02-03', 'Normal Saturday classes', '2018-06-06 08:24:23', 1, 3, NULL, NULL),
(2325, 8, 'PRESENT', '2018-02-03', 'Normal Saturday classes', '2018-06-06 08:24:23', 1, 3, NULL, NULL),
(2326, 101, 'PRESENT', '2018-02-03', 'Normal Saturday classes', '2018-06-06 08:24:23', 1, 3, NULL, NULL),
(2327, 104, 'PRESENT', '2018-02-03', 'Normal Saturday classes', '2018-06-06 08:24:23', 1, 3, NULL, NULL),
(2328, 37, 'PRESENT', '2018-02-03', 'Normal Saturday classes', '2018-06-06 08:24:23', 1, 3, NULL, NULL),
(2329, 110, 'ABSENT', '2018-02-03', 'Normal Saturday classes', '2018-06-06 08:24:23', 1, 3, NULL, NULL),
(2330, 46, 'PRESENT', '2018-02-03', 'Normal Saturday classes', '2018-06-06 08:24:23', 1, 3, NULL, NULL),
(2331, 85, 'ABSENT', '2018-02-03', 'Normal Saturday classes', '2018-06-06 08:24:23', 1, 3, NULL, NULL),
(2332, 28, 'PRESENT', '2018-02-03', 'Normal Saturday classes', '2018-06-06 08:24:23', 1, 3, NULL, NULL),
(2333, 44, 'PRESENT', '2018-02-03', 'Normal Saturday classes', '2018-06-06 08:24:23', 1, 3, NULL, NULL),
(2334, 93, 'ABSENT', '2018-02-03', 'Normal Saturday classes', '2018-06-06 08:24:23', 1, 3, NULL, NULL),
(2335, 83, 'ABSENT', '2018-02-03', 'Normal Saturday classes', '2018-06-06 08:24:23', 1, 3, NULL, NULL),
(2336, 90, 'PRESENT', '2018-02-03', 'Normal Saturday classes', '2018-06-06 08:24:23', 1, 3, NULL, NULL),
(2337, 10, 'ABSENT', '2018-02-03', 'Normal Saturday classes', '2018-06-06 08:24:23', 1, 3, NULL, NULL),
(2338, 92, 'PRESENT', '2018-02-03', 'Normal Saturday classes', '2018-06-06 08:24:23', 1, 3, NULL, NULL),
(2339, 102, 'ABSENT', '2018-02-03', 'Normal Saturday classes', '2018-06-06 08:24:23', 1, 3, NULL, NULL),
(2340, 126, 'ABSENT', '2018-02-03', 'Normal Saturday classes', '2018-06-06 08:24:23', 1, 3, NULL, NULL),
(2341, 157, 'PRESENT', '2018-02-03', 'Normal Saturday classes', '2018-06-06 08:24:23', 1, 3, NULL, NULL),
(2342, 42, 'PRESENT', '2018-02-03', 'Normal Saturday classes', '2018-06-06 08:24:23', 1, 3, NULL, NULL),
(2343, 6, 'ABSENT', '2018-02-03', 'Normal Saturday classes', '2018-06-06 08:24:23', 1, 3, NULL, NULL),
(2344, 103, 'ABSENT', '2018-02-03', 'Normal Saturday classes', '2018-06-06 08:24:23', 1, 3, NULL, NULL),
(2345, 43, 'PRESENT', '2018-02-03', 'Normal Saturday classes', '2018-06-06 08:24:23', 1, 3, NULL, NULL),
(2346, 86, 'ABSENT', '2018-02-03', 'Normal Saturday classes', '2018-06-06 08:24:23', 1, 3, NULL, NULL),
(2347, 109, 'ABSENT', '2018-02-03', 'Normal Saturday classes', '2018-06-06 08:24:23', 1, 3, NULL, NULL),
(2348, 94, 'PRESENT', '2018-02-03', 'Normal Saturday classes', '2018-06-06 08:24:23', 1, 3, NULL, NULL),
(2349, 7, 'PRESENT', '2018-02-03', 'Normal Saturday classes', '2018-06-06 08:24:23', 1, 3, NULL, NULL),
(2350, 38, 'PRESENT', '2018-02-03', 'Normal Saturday classes', '2018-06-06 08:24:23', 1, 3, NULL, NULL),
(2351, 24, 'PRESENT', '2018-02-03', 'Normal Saturday classes', '2018-06-06 08:24:23', 1, 3, NULL, NULL),
(2352, 27, 'PRESENT', '2018-02-03', 'Normal Saturday classes', '2018-06-06 08:24:23', 1, 3, NULL, NULL),
(2353, 29, 'PRESENT', '2018-02-03', 'Normal Saturday classes', '2018-06-06 08:24:23', 1, 3, NULL, NULL),
(2354, 84, 'PRESENT', '2018-02-03', 'Normal Saturday classes', '2018-06-06 08:24:23', 1, 3, NULL, NULL),
(2355, 26, 'PRESENT', '2018-02-03', 'Normal Saturday classes', '2018-06-06 08:24:23', 1, 3, NULL, NULL),
(2356, 139, 'PRESENT', '2018-02-03', 'Normal Saturday classes', '2018-06-06 08:24:23', 1, 3, NULL, NULL),
(2357, 160, 'PRESENT', '2018-02-10', 'Normal Saturday classes', '2018-06-06 08:31:04', 1, 3, NULL, NULL),
(2359, 143, 'ABSENT', '2018-02-10', 'Normal Saturday classes', '2018-06-06 08:31:04', 1, 3, NULL, NULL),
(2360, 142, 'ABSENT', '2018-02-10', 'Normal Saturday classes', '2018-06-06 08:31:04', 1, 3, NULL, NULL),
(2361, 91, 'PRESENT', '2018-02-10', 'Normal Saturday classes', '2018-06-06 08:31:04', 1, 3, NULL, NULL),
(2362, 2, 'ABSENT', '2018-02-10', 'Normal Saturday classes', '2018-06-06 08:31:04', 1, 3, NULL, NULL),
(2363, 39, 'PRESENT', '2018-02-10', 'Normal Saturday classes', '2018-06-06 08:31:04', 1, 3, NULL, NULL),
(2364, 23, 'ABSENT', '2018-02-10', 'Normal Saturday classes', '2018-06-06 08:31:04', 1, 3, NULL, NULL),
(2365, 140, 'PRESENT', '2018-02-10', 'Normal Saturday classes', '2018-06-06 08:31:04', 1, 3, NULL, NULL),
(2366, 89, 'PRESENT', '2018-02-10', 'Normal Saturday classes', '2018-06-06 08:31:04', 1, 3, NULL, NULL),
(2367, 33, 'PRESENT', '2018-02-10', 'Normal Saturday classes', '2018-06-06 08:31:04', 1, 3, NULL, NULL),
(2368, 88, 'PRESENT', '2018-02-10', 'Normal Saturday classes', '2018-06-06 08:31:04', 1, 3, NULL, NULL),
(2369, 153, 'ABSENT', '2018-02-10', 'Normal Saturday classes', '2018-06-06 08:31:04', 1, 3, NULL, NULL),
(2370, 141, 'PRESENT', '2018-02-10', 'Normal Saturday classes', '2018-06-06 08:31:04', 1, 3, NULL, NULL),
(2371, 8, 'PRESENT', '2018-02-10', 'Normal Saturday classes', '2018-06-06 08:31:04', 1, 3, NULL, NULL),
(2372, 101, 'PRESENT', '2018-02-10', 'Normal Saturday classes', '2018-06-06 08:31:04', 1, 3, NULL, NULL),
(2373, 104, 'PRESENT', '2018-02-10', 'Normal Saturday classes', '2018-06-06 08:31:04', 1, 3, NULL, NULL),
(2374, 37, 'PRESENT', '2018-02-10', 'Normal Saturday classes', '2018-06-06 08:31:04', 1, 3, NULL, NULL),
(2375, 110, 'ABSENT', '2018-02-10', 'Normal Saturday classes', '2018-06-06 08:31:04', 1, 3, NULL, NULL),
(2376, 46, 'PRESENT', '2018-02-10', 'Normal Saturday classes', '2018-06-06 08:31:04', 1, 3, NULL, NULL),
(2377, 85, 'ABSENT', '2018-02-10', 'Normal Saturday classes', '2018-06-06 08:31:04', 1, 3, NULL, NULL),
(2378, 28, 'PRESENT', '2018-02-10', 'Normal Saturday classes', '2018-06-06 08:31:04', 1, 3, NULL, NULL),
(2379, 44, 'PRESENT', '2018-02-10', 'Normal Saturday classes', '2018-06-06 08:31:04', 1, 3, NULL, NULL),
(2380, 93, 'ABSENT', '2018-02-10', 'Normal Saturday classes', '2018-06-06 08:31:04', 1, 3, NULL, NULL),
(2381, 83, 'ABSENT', '2018-02-10', 'Normal Saturday classes', '2018-06-06 08:31:04', 1, 3, NULL, NULL),
(2382, 90, 'PRESENT', '2018-02-10', 'Normal Saturday classes', '2018-06-06 08:31:04', 1, 3, NULL, NULL),
(2383, 10, 'ABSENT', '2018-02-10', 'Normal Saturday classes', '2018-06-06 08:31:04', 1, 3, NULL, NULL),
(2384, 92, 'PRESENT', '2018-02-10', 'Normal Saturday classes', '2018-06-06 08:31:04', 1, 3, NULL, NULL),
(2385, 102, 'ABSENT', '2018-02-10', 'Normal Saturday classes', '2018-06-06 08:31:04', 1, 3, NULL, NULL),
(2386, 126, 'ABSENT', '2018-02-10', 'Normal Saturday classes', '2018-06-06 08:31:04', 1, 3, NULL, NULL),
(2387, 157, 'PRESENT', '2018-02-10', 'Normal Saturday classes', '2018-06-06 08:31:04', 1, 3, NULL, NULL),
(2388, 42, 'PRESENT', '2018-02-10', 'Normal Saturday classes', '2018-06-06 08:31:04', 1, 3, NULL, NULL),
(2389, 6, 'ABSENT', '2018-02-10', 'Normal Saturday classes', '2018-06-06 08:31:04', 1, 3, NULL, NULL),
(2390, 103, 'ABSENT', '2018-02-10', 'Normal Saturday classes', '2018-06-06 08:31:04', 1, 3, NULL, NULL),
(2391, 43, 'PRESENT', '2018-02-10', 'Normal Saturday classes', '2018-06-06 08:31:04', 1, 3, NULL, NULL),
(2392, 86, 'ABSENT', '2018-02-10', 'Normal Saturday classes', '2018-06-06 08:31:04', 1, 3, NULL, NULL),
(2393, 109, 'ABSENT', '2018-02-10', 'Normal Saturday classes', '2018-06-06 08:31:04', 1, 3, NULL, NULL),
(2394, 94, 'PRESENT', '2018-02-10', 'Normal Saturday classes', '2018-06-06 08:31:04', 1, 3, NULL, NULL),
(2395, 7, 'PRESENT', '2018-02-10', 'Normal Saturday classes', '2018-06-06 08:31:04', 1, 3, NULL, NULL),
(2396, 38, 'PRESENT', '2018-02-10', 'Normal Saturday classes', '2018-06-06 08:31:04', 1, 3, NULL, NULL),
(2397, 24, 'PRESENT', '2018-02-10', 'Normal Saturday classes', '2018-06-06 08:31:04', 1, 3, NULL, NULL),
(2398, 27, 'PRESENT', '2018-02-10', 'Normal Saturday classes', '2018-06-06 08:31:04', 1, 3, NULL, NULL),
(2399, 29, 'ABSENT', '2018-02-10', 'Normal Saturday classes', '2018-06-06 08:31:04', 1, 3, NULL, NULL),
(2400, 84, 'PRESENT', '2018-02-10', 'Normal Saturday classes', '2018-06-06 08:31:04', 1, 3, NULL, NULL),
(2401, 26, 'PRESENT', '2018-02-10', 'Normal Saturday classes', '2018-06-06 08:31:04', 1, 3, NULL, NULL),
(2402, 139, 'PRESENT', '2018-02-10', 'Normal Saturday classes', '2018-06-06 08:31:04', 1, 3, NULL, NULL),
(2403, 17, 'PRESENT', '2018-02-17', 'Normal Saturday classes', '2018-06-06 08:39:24', 1, 3, NULL, NULL),
(2404, 131, 'PRESENT', '2018-02-17', 'Normal Saturday classes', '2018-06-06 08:39:24', 1, 3, NULL, NULL),
(2405, 13, 'ABSENT', '2018-02-17', 'Normal Saturday classes', '2018-06-06 08:39:24', 1, 3, NULL, NULL),
(2406, 148, 'ABSENT', '2018-02-17', 'Normal Saturday classes', '2018-06-06 08:39:24', 1, 3, NULL, NULL),
(2407, 145, 'ABSENT', '2018-02-17', 'Normal Saturday classes', '2018-06-06 08:39:24', 1, 3, NULL, NULL),
(2408, 158, 'PRESENT', '2018-02-17', 'Normal Saturday classes', '2018-06-06 08:39:24', 1, 3, NULL, NULL),
(2410, 99, 'PRESENT', '2018-02-17', 'Normal Saturday classes', '2018-06-06 08:39:24', 1, 3, NULL, NULL),
(2411, 34, 'PRESENT', '2018-02-17', 'Normal Saturday classes', '2018-06-06 08:39:24', 1, 3, NULL, NULL),
(2412, 125, 'PRESENT', '2018-02-17', 'Normal Saturday classes', '2018-06-06 08:39:24', 1, 3, NULL, NULL),
(2413, 30, 'PRESENT', '2018-02-17', 'Normal Saturday classes', '2018-06-06 08:39:24', 1, 3, NULL, NULL),
(2414, 144, 'ABSENT', '2018-02-17', 'Normal Saturday classes', '2018-06-06 08:39:24', 1, 3, NULL, NULL),
(2415, 31, 'PRESENT', '2018-02-17', 'Normal Saturday classes', '2018-06-06 08:39:24', 1, 3, NULL, NULL),
(2416, 149, 'PRESENT', '2018-02-17', 'Normal Saturday classes', '2018-06-06 08:39:24', 1, 3, NULL, NULL),
(2417, 12, 'PRESENT', '2018-02-17', 'Normal Saturday classes', '2018-06-06 08:39:24', 1, 3, NULL, NULL),
(2418, 147, 'ABSENT', '2018-02-17', 'Normal Saturday classes', '2018-06-06 08:39:24', 1, 3, NULL, NULL),
(2419, 128, 'PRESENT', '2018-02-17', 'Normal Saturday classes', '2018-06-06 08:39:24', 1, 3, NULL, NULL),
(2420, 21, 'PRESENT', '2018-02-17', 'Normal Saturday classes', '2018-06-06 08:39:24', 1, 3, NULL, NULL),
(2421, 18, 'PRESENT', '2018-02-17', 'Normal Saturday classes', '2018-06-06 08:39:24', 1, 3, NULL, NULL),
(2422, 159, 'PRESENT', '2018-02-17', 'Normal Saturday classes', '2018-06-06 08:39:24', 1, 3, NULL, NULL),
(2423, 118, 'PRESENT', '2018-02-17', 'Normal Saturday classes', '2018-06-06 08:39:24', 1, 3, NULL, NULL),
(2424, 122, 'ABSENT', '2018-02-17', 'Normal Saturday classes', '2018-06-06 08:39:24', 1, 3, NULL, NULL),
(2425, 121, 'PRESENT', '2018-02-17', 'Normal Saturday classes', '2018-06-06 08:39:24', 1, 3, NULL, NULL),
(2426, 100, 'PRESENT', '2018-02-17', 'Normal Saturday classes', '2018-06-06 08:39:24', 1, 3, NULL, NULL),
(2427, 130, 'PRESENT', '2018-02-17', 'Normal Saturday classes', '2018-06-06 08:39:24', 1, 3, NULL, NULL),
(2428, 150, 'PRESENT', '2018-02-17', 'Normal Saturday classes', '2018-06-06 08:39:24', 1, 3, NULL, NULL),
(2429, 162, 'PRESENT', '2018-02-17', 'Normal Saturday classes', '2018-06-06 08:39:24', 1, 3, NULL, NULL),
(2430, 127, 'PRESENT', '2018-02-17', 'Normal Saturday classes', '2018-06-06 08:39:24', 1, 3, NULL, NULL),
(2431, 5, 'PRESENT', '2018-02-17', 'Normal Saturday classes', '2018-06-06 08:39:24', 1, 3, NULL, NULL),
(2432, 15, 'PRESENT', '2018-02-17', 'Normal Saturday classes', '2018-06-06 08:39:24', 1, 3, NULL, NULL),
(2433, 124, 'ABSENT', '2018-02-17', 'Normal Saturday classes', '2018-06-06 08:39:24', 1, 3, NULL, NULL),
(2434, 98, 'PRESENT', '2018-02-17', 'Normal Saturday classes', '2018-06-06 08:39:24', 1, 3, NULL, NULL),
(2435, 22, 'PRESENT', '2018-02-17', 'Normal Saturday classes', '2018-06-06 08:39:24', 1, 3, NULL, NULL),
(2436, 11, 'PRESENT', '2018-02-17', 'Normal Saturday classes', '2018-06-06 08:39:24', 1, 3, NULL, NULL),
(2437, 14, 'PRESENT', '2018-02-17', 'Normal Saturday classes', '2018-06-06 08:39:24', 1, 3, NULL, NULL),
(2438, 25, 'ABSENT', '2018-02-17', 'Normal Saturday classes', '2018-06-06 08:39:24', 1, 3, NULL, NULL),
(2439, 119, 'PRESENT', '2018-02-17', 'Normal Saturday classes', '2018-06-06 08:39:24', 1, 3, NULL, NULL),
(2440, 32, 'PRESENT', '2018-02-17', 'Normal Saturday classes', '2018-06-06 08:39:24', 1, 3, NULL, NULL),
(2441, 123, 'PRESENT', '2018-02-17', 'Normal Saturday classes', '2018-06-06 08:39:24', 1, 3, NULL, NULL),
(2442, 132, 'ABSENT', '2018-02-17', 'Normal Saturday classes', '2018-06-06 08:39:24', 1, 3, NULL, NULL),
(2443, 41, 'PRESENT', '2018-02-17', 'Normal Saturday classes', '2018-06-06 08:39:24', 1, 3, NULL, NULL),
(2444, 133, 'PRESENT', '2018-02-17', 'Normal Saturday classes', '2018-06-06 08:39:24', 1, 3, NULL, NULL),
(2445, 120, 'PRESENT', '2018-02-17', 'Normal Saturday classes', '2018-06-06 08:39:24', 1, 3, NULL, NULL),
(2446, 136, 'PRESENT', '2018-02-17', 'Normal Saturday classes', '2018-06-06 08:39:24', 1, 3, NULL, NULL),
(2447, 164, 'ABSENT', '2018-02-17', 'Normal Saturday classes', '2018-06-06 08:39:24', 1, 3, NULL, NULL),
(2448, 16, 'PRESENT', '2018-02-17', 'Normal Saturday classes', '2018-06-06 08:39:24', 1, 3, NULL, NULL),
(2449, 156, 'PRESENT', '2018-02-17', 'Normal Saturday classes', '2018-06-06 08:39:24', 1, 3, NULL, NULL),
(2450, 20, 'PRESENT', '2018-02-17', 'Normal Saturday classes', '2018-06-06 08:39:24', 1, 3, NULL, NULL),
(2451, 152, 'PRESENT', '2018-02-17', 'Normal Saturday classes', '2018-06-06 08:39:24', 1, 3, NULL, NULL),
(2452, 135, 'PRESENT', '2018-02-17', 'Normal Saturday classes', '2018-06-06 08:39:24', 1, 3, NULL, NULL),
(2453, 19, 'ABSENT', '2018-02-17', 'Normal Saturday classes', '2018-06-06 08:39:24', 1, 3, NULL, NULL),
(2454, 146, 'ABSENT', '2018-02-17', 'Normal Saturday classes', '2018-06-06 08:39:24', 1, 3, NULL, NULL),
(2455, 40, 'PRESENT', '2018-02-17', 'Normal Saturday classes', '2018-06-06 08:39:24', 1, 3, NULL, NULL),
(2456, 134, 'PRESENT', '2018-02-17', 'Normal Saturday classes', '2018-06-06 08:39:24', 1, 3, NULL, NULL),
(2457, 129, 'PRESENT', '2018-02-17', 'Normal Saturday classes', '2018-06-06 08:39:24', 1, 3, NULL, NULL),
(2458, 75, 'PRESENT', '2018-04-06', 'Girl\'s seminar', '2018-06-06 08:46:53', 1, 3, NULL, NULL),
(2459, 68, 'PRESENT', '2018-04-06', 'Girl\'s seminar', '2018-06-06 08:46:53', 1, 3, NULL, NULL),
(2460, 73, 'ABSENT', '2018-04-06', 'Girl\'s seminar', '2018-06-06 08:46:53', 1, 3, NULL, NULL),
(2461, 114, 'EXCUSED', '2018-04-06', 'Girl\'s seminar', '2018-06-06 08:46:53', 1, 3, NULL, NULL),
(2462, 95, 'EXCUSED', '2018-04-06', 'Girl\'s seminar', '2018-06-06 08:46:53', 1, 3, NULL, NULL),
(2463, 96, 'EXCUSED', '2018-04-06', 'Girl\'s seminar', '2018-06-06 08:46:53', 1, 3, NULL, NULL),
(2464, 60, 'PRESENT', '2018-04-06', 'Girl\'s seminar', '2018-06-06 08:46:53', 1, 3, NULL, NULL),
(2466, 50, 'PRESENT', '2018-04-06', 'Girl\'s seminar', '2018-06-06 08:46:53', 1, 3, NULL, NULL),
(2467, 69, 'PRESENT', '2018-04-06', 'Girl\'s seminar', '2018-06-06 08:46:53', 1, 3, NULL, NULL),
(2468, 59, 'PRESENT', '2018-04-06', 'Girl\'s seminar', '2018-06-06 08:46:53', 1, 3, NULL, NULL),
(2469, 155, 'EXCUSED', '2018-04-06', 'Girl\'s seminar', '2018-06-06 08:46:53', 1, 3, NULL, NULL),
(2470, 105, 'EXCUSED', '2018-04-06', 'Girl\'s seminar', '2018-06-06 08:46:53', 1, 3, NULL, NULL),
(2471, 106, 'EXCUSED', '2018-04-06', 'Girl\'s seminar', '2018-06-06 08:46:53', 1, 3, NULL, NULL),
(2472, 52, 'PRESENT', '2018-04-06', 'Girl\'s seminar', '2018-06-06 08:46:53', 1, 3, NULL, NULL),
(2474, 63, 'PRESENT', '2018-04-06', 'Girl\'s seminar', '2018-06-06 08:46:53', 1, 3, NULL, NULL),
(2475, 112, 'EXCUSED', '2018-04-06', 'Girl\'s seminar', '2018-06-06 08:46:53', 1, 3, NULL, NULL),
(2476, 80, 'EXCUSED', '2018-04-06', 'Girl\'s seminar', '2018-06-06 08:46:53', 1, 3, NULL, NULL),
(2477, 115, 'EXCUSED', '2018-04-06', 'Girl\'s seminar', '2018-06-06 08:46:53', 1, 3, NULL, NULL),
(2478, 49, 'PRESENT', '2018-04-06', 'Girl\'s seminar', '2018-06-06 08:46:53', 1, 3, NULL, NULL),
(2479, 56, 'PRESENT', '2018-04-06', 'Girl\'s seminar', '2018-06-06 08:46:53', 1, 3, NULL, NULL),
(2480, 97, 'EXCUSED', '2018-04-06', 'Girl\'s seminar', '2018-06-06 08:46:53', 1, 3, NULL, NULL),
(2481, 76, 'EXCUSED', '2018-04-06', 'Girl\'s seminar', '2018-06-06 08:46:53', 1, 3, NULL, NULL),
(2482, 78, 'EXCUSED', '2018-04-06', 'Girl\'s seminar', '2018-06-06 08:46:53', 1, 3, NULL, NULL),
(2483, 64, 'PRESENT', '2018-04-06', 'Girl\'s seminar', '2018-06-06 08:46:53', 1, 3, NULL, NULL),
(2484, 65, 'PRESENT', '2018-04-06', 'Girl\'s seminar', '2018-06-06 08:46:53', 1, 3, NULL, NULL),
(2485, 67, 'PRESENT', '2018-04-06', 'Girl\'s seminar', '2018-06-06 08:46:53', 1, 3, NULL, NULL),
(2486, 111, 'EXCUSED', '2018-04-06', 'Girl\'s seminar', '2018-06-06 08:46:53', 1, 3, NULL, NULL),
(2487, 71, 'PRESENT', '2018-04-06', 'Girl\'s seminar', '2018-06-06 08:46:53', 1, 3, NULL, NULL),
(2488, 61, 'PRESENT', '2018-04-06', 'Girl\'s seminar', '2018-06-06 08:46:53', 1, 3, NULL, NULL),
(2489, 117, 'EXCUSED', '2018-04-06', 'Girl\'s seminar', '2018-06-06 08:46:53', 1, 3, NULL, NULL),
(2490, 74, 'PRESENT', '2018-04-06', 'Girl\'s seminar', '2018-06-06 08:46:53', 1, 3, NULL, NULL),
(2491, 58, 'ABSENT', '2018-04-06', 'Girl\'s seminar', '2018-06-06 08:46:53', 1, 3, NULL, NULL),
(2492, 51, 'PRESENT', '2018-04-06', 'Girl\'s seminar', '2018-06-06 08:46:53', 1, 3, NULL, NULL),
(2493, 72, 'PRESENT', '2018-04-06', 'Girl\'s seminar', '2018-06-06 08:46:53', 1, 3, NULL, NULL),
(2494, 57, 'PRESENT', '2018-04-06', 'Girl\'s seminar', '2018-06-06 08:46:53', 1, 3, NULL, NULL),
(2495, 77, 'EXCUSED', '2018-04-06', 'Girl\'s seminar', '2018-06-06 08:46:53', 1, 3, NULL, NULL),
(2496, 55, 'PRESENT', '2018-04-06', 'Girl\'s seminar', '2018-06-06 08:46:53', 1, 3, NULL, NULL),
(2497, 54, 'PRESENT', '2018-04-06', 'Girl\'s seminar', '2018-06-06 08:46:53', 1, 3, NULL, NULL),
(2498, 62, 'PRESENT', '2018-04-06', 'Girl\'s seminar', '2018-06-06 08:46:53', 1, 3, NULL, NULL),
(2499, 70, 'EXCUSED', '2018-04-06', 'Girl\'s seminar', '2018-06-06 08:46:53', 1, 3, NULL, NULL),
(2500, 47, 'PRESENT', '2018-04-06', 'Girl\'s seminar', '2018-06-06 08:46:53', 1, 3, NULL, NULL),
(2501, 116, 'EXCUSED', '2018-04-06', 'Girl\'s seminar', '2018-06-06 08:46:53', 1, 3, NULL, NULL),
(2502, 87, 'EXCUSED', '2018-04-06', 'Girl\'s seminar', '2018-06-06 08:46:53', 1, 3, NULL, NULL),
(2503, 66, 'PRESENT', '2018-04-06', 'Girl\'s seminar', '2018-06-06 08:46:53', 1, 3, NULL, NULL),
(2504, 53, 'PRESENT', '2018-04-06', 'Girl\'s seminar', '2018-06-06 08:46:53', 1, 3, NULL, NULL),
(2505, 48, 'PRESENT', '2018-04-06', 'Girl\'s seminar', '2018-06-06 08:46:53', 1, 3, NULL, NULL),
(2506, 160, 'PRESENT', '2018-02-17', 'Normal Saturday classes', '2018-06-06 08:51:30', 1, 3, NULL, NULL),
(2508, 143, 'EXCUSED', '2018-02-17', 'Normal Saturday classes', '2018-06-06 09:10:18', 1, 3, NULL, NULL),
(2509, 142, 'PRESENT', '2018-02-17', 'Normal Saturday classes', '2018-06-06 08:51:30', 1, 3, NULL, NULL),
(2510, 91, 'ABSENT', '2018-02-17', 'Normal Saturday classes', '2018-06-06 08:51:30', 1, 3, NULL, NULL),
(2511, 2, 'ABSENT', '2018-02-17', 'Normal Saturday classes', '2018-06-06 08:51:30', 1, 3, NULL, NULL),
(2512, 39, 'PRESENT', '2018-02-17', 'Normal Saturday classes', '2018-06-06 08:51:30', 1, 3, NULL, NULL),
(2513, 23, 'ABSENT', '2018-02-17', 'Normal Saturday classes', '2018-06-06 08:51:30', 1, 3, NULL, NULL),
(2514, 140, 'EXCUSED', '2018-02-17', 'Normal Saturday classes', '2018-06-06 09:10:34', 1, 3, NULL, NULL),
(2515, 89, 'ABSENT', '2018-02-17', 'Normal Saturday classes', '2018-06-06 08:51:30', 1, 3, NULL, NULL),
(2516, 33, 'PRESENT', '2018-02-17', 'Normal Saturday classes', '2018-06-06 08:51:30', 1, 3, NULL, NULL),
(2517, 88, 'ABSENT', '2018-02-17', 'Normal Saturday classes', '2018-06-06 08:51:30', 1, 3, NULL, NULL),
(2518, 153, 'PRESENT', '2018-02-17', 'Normal Saturday classes', '2018-06-06 08:51:30', 1, 3, NULL, NULL),
(2519, 141, 'PRESENT', '2018-02-17', 'Normal Saturday classes', '2018-06-06 08:51:30', 1, 3, NULL, NULL),
(2520, 8, 'EXCUSED', '2018-02-17', 'Normal Saturday classes', '2018-06-06 09:09:57', 1, 3, NULL, NULL),
(2521, 101, 'PRESENT', '2018-02-17', 'Normal Saturday classes', '2018-06-06 08:51:30', 1, 3, NULL, NULL),
(2522, 104, 'PRESENT', '2018-02-17', 'Normal Saturday classes', '2018-06-06 08:51:30', 1, 3, NULL, NULL),
(2523, 37, 'PRESENT', '2018-02-17', 'Normal Saturday classes', '2018-06-06 08:51:30', 1, 3, NULL, NULL),
(2524, 110, 'ABSENT', '2018-02-17', 'Normal Saturday classes', '2018-06-06 08:51:30', 1, 3, NULL, NULL),
(2525, 46, 'PRESENT', '2018-02-17', 'Normal Saturday classes', '2018-06-06 08:51:30', 1, 3, NULL, NULL),
(2526, 85, 'ABSENT', '2018-02-17', 'Normal Saturday classes', '2018-06-06 08:51:30', 1, 3, NULL, NULL),
(2527, 28, 'PRESENT', '2018-02-17', 'Normal Saturday classes', '2018-06-06 08:51:30', 1, 3, NULL, NULL),
(2528, 44, 'PRESENT', '2018-02-17', 'Normal Saturday classes', '2018-06-06 08:51:30', 1, 3, NULL, NULL),
(2529, 93, 'ABSENT', '2018-02-17', 'Normal Saturday classes', '2018-06-06 08:51:30', 1, 3, NULL, NULL),
(2530, 83, 'ABSENT', '2018-02-17', 'Normal Saturday classes', '2018-06-06 08:51:30', 1, 3, NULL, NULL),
(2531, 90, 'ABSENT', '2018-02-17', 'Normal Saturday classes', '2018-06-06 08:51:30', 1, 3, NULL, NULL),
(2532, 10, 'ABSENT', '2018-02-17', 'Normal Saturday classes', '2018-06-06 08:51:30', 1, 3, NULL, NULL),
(2533, 92, 'ABSENT', '2018-02-17', 'Normal Saturday classes', '2018-06-06 08:51:30', 1, 3, NULL, NULL),
(2534, 102, 'PRESENT', '2018-02-17', 'Normal Saturday classes', '2018-06-06 08:51:30', 1, 3, NULL, NULL),
(2535, 126, 'ABSENT', '2018-02-17', 'Normal Saturday classes', '2018-06-06 08:51:30', 1, 3, NULL, NULL),
(2536, 157, 'ABSENT', '2018-02-17', 'Normal Saturday classes', '2018-06-06 08:51:30', 1, 3, NULL, NULL),
(2537, 42, 'ABSENT', '2018-02-17', 'Normal Saturday classes', '2018-06-06 08:51:30', 1, 3, NULL, NULL),
(2538, 6, 'EXCUSED', '2018-02-17', 'Normal Saturday classes', '2018-06-06 09:09:39', 1, 3, NULL, NULL),
(2539, 103, 'PRESENT', '2018-02-17', 'Normal Saturday classes', '2018-06-06 08:51:30', 1, 3, NULL, NULL),
(2540, 43, 'PRESENT', '2018-02-17', 'Normal Saturday classes', '2018-06-06 08:51:30', 1, 3, NULL, NULL),
(2541, 86, 'ABSENT', '2018-02-17', 'Normal Saturday classes', '2018-06-06 08:51:30', 1, 3, NULL, NULL),
(2542, 109, 'ABSENT', '2018-02-17', 'Normal Saturday classes', '2018-06-06 08:51:30', 1, 3, NULL, NULL),
(2543, 94, 'PRESENT', '2018-02-17', 'Normal Saturday classes', '2018-06-06 08:51:30', 1, 3, NULL, NULL),
(2544, 7, 'PRESENT', '2018-02-17', 'Normal Saturday classes', '2018-06-06 08:51:30', 1, 3, NULL, NULL),
(2545, 38, 'PRESENT', '2018-02-17', 'Normal Saturday classes', '2018-06-06 08:51:30', 1, 3, NULL, NULL),
(2546, 24, 'ABSENT', '2018-02-17', 'Normal Saturday classes', '2018-06-06 08:51:30', 1, 3, NULL, NULL),
(2547, 27, 'PRESENT', '2018-02-17', 'Normal Saturday classes', '2018-06-06 08:51:30', 1, 3, NULL, NULL),
(2548, 29, 'PRESENT', '2018-02-17', 'Normal Saturday classes', '2018-06-06 08:51:30', 1, 3, NULL, NULL),
(2549, 84, 'PRESENT', '2018-02-17', 'Normal Saturday classes', '2018-06-06 08:51:30', 1, 3, NULL, NULL),
(2550, 26, 'PRESENT', '2018-02-17', 'Normal Saturday classes', '2018-06-06 08:51:30', 1, 3, NULL, NULL),
(2551, 139, 'PRESENT', '2018-02-17', 'Normal Saturday classes', '2018-06-06 08:51:30', 1, 3, NULL, NULL),
(2553, 17, 'ABSENT', '2018-06-09', 'Saturday Classes', '2018-06-20 08:35:46', 1, 3, NULL, NULL),
(2554, 131, 'ABSENT', '2018-06-09', 'Saturday Classes', '2018-06-20 08:35:46', 1, 3, NULL, NULL),
(2555, 13, 'ABSENT', '2018-06-09', 'Saturday Classes', '2018-06-20 08:35:46', 1, 3, NULL, NULL),
(2556, 148, 'ABSENT', '2018-06-09', 'Saturday Classes', '2018-06-20 08:35:46', 1, 3, NULL, NULL),
(2557, 145, 'PRESENT', '2018-06-09', 'Saturday Classes', '2018-06-20 08:35:46', 1, 3, NULL, NULL),
(2558, 158, 'ABSENT', '2018-06-09', 'Saturday Classes', '2018-06-20 08:35:46', 1, 3, NULL, NULL),
(2560, 99, 'ABSENT', '2018-06-09', 'Saturday Classes', '2018-06-20 08:35:46', 1, 3, NULL, NULL),
(2561, 34, 'PRESENT', '2018-06-09', 'Saturday Classes', '2018-06-20 08:35:46', 1, 3, NULL, NULL),
(2562, 125, 'ABSENT', '2018-06-09', 'Saturday Classes', '2018-06-20 08:35:46', 1, 3, NULL, NULL),
(2563, 17, 'ABSENT', '2018-06-09', 'Saturday Classes 9th June 2018', '2018-06-20 08:51:32', 1, 3, NULL, NULL),
(2564, 131, 'ABSENT', '2018-06-09', 'Saturday Classes 9th June 2018', '2018-06-20 08:51:32', 1, 3, NULL, NULL),
(2565, 13, 'PRESENT', '2018-06-09', 'Saturday Classes 9th June 2018', '2018-06-20 08:51:32', 1, 3, NULL, NULL),
(2566, 148, 'ABSENT', '2018-06-09', 'Saturday Classes 9th June 2018', '2018-06-20 08:51:32', 1, 3, NULL, NULL),
(2567, 145, 'PRESENT', '2018-06-09', 'Saturday Classes 9th June 2018', '2018-06-20 08:51:32', 1, 3, NULL, NULL),
(2568, 158, 'ABSENT', '2018-06-09', 'Saturday Classes 9th June 2018', '2018-06-20 08:51:32', 1, 3, NULL, NULL),
(2570, 99, 'PRESENT', '2018-06-09', 'Saturday Classes 9th June 2018', '2018-06-20 08:51:32', 1, 3, NULL, NULL),
(2571, 34, 'PRESENT', '2018-06-09', 'Saturday Classes 9th June 2018', '2018-06-20 08:51:32', 1, 3, NULL, NULL),
(2572, 125, 'ABSENT', '2018-06-09', 'Saturday Classes 9th June 2018', '2018-06-20 08:51:32', 1, 3, NULL, NULL),
(2573, 17, 'PRESENT', '2018-06-23', 'Saturday Classes 23rd June', '2018-07-03 13:27:35', 1, 3, NULL, NULL),
(2574, 131, 'ABSENT', '2018-06-23', 'Saturday Classes 23rd June', '2018-07-03 13:27:35', 1, 3, NULL, NULL),
(2575, 13, 'ABSENT', '2018-06-23', 'Saturday Classes 23rd June', '2018-07-03 13:27:35', 1, 3, NULL, NULL),
(2576, 148, 'ABSENT', '2018-06-23', 'Saturday Classes 23rd June', '2018-07-03 13:27:35', 1, 3, NULL, NULL),
(2577, 145, 'PRESENT', '2018-06-23', 'Saturday Classes 23rd June', '2018-07-03 13:27:35', 1, 3, NULL, NULL),
(2578, 158, 'ABSENT', '2018-06-23', 'Saturday Classes 23rd June', '2018-07-03 13:27:35', 1, 3, NULL, NULL),
(2580, 99, 'ABSENT', '2018-06-23', 'Saturday Classes 23rd June', '2018-07-03 13:27:35', 1, 3, NULL, NULL),
(2581, 34, 'ABSENT', '2018-06-23', 'Saturday Classes 23rd June', '2018-07-03 13:27:35', 1, 3, NULL, NULL),
(2582, 125, 'ABSENT', '2018-06-23', 'Saturday Classes 23rd June', '2018-07-03 13:27:35', 1, 3, NULL, NULL),
(2583, 30, 'ABSENT', '2018-06-23', 'Saturday Classes 23rd June', '2018-07-03 13:27:35', 1, 3, NULL, NULL),
(2584, 144, 'ABSENT', '2018-06-23', 'Saturday Classes 23rd June', '2018-07-03 13:27:35', 1, 3, NULL, NULL),
(2585, 31, 'ABSENT', '2018-06-23', 'Saturday Classes 23rd June', '2018-07-03 13:27:35', 1, 3, NULL, NULL),
(2586, 149, 'ABSENT', '2018-06-23', 'Saturday Classes 23rd June', '2018-07-03 13:27:35', 1, 3, NULL, NULL),
(2587, 12, 'PRESENT', '2018-06-23', 'Saturday Classes 23rd June', '2018-07-03 13:27:35', 1, 3, NULL, NULL),
(2588, 147, 'PRESENT', '2018-06-23', 'Saturday Classes 23rd June', '2018-07-03 13:27:35', 1, 3, NULL, NULL),
(2589, 128, 'ABSENT', '2018-06-23', 'Saturday Classes 23rd June', '2018-07-03 13:27:35', 1, 3, NULL, NULL),
(2590, 21, 'PRESENT', '2018-06-23', 'Saturday Classes 23rd June', '2018-07-03 13:27:35', 1, 3, NULL, NULL),
(2591, 18, 'ABSENT', '2018-06-23', 'Saturday Classes 23rd June', '2018-07-03 13:27:35', 1, 3, NULL, NULL),
(2592, 159, 'ABSENT', '2018-06-23', 'Saturday Classes 23rd June', '2018-07-03 13:27:35', 1, 3, NULL, NULL),
(2593, 118, 'PRESENT', '2018-06-23', 'Saturday Classes 23rd June', '2018-07-03 13:27:35', 1, 3, NULL, NULL),
(2594, 122, 'ABSENT', '2018-06-23', 'Saturday Classes 23rd June', '2018-07-03 13:27:35', 1, 3, NULL, NULL),
(2595, 121, 'PRESENT', '2018-06-23', 'Saturday Classes 23rd June', '2018-07-03 13:27:35', 1, 3, NULL, NULL),
(2596, 100, 'PRESENT', '2018-06-23', 'Saturday Classes 23rd June', '2018-07-03 13:27:35', 1, 3, NULL, NULL),
(2597, 130, 'PRESENT', '2018-06-23', 'Saturday Classes 23rd June', '2018-07-03 13:27:35', 1, 3, NULL, NULL),
(2598, 150, 'ABSENT', '2018-06-23', 'Saturday Classes 23rd June', '2018-07-03 13:27:35', 1, 3, NULL, NULL),
(2599, 162, 'PRESENT', '2018-06-23', 'Saturday Classes 23rd June', '2018-07-03 13:27:35', 1, 3, NULL, NULL),
(2600, 127, 'ABSENT', '2018-06-23', 'Saturday Classes 23rd June', '2018-07-03 13:27:35', 1, 3, NULL, NULL),
(2601, 5, 'ABSENT', '2018-06-23', 'Saturday Classes 23rd June', '2018-07-03 13:27:35', 1, 3, NULL, NULL),
(2602, 15, 'PRESENT', '2018-06-23', 'Saturday Classes 23rd June', '2018-07-03 13:27:35', 1, 3, NULL, NULL),
(2603, 124, 'ABSENT', '2018-06-23', 'Saturday Classes 23rd June', '2018-07-03 13:27:35', 1, 3, NULL, NULL),
(2604, 98, 'ABSENT', '2018-06-23', 'Saturday Classes 23rd June', '2018-07-03 13:27:35', 1, 3, NULL, NULL),
(2605, 22, 'ABSENT', '2018-06-23', 'Saturday Classes 23rd June', '2018-07-03 13:27:35', 1, 3, NULL, NULL),
(2606, 11, 'ABSENT', '2018-06-23', 'Saturday Classes 23rd June', '2018-07-03 13:27:35', 1, 3, NULL, NULL),
(2607, 14, 'ABSENT', '2018-06-23', 'Saturday Classes 23rd June', '2018-07-03 13:27:35', 1, 3, NULL, NULL),
(2608, 25, 'PRESENT', '2018-06-23', 'Saturday Classes 23rd June', '2018-07-03 13:27:35', 1, 3, NULL, NULL),
(2609, 119, 'PRESENT', '2018-06-23', 'Saturday Classes 23rd June', '2018-07-03 13:27:35', 1, 3, NULL, NULL),
(2610, 32, 'PRESENT', '2018-06-23', 'Saturday Classes 23rd June', '2018-07-03 13:27:35', 1, 3, NULL, NULL),
(2611, 123, 'PRESENT', '2018-06-23', 'Saturday Classes 23rd June', '2018-07-03 13:27:35', 1, 3, NULL, NULL),
(2612, 132, 'ABSENT', '2018-06-23', 'Saturday Classes 23rd June', '2018-07-03 13:27:35', 1, 3, NULL, NULL),
(2613, 41, 'ABSENT', '2018-06-23', 'Saturday Classes 23rd June', '2018-07-03 13:27:35', 1, 3, NULL, NULL),
(2614, 133, 'ABSENT', '2018-06-23', 'Saturday Classes 23rd June', '2018-07-03 13:27:35', 1, 3, NULL, NULL),
(2615, 120, 'PRESENT', '2018-06-23', 'Saturday Classes 23rd June', '2018-07-03 13:27:35', 1, 3, NULL, NULL),
(2616, 136, 'ABSENT', '2018-06-23', 'Saturday Classes 23rd June', '2018-07-03 13:27:35', 1, 3, NULL, NULL),
(2617, 164, 'ABSENT', '2018-06-23', 'Saturday Classes 23rd June', '2018-07-03 13:27:35', 1, 3, NULL, NULL),
(2618, 16, 'ABSENT', '2018-06-23', 'Saturday Classes 23rd June', '2018-07-03 13:27:35', 1, 3, NULL, NULL),
(2619, 156, 'ABSENT', '2018-06-23', 'Saturday Classes 23rd June', '2018-07-03 13:27:35', 1, 3, NULL, NULL),
(2620, 20, 'ABSENT', '2018-06-23', 'Saturday Classes 23rd June', '2018-07-03 13:27:35', 1, 3, NULL, NULL),
(2621, 152, 'ABSENT', '2018-06-23', 'Saturday Classes 23rd June', '2018-07-03 13:27:35', 1, 3, NULL, NULL),
(2622, 135, 'PRESENT', '2018-06-23', 'Saturday Classes 23rd June', '2018-07-03 13:27:35', 1, 3, NULL, NULL),
(2623, 19, 'PRESENT', '2018-06-23', 'Saturday Classes 23rd June', '2018-07-03 13:27:35', 1, 3, NULL, NULL),
(2624, 146, 'PRESENT', '2018-06-23', 'Saturday Classes 23rd June', '2018-07-03 13:27:35', 1, 3, NULL, NULL),
(2625, 40, 'PRESENT', '2018-06-23', 'Saturday Classes 23rd June', '2018-07-03 13:27:35', 1, 3, NULL, NULL),
(2626, 134, 'PRESENT', '2018-06-23', 'Saturday Classes 23rd June', '2018-07-03 13:27:35', 1, 3, NULL, NULL),
(2627, 129, 'PRESENT', '2018-06-23', 'Saturday Classes 23rd June', '2018-07-03 13:27:35', 1, 3, NULL, NULL);

-- --------------------------------------------------------

--
-- Table structure for table `mentees`
--

CREATE TABLE `mentees` (
  `menteeAutoId` int(10) NOT NULL,
  `menteeFname` varchar(50) NOT NULL,
  `menteeLname` varchar(50) NOT NULL,
  `menteeOtherNames` varchar(50) DEFAULT NULL,
  `menteeGender` varchar(15) NOT NULL,
  `menteePhone` varchar(30) DEFAULT NULL,
  `menteeEmail` varchar(100) DEFAULT NULL,
  `menteeDoB` date DEFAULT NULL,
  `menteeSchoolId` int(10) NOT NULL,
  `menteeGuardianId` int(10) DEFAULT NULL,
  `menteeMentorId` int(10) DEFAULT NULL,
  `menteeDateJoined` date DEFAULT NULL,
  `menteeDateLeft` date DEFAULT NULL,
  `menteeProfilePhoto` varchar(150) DEFAULT NULL,
  `menteeActiveStatus` tinyint(1) NOT NULL DEFAULT '1',
  `menteeDateAdded` datetime NOT NULL,
  `menteeDateUpdated` timestamp NOT NULL DEFAULT CURRENT_TIMESTAMP ON UPDATE CURRENT_TIMESTAMP,
  `menteeReasonInactive` varchar(150) DEFAULT NULL,
  `creating_user_group_id` int(5) NOT NULL,
  `creating_user_id` int(10) NOT NULL,
  `last_update_user_id` int(10) DEFAULT NULL,
  `last_update_user_group_id` int(10) DEFAULT NULL
) ENGINE=InnoDB DEFAULT CHARSET=latin1 ROW_FORMAT=COMPACT;

--
-- Dumping data for table `mentees`
--

INSERT INTO `mentees` (`menteeAutoId`, `menteeFname`, `menteeLname`, `menteeOtherNames`, `menteeGender`, `menteePhone`, `menteeEmail`, `menteeDoB`, `menteeSchoolId`, `menteeGuardianId`, `menteeMentorId`, `menteeDateJoined`, `menteeDateLeft`, `menteeProfilePhoto`, `menteeActiveStatus`, `menteeDateAdded`, `menteeDateUpdated`, `menteeReasonInactive`, `creating_user_group_id`, `creating_user_id`, `last_update_user_id`, `last_update_user_group_id`) VALUES
(2, 'Brian', 'Otieno', '', 'Male', '0799515826', NULL, '1998-06-16', 1, 23, NULL, '0000-00-00', NULL, NULL, 1, '2018-04-26 09:24:16', '2018-05-07 09:25:36', NULL, 1, 3, 3, 1),
(5, 'Jackton ', 'Kwamboka', '', 'Male', NULL, NULL, '0000-11-30', 1, 25, NULL, '0000-00-00', NULL, NULL, 1, '2018-04-26 09:28:24', '2018-05-07 09:28:05', NULL, 1, 3, 3, 1),
(6, 'Ndunga', 'Mwendwa', '', 'Male', '0707701544', NULL, '1998-09-24', 1, NULL, NULL, '0000-00-00', NULL, NULL, 1, '2018-04-26 09:34:25', '2018-04-26 06:35:06', NULL, 1, 3, 3, 1),
(7, 'Roselyne', 'Nadebu', 'Nasike', 'Female', NULL, NULL, '1999-08-15', 1, 27, NULL, '0000-00-00', NULL, NULL, 1, '2018-04-26 09:36:03', '2018-05-07 09:21:57', NULL, 1, 3, 3, 1),
(8, 'Florence ', 'Nyangasi', '', 'Female', '0705214687', NULL, '0000-00-00', 1, 28, NULL, NULL, NULL, NULL, 1, '2018-04-26 09:37:18', '2018-05-07 09:30:09', NULL, 1, 3, 3, 1),
(10, 'Joshua', 'Kyathi', '', 'Male', '0717832932', NULL, '0000-00-00', 1, 30, NULL, NULL, NULL, NULL, 1, '2018-04-26 09:40:20', '2018-05-07 09:31:21', NULL, 1, 3, 3, 1),
(11, 'Lewis', 'Mwangi', '', 'Male', NULL, NULL, '2001-02-23', 2, 7, NULL, '0000-00-00', NULL, NULL, 1, '2018-04-26 10:03:33', '2018-05-07 09:32:19', NULL, 1, 3, 3, 1),
(12, 'Clementina', 'Ekasiba', '', 'Female', NULL, NULL, '2002-11-14', 2, 8, 60, '0000-00-00', NULL, NULL, 1, '2018-04-26 10:05:02', '2018-06-07 12:23:45', NULL, 1, 3, 3, 1),
(13, 'Annastacia', 'Namunje', '', 'Female', NULL, NULL, '2000-11-05', 2, 9, 64, '0000-00-00', NULL, NULL, 1, '2018-04-26 10:06:47', '2018-06-07 12:23:21', NULL, 1, 3, 3, 1),
(14, 'Lucy', 'Njoki', '', 'Female', NULL, NULL, '2002-04-02', 2, 10, NULL, '0000-00-00', NULL, NULL, 1, '2018-04-26 10:08:06', '2018-05-15 07:35:07', NULL, 1, 3, 3, 1),
(15, 'John  Wangila', 'Rubia', '', 'Male', NULL, NULL, '1999-05-05', 2, 11, NULL, '0000-00-00', NULL, NULL, 1, '2018-04-26 10:10:21', '2018-06-19 12:10:09', NULL, 1, 3, 3, 1),
(16, 'Paul', 'Bramwel', '', 'Male', NULL, NULL, '1998-09-12', 2, 94, NULL, '0000-00-00', NULL, NULL, 1, '2018-04-26 10:11:33', '2018-05-16 09:36:25', NULL, 1, 3, 3, 1),
(17, 'Albanus ', 'Masila', '', 'Male', NULL, NULL, '1999-07-10', 2, 13, 28, '0000-00-00', NULL, NULL, 0, '2018-04-26 10:13:06', '2018-07-15 10:52:47', NULL, 1, 3, 3, 1),
(18, 'Derick', 'Otieno', '', 'Male', NULL, NULL, '2000-04-30', 2, 14, 7, '0000-00-00', NULL, NULL, 1, '2018-04-26 10:14:11', '2018-06-07 14:01:26', NULL, 1, 3, 3, 1),
(19, 'Sharon', 'Iramwenya', '', 'Female', NULL, NULL, '2001-09-25', 2, 15, NULL, '0000-00-00', NULL, NULL, 1, '2018-04-26 10:15:14', '2018-05-07 09:39:09', NULL, 1, 3, 3, 1),
(20, 'Sabastian', 'Maluku', '', 'Male', NULL, NULL, '2000-07-06', 3, 16, NULL, '0000-00-00', NULL, NULL, 1, '2018-04-26 10:17:12', '2018-05-07 09:40:01', NULL, 1, 3, 3, 1),
(21, 'David ', 'Aluchio', '', 'Male', NULL, NULL, '2000-11-05', 3, NULL, NULL, '0000-00-00', NULL, NULL, 1, '2018-04-26 10:19:24', '2018-05-03 06:07:09', NULL, 1, 3, 3, 1),
(22, 'Kevin', 'Okang\'a', '', 'Male', NULL, NULL, '2000-01-18', 3, 18, NULL, '0000-00-00', NULL, NULL, 1, '2018-04-26 10:23:01', '2018-05-07 09:41:37', NULL, 1, 3, 3, 1),
(23, 'Cyprian', 'Moenga', '', 'Male', '0706901693', NULL, '2001-01-03', 3, 19, NULL, '0000-00-00', NULL, NULL, 1, '2018-04-26 10:25:06', '2018-05-07 09:42:11', NULL, 1, 3, 3, 1),
(24, 'Stanely', 'Musembi', '', 'Male', '0701901854', NULL, '1999-10-31', 3, 20, NULL, '0000-00-00', NULL, NULL, 1, '2018-04-26 10:26:31', '2018-05-07 09:42:52', NULL, 1, 3, 3, 1),
(25, 'Mary', 'Jamwaka', '', 'Female', '0723109240', NULL, '1999-11-01', 3, 21, 53, '0000-00-00', NULL, NULL, 1, '2018-04-26 10:28:04', '2018-06-07 12:22:53', NULL, 1, 3, 3, 1),
(26, 'Vallary', 'Nyongesa', '', 'Female', '0724725945', NULL, '2000-12-07', 4, 1, 63, '0000-00-00', NULL, NULL, 1, '2018-04-26 10:34:23', '2018-06-07 12:35:57', NULL, 1, 3, 3, 1),
(27, 'Sulvanos', 'Wilson', '', 'Male', '0790127092', NULL, '1999-09-10', 4, 2, NULL, '0000-00-00', NULL, NULL, 1, '2018-04-26 10:36:34', '2018-05-07 09:45:08', NULL, 1, 3, 3, 1),
(28, 'Jackline', 'Atieno', '', 'Female', '0724588072', NULL, '1998-09-27', 4, 4, 56, '0000-00-00', NULL, NULL, 1, '2018-04-26 10:38:28', '2018-06-07 08:54:57', NULL, 1, 3, 3, 1),
(29, 'Titus', 'Kioko', '', 'Male', '0705397096', NULL, '1999-09-20', 4, 3, 28, '0000-00-00', NULL, NULL, 1, '2018-04-26 10:41:52', '2018-06-07 08:57:20', NULL, 1, 3, 3, 1),
(30, 'Caren', 'Mbalwe', 'Prisca', 'Female', '0718408530', NULL, '2000-07-14', 4, 5, NULL, '0000-00-00', NULL, NULL, 1, '2018-04-26 10:43:30', '2018-05-15 10:34:22', NULL, 1, 3, 3, 1),
(31, 'Christine', 'Achieng\'', '', 'Female', '0743861213', NULL, '0000-00-00', 4, 6, 61, NULL, NULL, NULL, 1, '2018-04-26 10:44:49', '2018-06-07 12:29:41', NULL, 1, 3, 3, 1),
(32, 'Melgrifine', 'Kadesa', '', 'Female', '0707430315', NULL, '2001-09-21', 5, 31, NULL, '0000-00-00', NULL, NULL, 1, '2018-04-26 10:47:28', '2018-05-07 09:48:34', NULL, 1, 3, 3, 1),
(33, 'Elsa', 'Akoth', '', 'Female', NULL, NULL, '2000-09-20', 5, 32, 66, '0000-00-00', NULL, NULL, 1, '2018-04-26 10:48:53', '2018-06-07 12:28:46', NULL, 1, 3, 3, 1),
(34, 'Brian', 'Opiyo', '', 'Male', '0704632346', NULL, '2000-06-06', 6, 33, NULL, '0000-00-00', NULL, NULL, 1, '2018-04-26 10:50:59', '2018-05-07 09:49:49', NULL, 1, 3, 3, 1),
(37, 'Grace ', 'Akinyi', '', 'Female', NULL, NULL, '2000-05-20', 5, 36, NULL, '0000-00-00', NULL, NULL, 1, '2018-04-26 10:55:32', '2018-05-07 09:51:29', NULL, 1, 3, 3, 1),
(38, 'Seline', 'Ogola', '', 'Female', NULL, NULL, '2000-11-11', 5, 37, NULL, '0000-00-00', NULL, NULL, 1, '2018-04-26 10:56:41', '2018-05-07 09:52:06', NULL, 1, 3, 3, 1),
(39, 'Cynthia', 'Khavai', '', 'Female', '0792930700', NULL, '2000-04-22', 5, 38, 64, '0000-00-00', NULL, NULL, 1, '2018-04-26 11:15:31', '2018-06-07 12:27:59', NULL, 1, 3, 3, 1),
(40, 'Steven ', 'Omondi', '', 'Male', '0796351101', NULL, '1999-01-01', 6, 39, 30, '0000-00-00', NULL, NULL, 1, '2018-04-26 11:17:14', '2018-06-07 13:59:21', NULL, 1, 3, 3, 1),
(41, 'Michael', 'Ochieng\'', '', 'Male', NULL, NULL, '2000-06-01', 6, 40, NULL, '0000-00-00', NULL, NULL, 1, '2018-04-26 11:18:44', '2018-05-07 09:53:52', NULL, 1, 3, 3, 1),
(42, 'Mutisya', 'Maingi', '', 'Male', NULL, NULL, '1998-01-07', 6, 41, NULL, '0000-00-00', NULL, NULL, 1, '2018-04-26 11:21:56', '2018-05-07 09:54:32', NULL, 1, 3, 3, 1),
(43, 'Rachael', 'Wangui', '', 'Female', '0700558980', NULL, '2000-08-05', 5, 42, 56, '0000-00-00', NULL, NULL, 1, '2018-04-26 11:25:04', '2018-06-07 08:54:33', NULL, 1, 3, 3, 1),
(44, 'Jackson ', 'Amunabi', '', 'Male', '0725827032', NULL, '2000-01-07', 6, 43, NULL, '0000-00-00', NULL, NULL, 1, '2018-04-26 11:29:17', '2018-05-07 09:55:36', NULL, 1, 3, 3, 1),
(46, 'Husna', 'Musa', '', 'Female', NULL, NULL, '1999-11-08', 6, 45, NULL, '0000-00-00', NULL, NULL, 1, '2018-04-26 11:35:28', '2018-05-07 09:56:58', NULL, 1, 3, 3, 1),
(47, 'Stella', 'Shikuri', '', 'Female', NULL, NULL, '2003-04-13', 5, NULL, NULL, '0000-00-00', NULL, NULL, 1, '2018-04-26 16:32:13', '2018-05-02 11:44:14', NULL, 1, 3, 3, 1),
(48, 'Zahar', 'Omar', '', 'Female', NULL, NULL, '2000-10-12', 5, 53, NULL, '0000-00-00', NULL, NULL, 1, '2018-04-26 16:32:56', '2018-05-07 12:08:55', NULL, 1, 3, 3, 1),
(49, 'Irene', 'Owiti', '', 'Female', NULL, NULL, '2002-08-04', 5, 58, NULL, '0000-00-00', NULL, NULL, 1, '2018-04-26 16:33:52', '2018-05-07 12:19:04', NULL, 1, 3, 3, 1),
(50, 'Carolyne ', 'Atieno', '', 'Female', NULL, NULL, '2002-09-18', 5, 49, NULL, '0000-00-00', NULL, NULL, 1, '2018-04-26 16:34:48', '2018-05-07 12:06:45', NULL, 1, 3, 3, 1),
(51, 'Rukia', 'Akinyi', '', 'Female', NULL, NULL, '2003-04-14', 5, NULL, NULL, '0000-00-00', NULL, NULL, 1, '2018-04-26 16:36:01', '2018-05-07 12:29:23', NULL, 1, 3, 3, 1),
(52, 'Emma', 'Atieno', 'Lorine', 'Female', NULL, NULL, '2000-09-10', 5, 59, NULL, '0000-00-00', NULL, NULL, 1, '2018-04-26 16:37:14', '2018-05-07 12:19:34', NULL, 1, 3, 3, 1),
(53, 'Yvone', 'Auma', '', 'Female', NULL, NULL, '2003-04-28', 5, 61, NULL, '0000-00-00', NULL, NULL, 1, '2018-04-26 16:37:55', '2018-05-07 12:20:49', NULL, 1, 3, 3, 1),
(54, 'Sheila', 'Aluoch', '', 'Female', NULL, NULL, '2001-03-18', 4, 68, NULL, '0000-00-00', NULL, NULL, 1, '2018-04-26 16:39:07', '2018-05-07 12:25:26', NULL, 1, 3, 3, 1),
(55, 'Sharlyne', 'Pomed', '', 'Female', NULL, NULL, '2004-08-26', 4, 57, NULL, '0000-00-00', NULL, NULL, 1, '2018-04-26 16:42:38', '2018-05-07 12:18:19', NULL, 1, 3, 3, 1),
(56, 'Jackline', 'Kaluki', 'kavutha', 'Female', NULL, NULL, '0000-00-00', 4, NULL, NULL, '0000-00-00', NULL, NULL, 1, '2018-04-26 16:43:39', '2018-05-02 12:51:06', NULL, 1, 3, 3, 1),
(57, 'Sara ', 'Nyambura', 'Maina', 'Female', NULL, NULL, '0000-00-00', 1, NULL, NULL, NULL, NULL, NULL, 1, '2018-04-26 16:45:48', '2018-04-26 13:45:48', NULL, 1, 3, NULL, NULL),
(58, 'Rhoda', 'Riziki', 'Mtumila', 'Female', NULL, NULL, '2000-10-12', 1, NULL, NULL, '0000-00-00', NULL, NULL, 1, '2018-04-26 16:47:19', '2018-05-07 07:00:53', NULL, 1, 3, 3, 1),
(59, 'Claudet', 'Wanza', 'Mutio', 'Female', NULL, NULL, '2002-11-03', 1, NULL, NULL, '0000-00-00', NULL, NULL, 1, '2018-04-26 16:48:17', '2018-05-07 07:02:54', NULL, 1, 3, 3, 1),
(60, 'Brilliant', 'Kerubo', 'Mokaya', 'Female', NULL, NULL, '2000-10-17', 1, NULL, NULL, '0000-00-00', NULL, NULL, 1, '2018-04-26 16:49:00', '2018-05-07 07:05:49', NULL, 1, 3, 3, 1),
(61, 'Mercy', 'Mwende', '', 'Female', NULL, NULL, '2001-09-09', 7, 66, NULL, '0000-00-00', NULL, NULL, 1, '2018-04-26 16:50:27', '2018-05-07 12:24:15', NULL, 1, 3, 3, 1),
(62, 'Sheila', 'Kwamboka', '', 'Female', NULL, NULL, '2000-05-10', 7, 72, NULL, '0000-00-00', NULL, NULL, 1, '2018-04-26 16:51:03', '2018-05-07 12:28:15', NULL, 1, 3, 3, 1),
(63, 'Esther', 'Mutanu', '', 'Female', NULL, NULL, '0000-00-00', 7, 80, 55, NULL, NULL, NULL, 1, '2018-04-26 16:51:38', '2018-06-07 08:31:46', NULL, 1, 3, 3, 1),
(64, 'Josephine', 'Mmbone', '', 'Female', NULL, NULL, '2001-05-17', 7, 67, NULL, '0000-00-00', NULL, NULL, 1, '2018-04-26 16:52:20', '2018-05-07 12:24:51', NULL, 1, 3, 3, 1),
(65, 'Josephine', 'Nawire', '', 'Female', NULL, NULL, '1999-10-04', 3, 56, NULL, '0000-00-00', NULL, NULL, 1, '2018-04-26 16:59:46', '2018-05-07 12:17:33', NULL, 1, 3, 3, 1),
(66, 'Venelviah', 'Shimuli', '', 'Female', NULL, NULL, '2003-01-01', 3, 51, NULL, '0000-00-00', NULL, NULL, 1, '2018-04-26 17:00:23', '2018-05-07 12:07:37', NULL, 1, 3, 3, 1),
(67, 'Leah', 'Muthoni', '', 'Female', NULL, NULL, '2002-12-20', 3, 54, NULL, '0000-00-00', NULL, NULL, 1, '2018-04-26 17:00:57', '2018-05-07 12:11:04', NULL, 1, 3, 3, 1),
(68, 'Ashley', 'Shawiza', '', 'Female', NULL, NULL, '2001-11-04', 3, 78, NULL, '0000-00-00', NULL, NULL, 1, '2018-04-26 17:01:31', '2018-05-07 12:35:54', NULL, 1, 3, 3, 1),
(69, 'Charity ', 'Wambui', '', 'Female', NULL, NULL, '2002-01-24', 2, 69, NULL, '0000-00-00', NULL, NULL, 1, '2018-04-26 17:03:26', '2018-05-07 12:26:17', NULL, 1, 3, 3, 1),
(70, 'Sophia', 'Adhiambo', '', 'Female', NULL, NULL, '2001-11-20', 2, NULL, NULL, '0000-00-00', NULL, NULL, 1, '2018-04-26 17:03:59', '2018-05-03 06:13:17', NULL, 1, 3, 3, 1),
(71, 'Maureen', 'Mutheu', '', 'Female', NULL, NULL, '2002-05-28', 2, 70, NULL, '0000-00-00', NULL, NULL, 1, '2018-04-26 17:04:40', '2018-05-07 12:26:50', NULL, 1, 3, 3, 1),
(72, 'Salome', 'Nyaguthie', '', 'Female', NULL, NULL, '2002-12-02', 2, 76, NULL, '0000-00-00', NULL, NULL, 1, '2018-04-26 17:05:53', '2018-05-07 12:31:07', NULL, 1, 3, 3, 1),
(73, 'Athian', 'Teng', 'Amou', 'Female', NULL, NULL, '2002-11-15', 8, NULL, NULL, '0000-00-00', NULL, NULL, 1, '2018-04-26 17:08:03', '2018-05-02 13:13:06', NULL, 1, 3, 3, 1),
(74, 'Peris', 'Waiganjo', '', 'Female', NULL, NULL, '0000-00-00', 8, 62, NULL, NULL, NULL, NULL, 1, '2018-04-26 17:08:57', '2018-05-07 12:21:45', NULL, 1, 3, 3, 1),
(75, 'Ann', 'Betty', '', 'Female', NULL, NULL, '2003-01-04', 8, 63, NULL, '0000-00-00', NULL, NULL, 1, '2018-04-26 17:10:46', '2018-05-07 12:22:21', NULL, 1, 3, 3, 1),
(76, 'James', 'Mweka', 'Masika', 'Male', NULL, NULL, '1999-03-02', 4, 46, NULL, '0000-00-00', NULL, NULL, 1, '2018-05-02 10:23:47', '2018-05-14 08:08:37', NULL, 1, 3, 3, 1),
(77, 'Seth', 'Lelo', '', 'Male', NULL, NULL, '1999-02-01', 4, 52, NULL, '0000-00-00', NULL, NULL, 1, '2018-05-02 10:25:15', '2018-05-07 12:08:15', NULL, 1, 3, 3, 1),
(78, 'Joseph', 'Kikombo', '', 'Male', NULL, NULL, '2000-04-04', 4, NULL, NULL, '0000-00-00', NULL, NULL, 1, '2018-05-02 10:26:16', '2018-05-02 12:49:50', NULL, 1, 3, 3, 1),
(80, 'Henry', 'Munyoki', '', 'Male', NULL, NULL, '0000-00-00', 4, NULL, NULL, NULL, NULL, NULL, 1, '2018-05-02 10:30:58', '2018-05-02 07:30:58', NULL, 1, 3, NULL, NULL),
(83, 'James', 'Odhiambo', '', 'Male', NULL, NULL, '2000-08-02', 4, NULL, NULL, '0000-00-00', NULL, NULL, 1, '2018-05-02 10:35:46', '2018-05-02 12:59:48', NULL, 1, 3, 3, 1),
(84, 'Tonny', 'Paul', 'Otieno', 'Male', NULL, NULL, '1999-01-01', 6, NULL, NULL, '0000-00-00', NULL, NULL, 1, '2018-05-02 10:36:50', '2018-05-15 13:19:59', NULL, 1, 3, 3, 1),
(85, 'Ibrahim', 'Ndirangu', '', 'Male', NULL, NULL, '1999-09-22', 6, 87, NULL, '0000-00-00', NULL, NULL, 1, '2018-05-02 10:37:43', '2018-05-09 06:35:47', NULL, 1, 3, 3, 1),
(86, 'Reuben', 'Mutua', '', 'Male', NULL, NULL, '0000-11-30', 6, NULL, NULL, '0000-00-00', NULL, NULL, 1, '2018-05-02 10:38:30', '2018-05-02 12:38:47', NULL, 1, 3, 3, 1),
(87, 'Stephene', 'Odongo', '', 'Male', NULL, NULL, '2002-10-01', 1, NULL, NULL, '0000-00-00', NULL, NULL, 1, '2018-05-02 10:39:45', '2018-05-07 06:50:24', NULL, 1, 3, 3, 1),
(88, 'Elvis', 'Ndunga', '', 'Male', NULL, NULL, '1998-09-24', 1, 125, NULL, '0000-00-00', NULL, NULL, 1, '2018-05-02 11:24:34', '2018-05-15 11:39:03', NULL, 1, 3, 3, 1),
(89, 'Duncan', 'Mkabi', '', 'Male', NULL, NULL, '2000-01-15', 1, 24, 28, '0000-00-00', NULL, NULL, 1, '2018-05-02 11:25:21', '2018-06-07 08:57:44', NULL, 1, 3, 3, 1),
(90, 'John', 'Sakwa', 'Onyango', 'Male', NULL, NULL, '1998-10-03', 1, 22, 16, '0000-00-00', NULL, NULL, 1, '2018-05-02 11:26:10', '2018-06-04 13:19:29', NULL, 1, 3, 3, 1),
(91, 'Brian', 'Basili', '', 'Male', NULL, NULL, '1998-06-16', 1, 23, NULL, '0000-00-00', NULL, NULL, 1, '2018-05-02 11:27:03', '2018-05-15 11:43:54', NULL, 1, 3, 3, 1),
(92, 'Joshua', 'Mainga', '', 'Male', NULL, NULL, '0000-00-00', 1, NULL, NULL, NULL, NULL, NULL, 1, '2018-05-02 11:27:38', '2018-05-02 08:27:38', NULL, 1, 3, NULL, NULL),
(93, 'James', 'Ananda', '', 'Male', NULL, NULL, '0000-00-00', 1, NULL, NULL, NULL, NULL, NULL, 1, '2018-05-02 11:28:43', '2018-05-02 08:28:43', NULL, 1, 3, NULL, NULL),
(94, 'Ronaldo', 'Were', '', 'Male', NULL, NULL, '1998-06-15', 7, 104, 73, '0000-00-00', NULL, NULL, 1, '2018-05-02 11:30:12', '2018-06-07 14:00:55', NULL, 1, 3, 3, 1),
(95, 'Baraka', 'Mwita', '', 'Male', NULL, NULL, '0000-00-00', 7, NULL, NULL, NULL, NULL, NULL, 1, '2018-05-02 11:33:58', '2018-05-02 08:33:58', NULL, 1, 3, NULL, NULL),
(96, 'Bonface', 'Mokeya', '', 'Male', NULL, NULL, '0000-00-00', 7, NULL, NULL, NULL, NULL, NULL, 1, '2018-05-02 11:34:53', '2018-05-02 08:34:53', NULL, 1, 3, NULL, NULL),
(97, 'Jahvan', 'Otieno', '', 'Male', NULL, NULL, '0000-00-00', 7, NULL, 37, NULL, NULL, NULL, 1, '2018-05-02 11:35:28', '2018-06-07 14:00:17', NULL, 1, 3, 3, 1),
(98, 'Justus', 'Amsavi', '', 'Male', NULL, NULL, '0000-00-00', 7, 85, 37, '0000-00-00', NULL, NULL, 1, '2018-05-02 11:36:05', '2018-06-07 08:58:24', NULL, 1, 3, 3, 1),
(99, 'Bossvill', 'Witaba', '', 'Male', NULL, NULL, '2001-02-28', 7, 99, NULL, '0000-00-00', NULL, NULL, 1, '2018-05-02 11:36:50', '2018-05-09 06:41:09', NULL, 1, 3, 3, 1),
(100, 'Emmanuel', 'Wambiya', '', 'Male', NULL, NULL, '1998-05-15', 7, NULL, 38, '0000-00-00', NULL, NULL, 1, '2018-05-02 11:37:29', '2018-06-07 08:58:56', NULL, 1, 3, 3, 1),
(101, 'Fredrick', 'Otieno', '', 'Male', NULL, NULL, '0000-00-00', 7, 114, NULL, NULL, NULL, NULL, 1, '2018-05-02 11:38:09', '2018-05-16 10:05:49', NULL, 1, 3, 3, 1),
(102, 'Joshua', 'Mwanzia', '', 'Male', NULL, NULL, '0000-00-00', 7, 81, NULL, NULL, NULL, NULL, 1, '2018-05-02 11:42:42', '2018-05-09 06:17:07', NULL, 1, 3, 3, 1),
(103, 'Peter', 'Makau', '', 'Male', NULL, NULL, '1999-05-09', 7, NULL, NULL, '0000-00-00', NULL, NULL, 1, '2018-05-02 11:43:12', '2018-05-03 07:28:40', NULL, 1, 3, 3, 1),
(104, 'Geofrey', 'Ndiema', '', 'Male', NULL, NULL, '1998-02-03', 7, 83, 16, '0000-00-00', NULL, NULL, 1, '2018-05-02 11:43:44', '2018-06-07 08:59:40', NULL, 1, 3, 3, 1),
(105, 'Duncan', 'Otieno', '', 'Male', NULL, NULL, '2000-07-15', 3, NULL, NULL, '0000-00-00', NULL, NULL, 1, '2018-05-02 11:47:24', '2018-05-03 06:00:57', NULL, 1, 3, 3, 1),
(106, 'Elvin', 'Chadeka', '', 'Male', NULL, NULL, '2000-08-05', 3, 55, NULL, '0000-00-00', NULL, NULL, 1, '2018-05-02 11:48:00', '2018-05-07 12:15:12', NULL, 1, 3, 3, 1),
(109, 'Rocky', 'Nicholas', '', 'Male', NULL, NULL, '2001-05-11', 3, 119, NULL, '0000-00-00', NULL, NULL, 1, '2018-05-02 11:52:21', '2018-05-15 11:32:21', NULL, 1, 3, 3, 1),
(110, 'Hansley', 'Butobale', '', 'Male', NULL, NULL, '2000-04-04', 3, NULL, NULL, '0000-00-00', NULL, NULL, 1, '2018-05-02 11:53:01', '2018-05-03 06:10:15', NULL, 1, 3, 3, 1),
(111, 'Leonard', 'Mutunga', '', 'Male', NULL, NULL, '2001-11-03', 2, 60, NULL, '0000-00-00', NULL, NULL, 1, '2018-05-02 11:56:23', '2018-05-07 12:20:11', NULL, 1, 3, 3, 1),
(112, 'Evans', 'Imboba', '', 'Male', NULL, NULL, '2001-09-13', 2, 48, NULL, '0000-00-00', NULL, NULL, 1, '2018-05-02 11:57:03', '2018-05-07 11:56:43', NULL, 1, 3, 3, 1),
(114, 'Ayub ', 'Ashpenaz', 'Oseko', 'Male', NULL, NULL, '2002-03-14', 8, 64, NULL, '0000-00-00', NULL, NULL, 1, '2018-05-02 11:58:55', '2018-05-07 12:22:44', NULL, 1, 3, 3, 1),
(115, 'Ian', 'Wafula', '', 'Male', NULL, NULL, '2002-02-11', 8, 65, NULL, '0000-00-00', NULL, NULL, 1, '2018-05-02 11:59:29', '2018-05-07 12:23:18', NULL, 1, 3, 3, 1),
(116, 'Stephene', 'Mwendwa', '', 'Male', NULL, NULL, '0000-00-00', 8, 71, NULL, NULL, NULL, NULL, 1, '2018-05-02 12:00:50', '2018-05-07 12:27:38', NULL, 1, 3, 3, 1),
(117, 'Nemuel', 'Andrew', '', 'Male', NULL, NULL, '2003-07-05', 8, 75, NULL, '0000-00-00', NULL, NULL, 1, '2018-05-02 12:01:26', '2018-05-07 12:30:22', NULL, 1, 3, 3, 1),
(118, 'Dickens', 'Onyango', '', 'Male', NULL, NULL, '2000-12-02', 8, 113, NULL, '0000-00-00', NULL, NULL, 1, '2018-05-02 12:02:22', '2018-05-15 11:45:55', NULL, 1, 3, 3, 1),
(119, 'Maxwell', 'Onyango', '', 'Male', NULL, NULL, '1998-11-24', 8, 124, NULL, '0000-00-00', NULL, NULL, 1, '2018-05-02 12:03:00', '2018-05-15 11:38:41', NULL, 1, 3, 3, 1),
(120, 'Noah', 'Wekesa', '', 'Male', NULL, NULL, '1999-10-20', 8, 100, 39, '0000-00-00', NULL, NULL, 1, '2018-05-02 12:03:47', '2018-06-07 09:00:27', NULL, 1, 3, 3, 1),
(121, 'Eli', 'Ochieng\'', 'Ogewo', 'Male', NULL, NULL, '2000-01-09', 8, NULL, 41, '0000-00-00', NULL, NULL, 1, '2018-05-02 12:04:17', '2018-06-07 14:01:50', NULL, 1, 3, 3, 1),
(122, 'Dolphine', 'Nawire', '', 'Female', NULL, NULL, '0000-00-00', 5, NULL, NULL, NULL, NULL, NULL, 1, '2018-05-02 12:09:50', '2018-05-02 09:09:50', NULL, 1, 3, NULL, NULL),
(123, 'Mercy', 'Belita', '', 'Female', NULL, NULL, '0000-00-00', 4, 117, NULL, NULL, NULL, NULL, 1, '2018-05-02 12:11:04', '2018-05-15 11:31:14', NULL, 1, 3, 3, 1),
(124, 'Joyce', 'Abutwa', '', 'Female', NULL, NULL, '0000-00-00', 5, NULL, NULL, NULL, NULL, NULL, 1, '2018-05-02 12:11:41', '2018-05-09 06:23:20', NULL, 1, 3, 3, 1),
(125, 'Bridgit', 'Angoya', '', 'Female', NULL, NULL, '1999-08-08', 5, NULL, NULL, '0000-00-00', NULL, NULL, 1, '2018-05-02 12:13:07', '2018-05-02 12:34:27', NULL, 1, 3, 3, 1),
(126, 'Josphine', 'Mbinya', '', 'Female', NULL, NULL, '2000-07-17', 5, 101, NULL, '0000-00-00', NULL, NULL, 1, '2018-05-02 12:15:01', '2018-05-09 06:41:59', NULL, 1, 3, 3, 1),
(127, 'Jacinta', 'Vike', '', 'Female', NULL, NULL, '2000-08-10', 4, NULL, NULL, '0000-00-00', NULL, NULL, 1, '2018-05-02 13:35:01', '2018-05-02 12:57:40', NULL, 1, 3, 3, 1),
(128, 'Cycelinder', 'Iminza', '', 'Female', NULL, NULL, '2002-01-28', 4, 89, NULL, '0000-00-00', NULL, NULL, 1, '2018-05-02 13:35:31', '2018-05-09 06:37:19', NULL, 1, 3, 3, 1),
(129, 'Vivian', 'Akoth', '', 'Female', NULL, NULL, '2001-11-22', 1, 102, NULL, '0000-00-00', NULL, NULL, 1, '2018-05-02 13:39:27', '2018-05-09 06:43:50', NULL, 1, 3, 3, 1),
(130, 'Esther', 'Muendi', '', 'Female', NULL, NULL, '2001-02-17', 7, NULL, NULL, '0000-00-00', NULL, NULL, 1, '2018-05-02 13:43:51', '2018-05-03 06:29:59', NULL, 1, 3, 3, 1),
(131, 'Ann', 'Vuyanzi', '', 'Female', NULL, NULL, '2000-08-25', 7, NULL, NULL, '0000-00-00', NULL, NULL, 0, '2018-05-02 13:44:52', '2018-07-17 12:01:10', NULL, 1, 3, 3, 1),
(132, 'Mercy', 'Mutinda', '', 'Female', NULL, NULL, '2000-01-01', 7, NULL, 11, '0000-00-00', NULL, NULL, 1, '2018-05-02 13:45:48', '2018-06-07 12:37:49', NULL, 1, 3, 3, 1),
(133, 'Nancy', 'Nanchama', '', 'Female', NULL, NULL, '2001-02-04', 7, 122, NULL, '0000-00-00', NULL, NULL, 1, '2018-05-02 13:46:37', '2018-05-15 11:34:22', NULL, 1, 3, 3, 1),
(134, 'Sylvia', 'Asuza', 'Tivi', 'Female', NULL, NULL, '2001-03-22', 7, NULL, 54, '0000-00-00', NULL, NULL, 1, '2018-05-02 13:47:49', '2018-06-07 08:56:19', NULL, 1, 3, 3, 1),
(135, 'Sarah', 'Ondiek', '', 'Female', NULL, NULL, '2001-12-08', 7, NULL, NULL, '0000-00-00', NULL, NULL, 1, '2018-05-02 13:49:59', '2018-05-03 06:55:03', NULL, 1, 3, 3, 1),
(136, 'Noel', 'Wandera', '', 'Female', NULL, NULL, '1998-12-19', 7, 116, NULL, '0000-00-00', NULL, NULL, 1, '2018-05-02 13:51:19', '2018-05-15 11:30:36', NULL, 1, 3, 3, 1),
(139, 'Vivian', 'Okumu', '', 'Female', NULL, NULL, '0000-00-00', 7, 79, NULL, NULL, NULL, NULL, 1, '2018-05-02 13:55:13', '2018-05-09 06:14:44', NULL, 1, 3, 3, 1),
(140, 'Daisy', 'Otachy', '', 'Female', NULL, NULL, '0000-00-00', 7, NULL, NULL, NULL, NULL, NULL, 1, '2018-05-02 13:56:03', '2018-05-02 10:56:03', NULL, 1, 3, NULL, NULL),
(141, 'Eunice', 'Martin', '', 'Female', NULL, NULL, '0000-00-00', 7, 98, 65, NULL, NULL, NULL, 1, '2018-05-02 13:57:28', '2018-06-07 12:20:56', NULL, 1, 3, 3, 1),
(142, 'Betty', 'Auma', '', 'Female', NULL, NULL, '0000-00-00', 7, 126, NULL, NULL, NULL, NULL, 1, '2018-05-02 14:04:22', '2018-05-15 11:39:43', NULL, 1, 3, 3, 1),
(143, 'Barbra', 'Mutonyi', '', 'Female', NULL, NULL, '1998-12-24', 7, 106, NULL, '0000-00-00', NULL, NULL, 1, '2018-05-02 14:06:28', '2018-05-09 06:29:21', NULL, 1, 3, 3, 1),
(144, 'Celestine', 'Barongo', '', 'Female', NULL, NULL, '2001-04-04', 8, NULL, 65, '0000-00-00', NULL, NULL, 1, '2018-05-02 14:14:01', '2018-06-07 12:24:48', NULL, 1, 3, 3, 1),
(145, 'Belinda', 'Awuor', 'Odhiambo', 'Female', NULL, NULL, '2000-04-05', 8, 107, 29, '0000-00-00', NULL, NULL, 1, '2018-05-02 14:15:18', '2018-06-07 12:25:47', NULL, 1, 3, 3, 1),
(146, 'Sheryl', 'Nafula', '', 'Female', NULL, NULL, '2001-04-24', 8, NULL, NULL, '0000-00-00', NULL, NULL, 1, '2018-05-02 14:18:10', '2018-05-15 07:06:15', NULL, 1, 3, 3, 1),
(147, 'Constance ', 'Syombua', '', 'Female', NULL, NULL, '2001-11-09', 8, 82, 58, '0000-00-00', NULL, NULL, 1, '2018-05-02 14:18:54', '2018-06-07 12:26:07', NULL, 1, 3, 3, 1),
(148, 'Annet', 'Mmbone', '', 'Female', NULL, NULL, '0000-00-00', 5, NULL, NULL, '0000-00-00', NULL, NULL, 1, '2018-05-02 15:29:02', '2018-05-02 12:31:35', NULL, 1, 3, 3, 1),
(149, 'Claudio', 'Kataka', '', 'Male', NULL, NULL, '1999-02-09', 4, 88, NULL, '0000-00-00', NULL, NULL, 1, '2018-05-02 16:03:48', '2018-05-09 06:36:51', NULL, 1, 3, 3, 1),
(150, 'Ezra', 'Matara', '', 'Male', NULL, NULL, '2000-11-15', 7, NULL, NULL, '0000-00-00', NULL, NULL, 1, '2018-05-03 09:31:49', '2018-05-03 06:32:24', NULL, 1, 3, 3, 1),
(151, 'Stanely', 'Mutisya', 'Kyathe', 'Male', NULL, NULL, '2000-05-15', 1, 47, NULL, '0000-00-00', NULL, NULL, 1, '2018-05-07 09:54:20', '2018-05-07 11:56:11', NULL, 1, 3, 3, 1),
(152, 'Sadiki', 'Hamisi', '', 'Female', NULL, NULL, '0000-00-00', 6, 84, NULL, NULL, NULL, NULL, 1, '2018-05-08 16:08:40', '2018-05-16 09:29:35', NULL, 1, 3, 3, 1),
(153, 'Esther', 'Wanjiku', '', 'Female', NULL, NULL, '0000-00-00', 4, 93, NULL, NULL, NULL, NULL, 1, '2018-05-09 09:21:15', '2018-05-09 06:21:40', NULL, 1, 3, 3, 1),
(155, 'Daniel', 'Oumah', '', 'Male', NULL, NULL, '0000-00-00', 7, 73, NULL, '0000-00-00', NULL, NULL, 1, '2018-05-14 11:06:24', '2018-05-15 09:08:49', NULL, 1, 3, 3, 1),
(156, 'Rose', 'Kalewa', '', 'Female', NULL, NULL, '2000-01-24', 7, NULL, 55, '0000-00-00', NULL, NULL, 1, '2018-05-15 10:09:50', '2018-06-07 08:31:26', NULL, 1, 3, 3, 1),
(157, 'Lucy', 'Awino', '', 'Female', NULL, NULL, '2000-07-01', 1, 26, NULL, '0000-11-30', NULL, NULL, 1, '2018-05-15 10:12:13', '2018-05-15 08:56:26', NULL, 1, 3, 3, 1),
(158, 'Boniface', 'Okang\'a', '', 'Male', NULL, NULL, '0000-00-00', 6, 34, 30, '0000-00-00', NULL, NULL, 1, '2018-05-15 10:14:47', '2018-06-07 13:59:41', NULL, 1, 3, 3, 1),
(159, 'Diana', 'Khavukwi', '', 'Female', NULL, NULL, '0000-00-00', 7, NULL, NULL, '0000-00-00', NULL, NULL, 1, '2018-05-15 10:16:32', '2018-05-15 07:16:32', NULL, 1, 3, NULL, NULL),
(160, 'Abdullah', 'Habib', '', 'Male', NULL, NULL, '0000-00-00', 6, NULL, NULL, '0000-00-00', NULL, NULL, 0, '2018-05-15 11:20:40', '2018-07-15 13:53:16', NULL, 1, 3, 4, 1),
(162, 'Humphrey', 'Makokha', '', 'Male', NULL, NULL, '0000-00-00', 6, 103, NULL, '0000-00-00', NULL, NULL, 1, '2018-05-15 16:28:14', '2018-05-16 09:38:19', NULL, 1, 3, 3, 1),
(164, 'Patricia', 'Aboge', '', 'Female', NULL, NULL, '0000-00-00', 8, 127, NULL, '0000-00-00', NULL, NULL, 1, '2018-05-16 12:25:15', '2018-05-16 09:26:10', NULL, 1, 3, 3, 1),
(165, 'Joshua', 'Odongo', '', 'Male', NULL, NULL, '0000-00-00', 7, NULL, NULL, '0000-00-00', NULL, NULL, 1, '2018-06-19 15:37:12', '2018-06-19 12:37:12', NULL, 1, 3, NULL, NULL),
(166, 'Diana', 'Nyambura', '', 'Male', NULL, NULL, '0000-00-00', 3, NULL, NULL, '0000-00-00', NULL, NULL, 1, '2018-06-19 15:38:27', '2018-06-19 12:38:27', NULL, 1, 3, NULL, NULL);

-- --------------------------------------------------------

--
-- Table structure for table `mentorattendance`
--

CREATE TABLE `mentorattendance` (
  `attendanceAutoId` int(10) NOT NULL,
  `attendanceMentorId` int(10) NOT NULL,
  `attendanceStatus` varchar(10) NOT NULL,
  `attendanceDate` date NOT NULL,
  `attendance_event_name` varchar(50) NOT NULL,
  `attendanceUpdated` timestamp NOT NULL DEFAULT CURRENT_TIMESTAMP ON UPDATE CURRENT_TIMESTAMP,
  `creating_user_group_id` int(5) NOT NULL,
  `creating_user_id` int(10) NOT NULL,
  `last_update_user_id` int(10) DEFAULT NULL,
  `last_update_user_group_id` int(10) DEFAULT NULL
) ENGINE=InnoDB DEFAULT CHARSET=latin1;

--
-- Dumping data for table `mentorattendance`
--

INSERT INTO `mentorattendance` (`attendanceAutoId`, `attendanceMentorId`, `attendanceStatus`, `attendanceDate`, `attendance_event_name`, `attendanceUpdated`, `creating_user_group_id`, `creating_user_id`, `last_update_user_id`, `last_update_user_group_id`) VALUES
(1, 21, 'PRESENT', '2018-05-12', 'A talk on responsibilities by Mr Borallo', '2018-05-15 07:41:54', 1, 3, NULL, NULL),
(2, 9, 'PRESENT', '2018-05-12', 'A talk on responsibilities by Mr Borallo', '2018-05-15 07:41:54', 1, 3, NULL, NULL),
(3, 16, 'PRESENT', '2018-05-12', 'A talk on responsibilities by Mr Borallo', '2018-05-15 07:41:54', 1, 3, NULL, NULL),
(4, 13, 'PRESENT', '2018-05-12', 'A talk on responsibilities by Mr Borallo', '2018-05-15 07:41:54', 1, 3, NULL, NULL),
(6, 22, 'PRESENT', '2018-05-12', 'A talk on responsibilities by Mr Borallo', '2018-05-15 07:41:54', 1, 3, NULL, NULL),
(7, 33, 'PRESENT', '2018-05-12', 'A talk on responsibilities by Mr Borallo', '2018-05-15 07:41:54', 1, 3, NULL, NULL),
(8, 7, 'PRESENT', '2018-05-12', 'A talk on responsibilities by Mr Borallo', '2018-05-15 07:41:54', 1, 3, NULL, NULL),
(9, 4, 'PRESENT', '2018-05-12', 'A talk on responsibilities by Mr Borallo', '2018-05-15 07:41:54', 1, 3, NULL, NULL),
(10, 29, 'PRESENT', '2018-05-12', 'A talk on responsibilities by Mr Borallo', '2018-05-15 07:41:54', 1, 3, NULL, NULL),
(11, 30, 'PRESENT', '2018-05-12', 'A talk on responsibilities by Mr Borallo', '2018-05-15 07:41:54', 1, 3, NULL, NULL),
(12, 36, 'PRESENT', '2018-05-12', 'A talk on responsibilities by Mr Borallo', '2018-05-15 07:41:54', 1, 3, NULL, NULL),
(13, 3, 'PRESENT', '2018-05-12', 'A talk on responsibilities by Mr Borallo', '2018-05-15 07:41:54', 1, 3, NULL, NULL),
(14, 32, 'PRESENT', '2018-05-12', 'A talk on responsibilities by Mr Borallo', '2018-05-15 07:41:54', 1, 3, NULL, NULL),
(15, 6, 'PRESENT', '2018-05-12', 'A talk on responsibilities by Mr Borallo', '2018-05-15 07:41:54', 1, 3, NULL, NULL),
(16, 15, 'PRESENT', '2018-05-12', 'A talk on responsibilities by Mr Borallo', '2018-05-15 07:41:54', 1, 3, NULL, NULL),
(17, 11, 'PRESENT', '2018-05-12', 'A talk on responsibilities by Mr Borallo', '2018-05-15 07:41:54', 1, 3, NULL, NULL),
(18, 34, 'PRESENT', '2018-05-12', 'A talk on responsibilities by Mr Borallo', '2018-05-15 07:41:54', 1, 3, NULL, NULL),
(19, 23, 'PRESENT', '2018-05-12', 'A talk on responsibilities by Mr Borallo', '2018-05-15 07:41:54', 1, 3, NULL, NULL),
(20, 10, 'PRESENT', '2018-05-12', 'A talk on responsibilities by Mr Borallo', '2018-05-15 07:41:54', 1, 3, NULL, NULL),
(21, 20, 'PRESENT', '2018-05-12', 'A talk on responsibilities by Mr Borallo', '2018-05-15 07:41:54', 1, 3, NULL, NULL),
(22, 27, 'PRESENT', '2018-05-12', 'A talk on responsibilities by Mr Borallo', '2018-05-15 07:41:54', 1, 3, NULL, NULL),
(23, 35, 'PRESENT', '2018-05-12', 'A talk on responsibilities by Mr Borallo', '2018-05-15 07:41:54', 1, 3, NULL, NULL),
(24, 19, 'PRESENT', '2018-05-12', 'A talk on responsibilities by Mr Borallo', '2018-05-15 07:41:54', 1, 3, NULL, NULL),
(25, 5, 'PRESENT', '2018-05-12', 'A talk on responsibilities by Mr Borallo', '2018-05-15 07:41:54', 1, 3, NULL, NULL),
(26, 2, 'PRESENT', '2018-05-12', 'A talk on responsibilities by Mr Borallo', '2018-05-15 07:41:54', 1, 3, NULL, NULL),
(27, 18, 'PRESENT', '2018-05-12', 'A talk on responsibilities by Mr Borallo', '2018-05-15 07:41:54', 1, 3, NULL, NULL),
(28, 14, 'PRESENT', '2018-05-12', 'A talk on responsibilities by Mr Borallo', '2018-05-15 07:41:54', 1, 3, NULL, NULL),
(29, 28, 'PRESENT', '2018-05-12', 'A talk on responsibilities by Mr Borallo', '2018-05-15 07:41:54', 1, 3, NULL, NULL),
(30, 31, 'PRESENT', '2018-05-12', 'A talk on responsibilities by Mr Borallo', '2018-05-15 07:41:54', 1, 3, NULL, NULL),
(31, 25, 'PRESENT', '2018-05-12', 'A talk on responsibilities by Mr Borallo', '2018-05-15 07:41:54', 1, 3, NULL, NULL),
(32, 24, 'PRESENT', '2018-05-12', 'A talk on responsibilities by Mr Borallo', '2018-05-15 07:41:54', 1, 3, NULL, NULL),
(33, 12, 'PRESENT', '2018-05-12', 'A talk on responsibilities by Mr Borallo', '2018-05-15 07:41:54', 1, 3, NULL, NULL),
(34, 13, 'PRESENT', '2018-06-02', 'Mentors\' meeting', '2018-06-06 13:42:38', 1, 3, NULL, NULL),
(35, 49, 'PRESENT', '2018-06-02', 'Mentors\' meeting', '2018-06-06 13:42:38', 1, 3, NULL, NULL),
(36, 33, 'PRESENT', '2018-06-02', 'Mentors\' meeting', '2018-06-06 13:42:38', 1, 3, NULL, NULL),
(37, 7, 'PRESENT', '2018-06-02', 'Mentors\' meeting', '2018-06-06 13:42:38', 1, 3, NULL, NULL),
(38, 40, 'ABSENT', '2018-06-02', 'Mentors\' meeting', '2018-06-06 13:42:38', 1, 3, NULL, NULL),
(39, 42, 'PRESENT', '2018-06-02', 'Mentors\' meeting', '2018-06-06 13:42:38', 1, 3, NULL, NULL),
(40, 4, 'ABSENT', '2018-06-02', 'Mentors\' meeting', '2018-06-06 13:42:38', 1, 3, NULL, NULL),
(41, 29, 'PRESENT', '2018-06-02', 'Mentors\' meeting', '2018-06-06 13:42:38', 1, 3, NULL, NULL),
(42, 30, 'ABSENT', '2018-06-02', 'Mentors\' meeting', '2018-06-06 13:42:38', 1, 3, NULL, NULL),
(43, 54, 'ABSENT', '2018-06-02', 'Mentors\' meeting', '2018-06-06 13:42:38', 1, 3, NULL, NULL),
(44, 36, 'ABSENT', '2018-06-02', 'Mentors\' meeting', '2018-06-06 13:42:38', 1, 3, NULL, NULL),
(45, 3, 'ABSENT', '2018-06-02', 'Mentors\' meeting', '2018-06-06 13:42:38', 1, 3, NULL, NULL),
(46, 32, 'ABSENT', '2018-06-02', 'Mentors\' meeting', '2018-06-06 13:42:38', 1, 3, NULL, NULL),
(47, 6, 'ABSENT', '2018-06-02', 'Mentors\' meeting', '2018-06-06 13:42:38', 1, 3, NULL, NULL),
(48, 52, 'PRESENT', '2018-06-02', 'Mentors\' meeting', '2018-06-06 13:42:38', 1, 3, NULL, NULL),
(49, 15, 'ABSENT', '2018-06-02', 'Mentors\' meeting', '2018-06-06 13:42:38', 1, 3, NULL, NULL),
(50, 48, 'PRESENT', '2018-06-02', 'Mentors\' meeting', '2018-06-06 13:42:38', 1, 3, NULL, NULL),
(51, 11, 'ABSENT', '2018-06-02', 'Mentors\' meeting', '2018-06-06 13:42:38', 1, 3, NULL, NULL),
(52, 34, 'ABSENT', '2018-06-02', 'Mentors\' meeting', '2018-06-06 13:42:38', 1, 3, NULL, NULL),
(53, 38, 'ABSENT', '2018-06-02', 'Mentors\' meeting', '2018-06-06 13:42:38', 1, 3, NULL, NULL),
(54, 50, 'PRESENT', '2018-06-02', 'Mentors\' meeting', '2018-06-06 13:42:38', 1, 3, NULL, NULL),
(55, 23, 'ABSENT', '2018-06-02', 'Mentors\' meeting', '2018-06-06 13:42:38', 1, 3, NULL, NULL),
(56, 10, 'ABSENT', '2018-06-02', 'Mentors\' meeting', '2018-06-06 13:42:38', 1, 3, NULL, NULL),
(57, 20, 'ABSENT', '2018-06-02', 'Mentors\' meeting', '2018-06-06 13:42:38', 1, 3, NULL, NULL),
(58, 46, 'PRESENT', '2018-06-02', 'Mentors\' meeting', '2018-06-06 13:42:38', 1, 3, NULL, NULL),
(59, 27, 'PRESENT', '2018-06-02', 'Mentors\' meeting', '2018-06-06 13:42:38', 1, 3, NULL, NULL),
(60, 47, 'PRESENT', '2018-06-02', 'Mentors\' meeting', '2018-06-06 13:42:38', 1, 3, NULL, NULL),
(61, 35, 'PRESENT', '2018-06-02', 'Mentors\' meeting', '2018-06-06 13:42:38', 1, 3, NULL, NULL),
(62, 19, 'PRESENT', '2018-06-02', 'Mentors\' meeting', '2018-06-06 13:42:38', 1, 3, NULL, NULL),
(63, 44, 'PRESENT', '2018-06-02', 'Mentors\' meeting', '2018-06-06 13:42:38', 1, 3, NULL, NULL),
(64, 5, 'ABSENT', '2018-06-02', 'Mentors\' meeting', '2018-06-06 13:42:38', 1, 3, NULL, NULL),
(65, 2, 'ABSENT', '2018-06-02', 'Mentors\' meeting', '2018-06-06 13:42:38', 1, 3, NULL, NULL),
(66, 18, 'PRESENT', '2018-06-02', 'Mentors\' meeting', '2018-06-06 13:42:38', 1, 3, NULL, NULL),
(67, 45, 'PRESENT', '2018-06-02', 'Mentors\' meeting', '2018-06-06 13:42:38', 1, 3, NULL, NULL),
(68, 14, 'PRESENT', '2018-06-02', 'Mentors\' meeting', '2018-06-06 13:42:38', 1, 3, NULL, NULL),
(69, 28, 'PRESENT', '2018-06-02', 'Mentors\' meeting', '2018-06-06 13:42:38', 1, 3, NULL, NULL),
(70, 51, 'PRESENT', '2018-06-02', 'Mentors\' meeting', '2018-06-06 13:42:38', 1, 3, NULL, NULL),
(71, 31, 'ABSENT', '2018-06-02', 'Mentors\' meeting', '2018-06-06 13:42:38', 1, 3, NULL, NULL),
(72, 25, 'ABSENT', '2018-06-02', 'Mentors\' meeting', '2018-06-06 13:42:38', 1, 3, NULL, NULL),
(73, 24, 'PRESENT', '2018-06-02', 'Mentors\' meeting', '2018-06-06 13:42:38', 1, 3, NULL, NULL),
(74, 41, 'ABSENT', '2018-06-02', 'Mentors\' meeting', '2018-06-06 13:42:38', 1, 3, NULL, NULL),
(75, 43, 'PRESENT', '2018-06-02', 'Mentors\' meeting', '2018-06-06 13:42:38', 1, 3, NULL, NULL),
(76, 12, 'ABSENT', '2018-06-02', 'Mentors\' meeting', '2018-06-06 13:42:38', 1, 3, NULL, NULL);

-- --------------------------------------------------------

--
-- Table structure for table `mentors`
--

CREATE TABLE `mentors` (
  `mentorAutoId` int(10) NOT NULL,
  `mentorId` varchar(30) DEFAULT NULL,
  `mentorStudId` varchar(30) DEFAULT NULL,
  `mentorStaffId` varchar(20) DEFAULT NULL,
  `mentorFname` varchar(30) NOT NULL,
  `mentorLname` varchar(30) NOT NULL,
  `mentorGender` varchar(10) NOT NULL,
  `mentorDoB` date DEFAULT NULL,
  `mentorOtherNames` varchar(50) DEFAULT NULL,
  `mentorPhone1` varchar(30) NOT NULL,
  `mentorPhone2` varchar(30) DEFAULT NULL,
  `mentorEmail` varchar(100) NOT NULL,
  `mentorInstitutionId` int(10) NOT NULL,
  `mentorYoS` varchar(15) NOT NULL,
  `mentorCourse` int(5) DEFAULT NULL,
  `mentorProfession` varchar(100) DEFAULT NULL,
  `mentorLevel` int(2) NOT NULL DEFAULT '1',
  `mentorProfilePhoto` varchar(150) DEFAULT NULL,
  `mentorPassword` varchar(250) NOT NULL,
  `mentorDateAdded` datetime NOT NULL,
  `mentorDateJoined` date DEFAULT NULL,
  `mentorDateLeft` date DEFAULT NULL,
  `mentorDateUpdated` timestamp NOT NULL DEFAULT CURRENT_TIMESTAMP ON UPDATE CURRENT_TIMESTAMP,
  `mentorActiveStatus` tinyint(1) NOT NULL DEFAULT '1',
  `mentorReasonInactive` varchar(150) DEFAULT NULL,
  `creating_user_group_id` int(5) NOT NULL,
  `creating_user_id` int(10) NOT NULL,
  `last_update_user_id` int(10) DEFAULT NULL,
  `last_update_user_group_id` int(10) DEFAULT NULL
) ENGINE=InnoDB DEFAULT CHARSET=latin1 ROW_FORMAT=COMPACT;

--
-- Dumping data for table `mentors`
--

INSERT INTO `mentors` (`mentorAutoId`, `mentorId`, `mentorStudId`, `mentorStaffId`, `mentorFname`, `mentorLname`, `mentorGender`, `mentorDoB`, `mentorOtherNames`, `mentorPhone1`, `mentorPhone2`, `mentorEmail`, `mentorInstitutionId`, `mentorYoS`, `mentorCourse`, `mentorProfession`, `mentorLevel`, `mentorProfilePhoto`, `mentorPassword`, `mentorDateAdded`, `mentorDateJoined`, `mentorDateLeft`, `mentorDateUpdated`, `mentorActiveStatus`, `mentorReasonInactive`, `creating_user_group_id`, `creating_user_id`, `last_update_user_id`, `last_update_user_group_id`) VALUES
(2, NULL, '101035', '', 'Reagan', 'Oyigo', 'Male', '0000-00-00', '', '0798607785', NULL, 'reagan.oyigo@strathmore.edu', 1, '2', 2, '', 3, NULL, 'caa6efde0ed0129608998bda23ffbaa8', '2018-05-14 12:28:33', '0000-00-00', NULL, '2018-06-07 07:51:08', 1, NULL, 1, 3, 3, 1),
(3, NULL, '095898', '', 'Isaac', 'Barasa', 'Male', '0000-00-00', '', '0700000000', NULL, 'isaac.barasa@gmail.com', 1, '2', 5, '', 3, NULL, '0b1c42789fd0dd9c138bef529954df8b', '2018-05-14 13:00:20', '0000-00-00', NULL, '2018-06-07 07:51:01', 1, NULL, 1, 3, 3, 1),
(4, NULL, '', '', 'Dennis', 'Gitau', 'Male', '0000-00-00', '', '0715684559', NULL, 'dennis.gitau@strathmore.edu', 1, 'SU Alumni', NULL, '', 3, NULL, '6d21300e1f20f4fead25b0a502702a6c', '2018-05-14 13:02:07', '0000-00-00', NULL, '2018-06-07 07:51:28', 1, NULL, 1, 3, 3, 1),
(5, NULL, '111483', '', 'Purity', 'Katee', 'Female', '0000-00-00', '', '0752258100', NULL, 'purity.katee@strathmore.edu', 1, '1', 2, '', 3, NULL, 'c4c462e99eb88c2313e465096dad6db2', '2018-05-14 13:04:23', '0000-00-00', NULL, '2018-06-07 07:51:36', 1, NULL, 1, 3, 3, 1),
(6, NULL, '', '', 'Jane ', 'Mbaya', 'Female', '0000-00-00', '', '0729535909', NULL, 'janembaya@gmail.com', 2, '4', 6, '', 3, NULL, '580a554e2688fcd06a58905da7c2f98a', '2018-05-14 13:05:55', '0000-00-00', NULL, '2018-06-07 07:51:42', 1, NULL, 1, 3, 3, 1),
(7, NULL, '089808', '', 'Daniel', 'Makosi', 'Male', '0000-00-00', '', '0729925086', NULL, 'daniel.makosi@strathmore.edu', 1, '4', 2, '', 3, NULL, 'ed8eb8ab4ffdbf6993b9d4a34e5a526d', '2018-05-14 13:13:53', '0000-00-00', NULL, '2018-06-07 07:51:49', 1, NULL, 1, 3, 3, 1),
(9, NULL, '', '', 'Anne', 'Musau', 'Female', '0000-00-00', '', '0710000000', NULL, 'annemusau@gmail.com', 6, 'Other', NULL, '', 3, NULL, '335c09ba3e622240fe95e6f3e569f7e3', '2018-05-14 13:19:35', '0000-00-00', NULL, '2018-06-07 07:51:57', 1, NULL, 1, 3, 3, 1),
(10, NULL, '89800', '', 'Mary', 'Ayasi', 'Female', '0000-00-00', '', '0760270152', NULL, 'mary.ayasi@strathmore.edu', 1, '3', 2, '', 3, NULL, '75b099dbcf22bf8c0e2814d7a73593fe', '2018-05-14 13:22:00', '0000-00-00', NULL, '2018-06-07 07:52:05', 1, NULL, 1, 3, 3, 1),
(11, NULL, '94328', '', 'Joyce', 'Mukuhi', 'Female', '0000-00-00', 'Kamau', '0729595356', NULL, 'joyce.kamau@strathmore.edu', 1, '3', 1, '', 3, NULL, 'c2f09b268a518c8f7b1f7412e64687fe', '2018-05-14 13:24:15', '0000-00-00', NULL, '2018-06-07 07:52:12', 1, NULL, 1, 3, 3, 1),
(12, NULL, '92765', '', 'Vivian', 'Njeri', 'Female', '0000-00-00', '', '0741753963', NULL, 'vivian.njeri@strathmore.edu', 1, '3', 1, '', 3, NULL, '2f19e1c78af300a976dee8ae52d39b1a', '2018-05-14 13:26:47', '0000-00-00', NULL, '2018-06-07 07:52:29', 1, NULL, 1, 3, 3, 1),
(13, NULL, '112515', '', 'Boniface', 'Gitonga', 'Male', '0000-00-00', '', '0711000000', NULL, 'boniface.gitonga@strathmore.edu', 1, '1', 2, '', 3, NULL, '7480558aa57ff883220369dde925b11d', '2018-05-14 13:30:27', '0000-00-00', NULL, '2018-06-07 07:52:42', 1, NULL, 1, 3, 3, 1),
(14, NULL, '112424', '', 'Shadrack', 'Anayo', 'Male', '0000-00-00', '', '0701142865', NULL, 'sahdrack.anayo@strathmore.edu', 1, '1', 7, '', 3, NULL, 'c6190652aa17fc6b2b49251d1ad68453', '2018-05-14 13:32:57', '0000-00-00', NULL, '2018-06-07 07:52:54', 1, NULL, 1, 3, 3, 1),
(15, NULL, '100846', '', 'Jeff', 'Odhiambo', 'Male', '0000-00-00', 'Obonyo', '0701931292', NULL, 'jeff.odhiambo@strathmore.edu', 1, '2', 3, '', 3, NULL, '54095365b84b3ab2ff692393f3766319', '2018-05-14 13:34:35', '0000-00-00', NULL, '2018-06-07 07:53:06', 1, NULL, 1, 3, 3, 1),
(16, NULL, '90157', '', 'Boaz', 'Tanui', 'Male', '0000-00-00', '', '0710908262', NULL, 'boaztanui.bt@gmail.com', 1, '4', 2, '', 3, NULL, 'a9154a155622993a6bd7fb651836952d', '2018-05-14 13:37:58', '0000-00-00', NULL, '2018-06-04 13:18:52', 1, NULL, 1, 3, 3, 1),
(18, NULL, '111267', '', 'Reuben', 'Apuya', 'Male', '0000-00-00', '', '0710000001', NULL, 'reuben.apuya@strathmore.edu', 1, '1', 3, '', 3, NULL, 'c7c6af28dfb9c356ceefb2fceed95788', '2018-05-14 13:39:38', '0000-00-00', NULL, '2018-06-07 07:53:55', 1, NULL, 1, 3, 3, 1),
(19, NULL, '110815', '', 'Njoki', 'Mungai', 'Female', '0000-00-00', '', '0700010000', NULL, 'njoki.mungai@strathmoe.edu', 1, '1', 4, '', 3, NULL, '93c0eb251cf951f3950cef45b52c68b5', '2018-05-14 13:41:03', '0000-00-00', NULL, '2018-06-07 07:53:47', 1, NULL, 1, 3, 3, 1),
(20, NULL, '111163', '', 'Mary', 'Wacu', 'Female', '0000-00-00', '', '0729797063', NULL, 'mary.wacu@strathmore.edu', 1, '1', 1, '', 3, NULL, 'fd9e38d1d8c07138af8b8c99768e742f', '2018-05-14 13:42:29', '0000-00-00', NULL, '2018-06-07 07:53:37', 1, NULL, 1, 3, 3, 1),
(21, NULL, '1111188', '', 'Alvin', 'Akinyi', 'Female', '0000-00-00', '', '0705885038', NULL, 'alvine.akinyi@strathmore.edu', 1, '2', 2, '', 3, NULL, 'fe0155209c36ce9dadeb3589e5992fd6', '2018-05-14 13:44:28', '0000-00-00', NULL, '2018-07-17 12:16:56', 1, NULL, 1, 3, 1, 1),
(22, NULL, '88056', '', 'Christine', 'Wanjiru', 'Female', '0000-00-00', '', '0701000000', NULL, 'christine.wanjiru@strathmore.edu', 1, '4', 2, '', 3, NULL, '546066671a34bf1a4d1bad75d0a2b6e9', '2018-05-14 13:50:19', '0000-00-00', NULL, '2018-06-07 07:53:16', 1, NULL, 1, 3, 3, 1),
(23, NULL, '101125', '', 'Martha', 'Munene', 'Female', '0000-00-00', '', '0710100010', NULL, 'martha.munene@strathmore.edu', 1, '2', 8, '', 3, NULL, 'f703210c27c4af4d5eac9c023acaca0a', '2018-05-14 13:51:50', '0000-00-00', NULL, '2018-06-07 08:00:37', 1, NULL, 1, 3, 3, 1),
(24, NULL, '100361', '', 'Teresia', 'Nekesa', 'Female', '1997-02-02', '', '0719570565', NULL, 'teresa.nekesa@strathmore.edu', 1, '2', 3, '', 3, NULL, '4956f0405d51def38ddf345bc5991839', '2018-05-14 13:54:45', '0000-00-00', NULL, '2018-06-07 08:00:51', 1, NULL, 1, 3, 3, 1),
(25, NULL, '111579', '', 'Susan ', 'Kamau', 'Female', '0000-00-00', '', '0710110000', NULL, 'susan.kamau@strathmore.edu', 1, '1', 2, '', 3, NULL, '587136ed7e4b2eea6033697d0ad4f1f0', '2018-05-14 13:56:06', '0000-00-00', NULL, '2018-06-07 08:01:02', 1, NULL, 1, 3, 3, 1),
(27, NULL, '082069', '', 'Milka', 'Amakobe', 'Female', '0000-00-00', '', '0711000001', NULL, 'milka.amakobe@strathmore.edu', 1, '4', 9, '', 3, NULL, '6e8d4508224aa84a0d13a082c1fe42bb', '2018-05-14 13:57:56', '0000-00-00', NULL, '2018-06-07 08:01:14', 1, NULL, 1, 3, 3, 1),
(28, NULL, '089392', '', 'Simon', 'Nge\'tich', 'Male', '0000-00-00', '', '0704694761', NULL, 'simon.ng\'etich@strathmore.edu', 1, '4', 2, '', 3, NULL, 'fb8489ad2d8a3ad0aee808840b941595', '2018-05-14 14:00:55', '0000-00-00', NULL, '2018-06-04 13:29:54', 1, NULL, 1, 3, 3, 1),
(29, NULL, '094432', '', 'Doreen', 'Chemutai', 'Female', '0000-00-00', '', '0710518940', NULL, 'doreen.chemutai@strathmore.edu', 1, '1', 2, '', 3, NULL, '058ebbbc58ab536b79e0372bfe77d32a', '2018-05-14 14:02:38', '0000-00-00', NULL, '2018-06-04 13:32:17', 1, NULL, 1, 3, 3, 1),
(30, NULL, '', '', 'Erick', 'Nakitare', 'Male', '0000-00-00', '', '0714235849', NULL, 'ericknakitare@gmail.com', 3, '2', 10, '', 3, NULL, '3d962121e8e361ea8a957e888a452191', '2018-05-14 14:05:20', '0000-00-00', NULL, '2018-06-04 13:29:15', 1, NULL, 1, 3, 3, 1),
(31, NULL, '089803', '', 'Steve', 'Kimanthi', 'Male', '0000-00-00', '', '0702561521', NULL, 'stevekimanthi2@gmail.com', 1, '4', 2, '', 3, NULL, '2cba03137dd701bfd982a22bcf3c4884', '2018-05-14 14:08:00', '0000-00-00', NULL, '2018-06-07 08:02:33', 1, NULL, 1, 3, 3, 1),
(32, NULL, '102461', '', 'Jackson', 'Mwanzia', 'Male', '0000-00-00', '', '0711020000', NULL, 'jackson.mwanzia@strathmore.edu', 1, '2', 5, '', 3, NULL, '0d3a29951402f10f4efbc008446e1400', '2018-05-14 14:09:41', '0000-00-00', NULL, '2018-06-07 08:03:04', 1, NULL, 1, 3, 3, 1),
(33, NULL, '089034', '', 'Cynthia', 'Muchiru', 'Female', '0000-00-00', '', '0714710289', NULL, 'cynthia.muchiru@strathmore.edu', 1, '4', 1, '', 3, NULL, '5f0f15ad11669b409a831ddd7f657442', '2018-05-14 15:15:53', '0000-00-00', NULL, '2018-06-07 07:58:58', 1, NULL, 1, 3, 3, 1),
(34, NULL, '', '', 'Julie', 'Ochola', 'Female', '0000-00-00', '', '0701010000', NULL, 'julieochola@gmal.com', 4, '3', NULL, '', 3, NULL, '45d3ebff86b0838e14b4dcd13e1c1b30', '2018-05-14 15:17:08', '0000-00-00', NULL, '2018-06-07 08:03:14', 1, NULL, 1, 3, 3, 1),
(35, NULL, '', '', 'Nancy', 'Nyongesa', 'Female', '0000-00-00', '', '0701020000', NULL, 'nancynyongesa@gmail.com', 5, '2', 12, '', 3, NULL, '09862583c953ba6385d21c135ba0accd', '2018-05-14 15:18:37', '0000-00-00', NULL, '2018-06-07 08:03:25', 1, NULL, 1, 3, 3, 1),
(36, NULL, '', '', 'Faith', 'Mumbi', 'Female', '0000-00-00', '', '0704742089', NULL, 'faith.mumbi@strathmore.edu', 1, '3', NULL, '', 3, NULL, 'ac4840c3e7d6982131d15f7f3a48c067', '2018-05-14 15:21:43', '0000-00-00', NULL, '2018-06-07 08:03:36', 1, NULL, 1, 3, 3, 1),
(37, NULL, '', '', 'Clinton ', 'Muchoki', 'Male', '0000-00-00', '', '0702732570', NULL, 'muchoki.wanjohi@strathmore.edu', 1, '3', NULL, '', 3, NULL, '7af2daeee53bf7659958b05b3e41cc0a', '2018-05-18 10:09:07', '0000-00-00', NULL, '2018-06-04 13:29:32', 1, NULL, 1, 3, 3, 1),
(38, NULL, '', '', 'Justine', 'Momanyi', 'Male', '0000-00-00', '', '0706911931', NULL, 'justineoremo@gmail.com', 1, '4', NULL, '', 3, NULL, 'f918fdfa6f09202f546c97c613b89e31', '2018-05-18 10:13:56', '0000-00-00', NULL, '2018-06-07 08:04:19', 1, NULL, 1, 3, 3, 1),
(39, NULL, '', '', 'Boniface', 'Muthama', 'Male', '0000-00-00', 'Mutua', '0792405773', NULL, 'mutua.muthama@strathmore.edu', 1, '3', NULL, '', 3, NULL, 'ba7dbbe7978c21380e1c6e17d28a4b09', '2018-05-18 10:34:30', '0000-00-00', NULL, '2018-06-07 08:05:01', 1, NULL, 1, 3, 3, 1),
(40, NULL, '', '', 'David ', 'Wachira', 'Male', '0000-00-00', '', '0700609342', NULL, 'dwachiraa@gmail.com', 1, '2', 5, '', 3, NULL, '5e258ebb7029a793699c1cdcd7f1be74', '2018-05-18 10:37:12', '0000-00-00', NULL, '2018-06-07 08:05:12', 1, NULL, 1, 3, 3, 1),
(41, NULL, '', '', 'Victor', 'Odhiambo', 'Male', '0000-00-00', '', '0710907172', NULL, 'victor.otieno@strathmore.edu', 1, '4', NULL, '', 3, NULL, '18f46f6f8edfee7580d706df9eaa62a6', '2018-05-18 10:38:56', '0000-00-00', NULL, '2018-06-04 13:30:07', 1, NULL, 1, 3, 3, 1),
(42, NULL, '', '', 'David ', 'Nyamui', 'Male', '0000-00-00', '', '0727380308', NULL, 'mukumbunyamai@gmail.com', 1, '3', 5, '', 3, NULL, '0807f6b5cf1e6067ac9cb5c95e6c1744', '2018-06-04 09:22:22', '0000-00-00', NULL, '2018-06-07 08:05:20', 1, NULL, 1, 3, 3, 1),
(43, NULL, '', '', 'Victor', 'Kipkurui', 'Male', '0000-00-00', '', '0715826509', NULL, 'viqtarucku223@gmail.com', 1, '1', 2, '', 3, NULL, '6573f6c593ffb3868a0b04f2f13e8620', '2018-06-04 09:38:07', '0000-00-00', NULL, '2018-06-07 08:05:28', 1, NULL, 1, 3, 3, 1),
(44, NULL, '', '', 'Penina', 'Muiruri', 'Female', '0000-00-00', '', '0708541100', NULL, 'pennina.muiruri@strathmore.edu', 1, '4', NULL, '', 3, NULL, '7ec35818bd6c1ac024d495b440aa47ee', '2018-06-04 09:40:15', '0000-00-00', NULL, '2018-06-07 08:05:47', 1, NULL, 1, 3, 3, 1),
(45, NULL, '', '', 'Samuel', 'Nzomo', 'Male', '0000-00-00', '', '0795108309', NULL, 'samuel.nzommo@strathmore.edu', 1, 'Other', 5, '', 3, NULL, 'de768a8f34fe0165da9401f4bd93876a', '2018-06-04 09:50:58', '0000-00-00', NULL, '2018-06-07 08:05:55', 1, NULL, 1, 3, 3, 1),
(46, NULL, '', '', 'Mercy', 'Mukulu', 'Female', '0000-00-00', 'Mwende', '0725856455', NULL, 'mukulumercy20@gmail.com', 6, 'SU Alumni', NULL, '', 3, NULL, 'de9c077168fb51f460bd5b90e2704ab0', '2018-06-04 09:53:46', '0000-00-00', NULL, '2018-06-07 08:06:04', 1, NULL, 1, 3, 3, 1),
(47, NULL, '', '', 'Musa', 'Bashir', 'Male', '0000-00-00', '', '0701150754', NULL, 'bmyusufu@gmail.com', 1, '2', NULL, '', 3, NULL, '70e9a82f9e3e5dd00b4b685edba916bb', '2018-06-04 09:55:26', '0000-00-00', NULL, '2018-06-07 08:06:12', 1, NULL, 1, 3, 3, 1),
(48, NULL, '', '', 'Joseph', 'Kyule', 'Male', '0000-00-00', '', '0707706076', NULL, 'kyulejose180@gmail.com', 1, '1', 2, '', 3, NULL, 'c4162d67e2dcfff50a80ca778248972b', '2018-06-04 09:57:03', '0000-00-00', NULL, '2018-06-07 08:05:38', 1, NULL, 1, 3, 3, 1),
(49, NULL, '', '', 'Brian', 'Githaiga', 'Male', '0000-00-00', '', '0720828951', NULL, 'brian.githaiga@strathmore.edu', 1, '2', 9, '', 3, NULL, '8d24d65516efc6d96999372648df7a4e', '2018-06-04 09:58:59', '0000-00-00', NULL, '2018-06-07 08:06:37', 1, NULL, 1, 3, 3, 1),
(50, NULL, '', '', 'Ken', 'Ehete', 'Male', '0000-00-00', '', '0714892840', NULL, 'kenneth.ehete@strathmore.edu', 1, '2', 9, '', 3, NULL, '58c8d6134451ca6f54b5860a83bdb61f', '2018-06-04 10:00:27', '0000-00-00', NULL, '2018-06-07 08:12:49', 1, NULL, 1, 3, 3, 1),
(51, NULL, '', '', 'Stephene', 'Mathenge', 'Male', '0000-00-00', '', '0713393094', NULL, 'swachira117@GMAIL.COM', 1, '2', 9, '', 3, NULL, 'b971981a08e048fb7a68c7bcb3adc3af', '2018-06-04 10:07:01', '0000-00-00', NULL, '2018-06-07 08:13:08', 1, NULL, 1, 3, 3, 1),
(52, NULL, '', '', 'Janester', 'Macharia', 'Female', '0000-00-00', 'Njoki', '0743226163', NULL, 'janester.macharia@strathmore.edu', 1, '2', 3, '', 3, NULL, '85fdd62d21a0f7bc96973dddc22a301d', '2018-06-04 10:08:47', '0000-00-00', NULL, '2018-06-07 08:13:18', 1, NULL, 1, 3, 3, 1),
(53, NULL, '', '', 'Anita', 'Otieno', 'Female', '0000-00-00', '', '0702390757', NULL, 'anita.otieno@strathmore.edu', 1, 'Other', NULL, '', 3, NULL, '96a8c1b7dd6cdce67ebf28751e9792aa', '2018-06-04 15:48:53', '0000-00-00', NULL, '2018-06-04 13:34:52', 1, NULL, 1, 3, 3, 1),
(54, NULL, '', '', 'Esther', 'Muli', 'Female', '0000-00-00', 'Marucha', '0706246474', NULL, 'estrhrbt@gmail.com', 1, '3', NULL, '', 3, NULL, 'b164a36a57aad021c837becb02c50ad7', '2018-06-04 15:55:20', '0000-00-00', NULL, '2018-06-04 13:32:37', 1, NULL, 1, 3, 3, 1),
(55, NULL, '', '', 'Patricia', 'Mudi', 'Female', '0000-00-00', 'Natasha', '0721157285', NULL, 'patricia.mudi@strathmore.edu', 1, '4', 2, '', 3, NULL, '02ab120dacf417cecea8cfe78980df89', '2018-06-07 10:58:47', '0000-00-00', NULL, '2018-06-07 08:14:53', 1, NULL, 1, 3, 3, 1),
(56, NULL, '', '', 'Sandra', 'Ngaire', 'Female', '0000-00-00', 'Babra', '0716387013', NULL, 'sandrabarbara71@gmail.com', 1, '4', NULL, '', 3, NULL, 'fa88202d651ff9910210fccbb80825e9', '2018-06-07 11:44:47', '0000-00-00', NULL, '2018-07-15 12:13:56', 0, NULL, 1, 3, 3, 1),
(57, NULL, '', '', 'Ida ', 'Mwango', 'Female', '0000-00-00', '', '0722581902', NULL, 'idahmwango26@gmail.com', 6, 'SU Alumni', NULL, '', 3, NULL, '92cf029dd54d74a3593f031d13afb9b6', '2018-06-07 12:36:50', '0000-00-00', NULL, '2018-06-07 09:36:50', 1, NULL, 1, 3, NULL, NULL),
(58, NULL, '', '', 'Jerusa', 'Otenyo', 'Female', '0000-00-00', '', '0729200552', NULL, 'jerusa.ondulo@strathmore.edu', 6, '4', NULL, '', 3, NULL, 'a2e8d7571ce1e53f4789501ae9ad5fdf', '2018-06-07 12:38:37', '0000-00-00', NULL, '2018-06-07 09:38:37', 1, NULL, 1, 3, NULL, NULL),
(59, NULL, '', '', 'Christine', 'Ng\'endo', 'Female', '0000-00-00', 'Kahura', '0713614781', NULL, 'christine.ng\'endo@strathmore.edu', 1, 'SU Alumni', NULL, '', 3, NULL, '09dd8239c855c6d5996664909763e688', '2018-06-07 12:44:53', '0000-00-00', NULL, '2018-06-07 09:44:53', 1, NULL, 1, 3, NULL, NULL),
(60, NULL, '', '', 'Redempter', 'Maera', 'Female', '0000-00-00', '', '0712319911', NULL, 'redempter.maera@strathmore.edu', 6, 'SU Staff', NULL, '', 4, NULL, '3c8abfddfefd0c78b2f14dd2bd1551b5', '2018-06-07 12:46:48', '0000-00-00', NULL, '2018-06-07 09:46:48', 1, NULL, 1, 3, NULL, NULL),
(61, NULL, '', '', 'Tabitha', 'Wanjeri', 'Female', '0000-00-00', 'Maxharia', '0716047518', NULL, 'tabithawanje@gmail.com', 1, '2', NULL, '', 3, NULL, '808267037814745bfc558c5698c857ae', '2018-06-07 13:19:00', '0000-00-00', NULL, '2018-06-07 10:19:00', 1, NULL, 1, 3, NULL, NULL),
(62, NULL, '', '', 'Jackline', 'Bahati', 'Female', '0000-00-00', '', '0713360917', NULL, 'bahajackie@gmail.com', 6, 'SU Alumni', NULL, '', 4, NULL, 'b3c8967787cdc39bf36aa0fd54c86b91', '2018-06-07 13:24:14', '0000-00-00', NULL, '2018-06-07 10:24:14', 1, NULL, 1, 3, NULL, NULL),
(63, NULL, '', '', 'Rita', 'Omondi', 'Female', '0000-00-00', '', '0703109743', NULL, 'cheryritaomondi@gmail.com', 6, 'SU Alumni', NULL, '', 4, NULL, 'c040dc75d0edef47afe98772e063b80a', '2018-06-07 13:26:14', '0000-00-00', NULL, '2018-06-07 10:26:14', 1, NULL, 1, 3, NULL, NULL),
(64, NULL, '', '', 'Scholastica', 'Adhiambo', 'Female', '0000-00-00', 'Onyango', '0715814137', NULL, 'scholastica.onyango@strathmore.edu', 6, 'SU Alumni', NULL, '', 3, NULL, 'f27b9bbf28ef40d1a738249580e740de', '2018-06-07 13:28:15', '0000-00-00', NULL, '2018-06-07 10:28:15', 1, NULL, 1, 3, NULL, NULL),
(65, NULL, '', '', 'Hope', 'Mutanu', 'Female', '0000-00-00', 'Robert', '0701190611', NULL, 'mutanuh@gmail.com', 6, 'SU Alumni', NULL, '', 3, NULL, '799797863d6a62389b0957a8691c597d', '2018-06-07 13:30:03', '0000-00-00', NULL, '2018-06-07 10:30:03', 1, NULL, 1, 3, NULL, NULL),
(66, NULL, '', '', 'Mauleen', 'Kariuki', 'Female', '0000-00-00', '', '0721431804', NULL, 'mauleen.kariuki@strathmore.edu', 6, 'SU Staff', NULL, '', 3, NULL, '26308960d44073ff52ab23bcab427778', '2018-06-07 13:36:09', '0000-00-00', NULL, '2018-06-07 10:36:09', 1, NULL, 1, 3, NULL, NULL),
(67, NULL, '', '', 'Cyntia', 'Murimi', 'Female', '0000-00-00', '', '0701958650', NULL, 'cynthia.wairimu@strathmore.edu', 6, 'SU Alumni', NULL, '', 3, NULL, 'b8c6d077c6f4c58f60cdd936cad24a3c', '2018-06-07 13:38:36', '0000-00-00', NULL, '2018-06-07 10:38:36', 1, NULL, 1, 3, NULL, NULL),
(68, NULL, '', '', 'Carolyne ', 'Njeri', 'Female', '0000-00-00', 'Mungai', '0726856847', NULL, 'caroline.mungai@strathmore.edu', 6, 'SU Alumni', NULL, '', 3, NULL, '19e27098bdbeb933db59d44f3804d67b', '2018-06-07 13:43:12', '0000-00-00', NULL, '2018-06-07 10:43:12', 1, NULL, 1, 3, NULL, NULL),
(72, NULL, '', '', 'Doreen', 'Nyambura', 'Female', '0000-00-00', 'Kimondo', '0700144789', NULL, 'doreenkimondo@gmail.com', 6, 'SU Alumni', NULL, '', 3, NULL, 'c208f3df8d811e81b7ebb2c905e6ed65', '2018-06-07 13:49:58', '0000-00-00', NULL, '2018-06-07 10:49:58', 1, NULL, 1, 3, NULL, NULL),
(73, NULL, '', '', 'Terence', 'Odumo', 'Male', '0000-00-00', '', '0717299870', NULL, 'terenceodumo12@gmail.com', 6, 'SU Alumni', NULL, '', 4, NULL, '91e909ec706083b1f4f4acf58efbc599', '2018-06-07 15:55:56', '0000-00-00', NULL, '2018-06-07 12:55:56', 1, NULL, 1, 3, NULL, NULL),
(74, NULL, '', '', 'John', 'Kevin', 'Male', '0000-00-00', '', '0722571224', NULL, 'johnkevin285@gmail.com', 6, 'SU Alumni', NULL, '', 3, NULL, 'ba5945e4b32edb1e15ea038e7f6e9b4d', '2018-06-07 16:01:23', '0000-00-00', NULL, '2018-06-07 13:01:23', 1, NULL, 1, 3, NULL, NULL),
(75, NULL, '', '', 'Oliver', 'Odoyo', 'Male', '0000-00-00', '', '0707871247', NULL, 'oodoyo@strathmore.edu', 6, 'SU Alumni', 1, '', 4, NULL, '339417dd99b29dd89cda73fb1d37bfb3', '2018-06-07 16:03:59', '0000-00-00', NULL, '2018-06-25 09:06:11', 1, NULL, 1, 3, 2, 1),
(76, NULL, '', '', 'Bruce ', 'Totana', 'Male', '0000-00-00', '', '0704541639', NULL, 'totanabruce@gmail.com', 6, 'SU Alumni', NULL, '', 3, NULL, '61c56a836a3825342a2578273f633382', '2018-06-07 16:07:14', '0000-00-00', NULL, '2018-06-07 13:07:14', 1, NULL, 1, 3, NULL, NULL),
(77, NULL, '105172', '', 'Immaculate', 'Kerubo', 'Female', '0000-00-00', '', '0799201402', NULL, 'immaoyugi22@gmail.com', 1, '2', NULL, '', 3, NULL, '6ed37eb75057d7f8147f41a9c0a78e64', '2018-06-07 16:11:39', '0000-00-00', NULL, '2018-06-07 13:11:39', 1, NULL, 1, 3, NULL, NULL);

-- --------------------------------------------------------

--
-- Table structure for table `mentorship`
--

CREATE TABLE `mentorship` (
  `mentorshipAutoId` int(10) NOT NULL,
  `mentorshipMenteeId` int(10) NOT NULL,
  `mentorshipMentorId` int(10) NOT NULL,
  `mentorshipStartDate` date NOT NULL,
  `mentorshipEndDate` date NOT NULL,
  `mentorshipStatus` tinyint(1) DEFAULT '1',
  `mentorshipUpdated` timestamp NOT NULL DEFAULT CURRENT_TIMESTAMP ON UPDATE CURRENT_TIMESTAMP,
  `creating_user_group_id` int(5) NOT NULL,
  `creating_user_id` int(10) NOT NULL,
  `last_update_user_id` int(10) DEFAULT NULL,
  `last_update_user_group_id` int(10) DEFAULT NULL
) ENGINE=InnoDB DEFAULT CHARSET=latin1;

-- --------------------------------------------------------

--
-- Table structure for table `schoolcategories`
--

CREATE TABLE `schoolcategories` (
  `categoryAutoId` int(10) NOT NULL,
  `categoryName` varchar(50) NOT NULL
) ENGINE=InnoDB DEFAULT CHARSET=latin1 ROW_FORMAT=COMPACT;

--
-- Dumping data for table `schoolcategories`
--

INSERT INTO `schoolcategories` (`categoryAutoId`, `categoryName`) VALUES
(1, 'Boys & Girls, Day & Boarding'),
(2, 'Boys Day & Boarding'),
(3, 'Girls Day & Boarding'),
(4, 'Boys & Girls Boarding'),
(5, 'Boys & Girls Day'),
(6, 'Boys Day'),
(7, 'Girls Day'),
(8, 'Boys Boarding'),
(9, 'Girls Boarding');

-- --------------------------------------------------------

--
-- Table structure for table `schools`
--

CREATE TABLE `schools` (
  `schoolAutoId` int(10) NOT NULL,
  `schoolName` varchar(100) NOT NULL,
  `schoolLocation` varchar(100) DEFAULT NULL,
  `schoolCategoryId` int(5) NOT NULL,
  `schoolAlias` varchar(15) NOT NULL,
  `creating_user_group_id` int(5) NOT NULL,
  `creating_user_id` int(10) NOT NULL,
  `last_update_user_id` int(10) DEFAULT NULL,
  `last_update_user_group_id` int(10) DEFAULT NULL
) ENGINE=InnoDB DEFAULT CHARSET=latin1;

--
-- Dumping data for table `schools`
--

INSERT INTO `schools` (`schoolAutoId`, `schoolName`, `schoolLocation`, `schoolCategoryId`, `schoolAlias`, `creating_user_group_id`, `creating_user_id`, `last_update_user_id`, `last_update_user_group_id`) VALUES
(1, 'John Paul II', 'Kibera', 5, 'JP', 1, 3, 1, 1),
(2, 'St Mary\'s Viwandani', 'South B', 5, 'SMV', 1, 3, NULL, NULL),
(3, 'Oasis', 'Kangemi', 5, 'Oasis', 1, 3, NULL, NULL),
(4, 'Kibera Glory Secondary School', 'Kibera', 5, 'KGSS', 1, 3, 1, 1),
(5, 'Kibera Girls\' Soccer Academy', 'Kibera', 7, 'KGSA', 1, 3, NULL, NULL),
(6, 'The Academia School of Kibera', 'Kibera', 6, 'TASK', 1, 3, NULL, NULL),
(7, 'New Horizons Secondary School', 'Kibera', 1, 'NHSS', 1, 3, NULL, NULL),
(8, 'St Michaels', 'South B', 5, 'St Michael', 1, 3, NULL, NULL),
(9, 'Strathmore school', 'Westlands ', 6, 'Strathmore', 1, 3, NULL, NULL),
(10, 'Consolata school', 'Westlands ', 5, 'Consolata', 1, 3, NULL, NULL),
(11, 'Kianda school', 'Westlands ', 5, 'Kianda', 1, 3, NULL, NULL),
(12, 'LIVING BREAD INTERNATIONAL', 'KIBERA', 1, 'LBI', 1, 3, NULL, NULL),
(13, 'ST NICHOLAS SENIOR SCHOOL', 'KARBANET LANE', 5, 'SNSS', 1, 3, NULL, NULL);

-- --------------------------------------------------------

--
-- Table structure for table `selectedgeneralsubjects`
--

CREATE TABLE `selectedgeneralsubjects` (
  `selectAutoId` int(10) NOT NULL,
  `selectSubjectId` int(10) NOT NULL,
  `selectMenteeId` int(10) NOT NULL,
  `selectUpdated` timestamp NOT NULL DEFAULT CURRENT_TIMESTAMP ON UPDATE CURRENT_TIMESTAMP,
  `creating_user_group_id` int(5) NOT NULL,
  `creating_user_id` int(10) NOT NULL,
  `last_update_user_id` int(10) DEFAULT NULL,
  `last_update_user_group_id` int(10) DEFAULT NULL
) ENGINE=InnoDB DEFAULT CHARSET=latin1 ROW_FORMAT=COMPACT;

--
-- Dumping data for table `selectedgeneralsubjects`
--

INSERT INTO `selectedgeneralsubjects` (`selectAutoId`, `selectSubjectId`, `selectMenteeId`, `selectUpdated`, `creating_user_group_id`, `creating_user_id`, `last_update_user_id`, `last_update_user_group_id`) VALUES
(1, 4, 27, '2018-05-15 06:08:47', 1, 3, NULL, NULL),
(2, 5, 27, '2018-05-15 06:08:47', 1, 3, NULL, NULL),
(3, 6, 27, '2018-05-15 06:08:47', 1, 3, NULL, NULL),
(4, 9, 27, '2018-05-15 06:08:47', 1, 3, NULL, NULL),
(5, 19, 27, '2018-05-15 06:08:47', 1, 3, NULL, NULL),
(6, 1, 27, '2018-05-15 06:08:47', 1, 3, NULL, NULL),
(7, 2, 27, '2018-05-15 06:08:47', 1, 3, NULL, NULL),
(8, 3, 27, '2018-05-15 06:08:47', 1, 3, NULL, NULL),
(9, 4, 46, '2018-05-15 06:12:00', 1, 3, NULL, NULL),
(10, 5, 46, '2018-05-15 06:12:00', 1, 3, NULL, NULL),
(11, 8, 46, '2018-05-15 06:12:00', 1, 3, NULL, NULL),
(12, 9, 46, '2018-05-15 06:12:00', 1, 3, NULL, NULL),
(13, 1, 46, '2018-05-15 06:12:00', 1, 3, NULL, NULL),
(14, 2, 46, '2018-05-15 06:12:00', 1, 3, NULL, NULL),
(15, 3, 46, '2018-05-15 06:12:00', 1, 3, NULL, NULL),
(16, 4, 24, '2018-05-15 06:29:33', 1, 3, NULL, NULL),
(17, 5, 24, '2018-05-15 06:29:33', 1, 3, NULL, NULL),
(18, 7, 24, '2018-05-15 06:29:33', 1, 3, NULL, NULL),
(19, 9, 24, '2018-05-15 06:29:33', 1, 3, NULL, NULL),
(20, 19, 24, '2018-05-15 06:29:33', 1, 3, NULL, NULL),
(21, 5, 85, '2018-05-15 06:29:33', 1, 3, NULL, NULL),
(22, 6, 85, '2018-05-15 06:29:33', 1, 3, NULL, NULL),
(23, 7, 85, '2018-05-15 06:29:33', 1, 3, NULL, NULL),
(24, 9, 85, '2018-05-15 06:29:33', 1, 3, NULL, NULL),
(25, 19, 85, '2018-05-15 06:29:33', 1, 3, NULL, NULL),
(26, 4, 94, '2018-05-15 06:29:33', 1, 3, NULL, NULL),
(27, 5, 94, '2018-05-15 06:29:33', 1, 3, NULL, NULL),
(28, 8, 94, '2018-05-15 06:29:33', 1, 3, NULL, NULL),
(29, 9, 94, '2018-05-15 06:29:33', 1, 3, NULL, NULL),
(30, 13, 94, '2018-05-15 06:29:33', 1, 3, NULL, NULL),
(31, 4, 102, '2018-05-15 06:29:33', 1, 3, NULL, NULL),
(32, 5, 102, '2018-05-15 06:29:33', 1, 3, NULL, NULL),
(33, 8, 102, '2018-05-15 06:29:33', 1, 3, NULL, NULL),
(34, 9, 102, '2018-05-15 06:29:33', 1, 3, NULL, NULL),
(35, 13, 102, '2018-05-15 06:29:33', 1, 3, NULL, NULL),
(36, 4, 103, '2018-05-15 06:29:33', 1, 3, NULL, NULL),
(37, 5, 103, '2018-05-15 06:29:33', 1, 3, NULL, NULL),
(38, 6, 103, '2018-05-15 06:29:33', 1, 3, NULL, NULL),
(39, 9, 103, '2018-05-15 06:29:33', 1, 3, NULL, NULL),
(40, 19, 103, '2018-05-15 06:29:33', 1, 3, NULL, NULL),
(41, 4, 109, '2018-05-15 06:29:33', 1, 3, NULL, NULL),
(42, 5, 109, '2018-05-15 06:29:33', 1, 3, NULL, NULL),
(43, 8, 109, '2018-05-15 06:29:33', 1, 3, NULL, NULL),
(44, 9, 109, '2018-05-15 06:29:33', 1, 3, NULL, NULL),
(45, 19, 109, '2018-05-15 06:29:33', 1, 3, NULL, NULL),
(46, 4, 110, '2018-05-15 06:29:33', 1, 3, NULL, NULL),
(47, 5, 110, '2018-05-15 06:29:33', 1, 3, NULL, NULL),
(48, 8, 110, '2018-05-15 06:29:33', 1, 3, NULL, NULL),
(49, 9, 110, '2018-05-15 06:29:33', 1, 3, NULL, NULL),
(50, 4, 139, '2018-05-15 06:29:33', 1, 3, NULL, NULL),
(51, 5, 139, '2018-05-15 06:29:33', 1, 3, NULL, NULL),
(52, 8, 139, '2018-05-15 06:29:33', 1, 3, NULL, NULL),
(53, 9, 139, '2018-05-15 06:29:33', 1, 3, NULL, NULL),
(54, 19, 139, '2018-05-15 06:29:33', 1, 3, NULL, NULL),
(55, 4, 142, '2018-05-15 06:29:33', 1, 3, NULL, NULL),
(56, 5, 142, '2018-05-15 06:29:33', 1, 3, NULL, NULL),
(57, 8, 142, '2018-05-15 06:29:33', 1, 3, NULL, NULL),
(58, 9, 142, '2018-05-15 06:29:33', 1, 3, NULL, NULL),
(59, 13, 142, '2018-05-15 06:29:33', 1, 3, NULL, NULL),
(60, 4, 143, '2018-05-15 06:29:33', 1, 3, NULL, NULL),
(61, 5, 143, '2018-05-15 06:29:33', 1, 3, NULL, NULL),
(62, 8, 143, '2018-05-15 06:29:33', 1, 3, NULL, NULL),
(63, 9, 143, '2018-05-15 06:29:33', 1, 3, NULL, NULL),
(64, 19, 143, '2018-05-15 06:29:33', 1, 3, NULL, NULL),
(65, 1, 24, '2018-05-15 06:29:33', 1, 3, NULL, NULL),
(66, 2, 24, '2018-05-15 06:29:33', 1, 3, NULL, NULL),
(67, 3, 24, '2018-05-15 06:29:33', 1, 3, NULL, NULL),
(68, 1, 85, '2018-05-15 06:29:33', 1, 3, NULL, NULL),
(69, 2, 85, '2018-05-15 06:29:33', 1, 3, NULL, NULL),
(70, 3, 85, '2018-05-15 06:29:33', 1, 3, NULL, NULL),
(71, 1, 94, '2018-05-15 06:29:33', 1, 3, NULL, NULL),
(72, 2, 94, '2018-05-15 06:29:33', 1, 3, NULL, NULL),
(73, 3, 94, '2018-05-15 06:29:33', 1, 3, NULL, NULL),
(74, 1, 102, '2018-05-15 06:29:33', 1, 3, NULL, NULL),
(75, 2, 102, '2018-05-15 06:29:33', 1, 3, NULL, NULL),
(76, 3, 102, '2018-05-15 06:29:33', 1, 3, NULL, NULL),
(77, 1, 103, '2018-05-15 06:29:33', 1, 3, NULL, NULL),
(78, 2, 103, '2018-05-15 06:29:33', 1, 3, NULL, NULL),
(79, 3, 103, '2018-05-15 06:29:33', 1, 3, NULL, NULL),
(80, 1, 109, '2018-05-15 06:29:33', 1, 3, NULL, NULL),
(81, 2, 109, '2018-05-15 06:29:33', 1, 3, NULL, NULL),
(82, 3, 109, '2018-05-15 06:29:33', 1, 3, NULL, NULL),
(83, 1, 110, '2018-05-15 06:29:33', 1, 3, NULL, NULL),
(84, 2, 110, '2018-05-15 06:29:33', 1, 3, NULL, NULL),
(85, 3, 110, '2018-05-15 06:29:33', 1, 3, NULL, NULL),
(86, 1, 139, '2018-05-15 06:29:33', 1, 3, NULL, NULL),
(87, 2, 139, '2018-05-15 06:29:33', 1, 3, NULL, NULL),
(88, 3, 139, '2018-05-15 06:29:33', 1, 3, NULL, NULL),
(89, 1, 142, '2018-05-15 06:29:33', 1, 3, NULL, NULL),
(90, 2, 142, '2018-05-15 06:29:33', 1, 3, NULL, NULL),
(91, 3, 142, '2018-05-15 06:29:33', 1, 3, NULL, NULL),
(92, 1, 143, '2018-05-15 06:29:33', 1, 3, NULL, NULL),
(93, 2, 143, '2018-05-15 06:29:33', 1, 3, NULL, NULL),
(94, 3, 143, '2018-05-15 06:29:33', 1, 3, NULL, NULL),
(95, 5, 120, '2018-05-15 07:52:19', 1, 3, NULL, NULL),
(96, 6, 120, '2018-05-15 07:52:19', 1, 3, NULL, NULL),
(97, 7, 120, '2018-05-15 07:52:19', 1, 3, NULL, NULL),
(98, 9, 120, '2018-05-15 07:52:19', 1, 3, NULL, NULL),
(99, 19, 120, '2018-05-15 07:52:19', 1, 3, NULL, NULL),
(100, 1, 120, '2018-05-15 07:52:19', 1, 3, NULL, NULL),
(101, 2, 120, '2018-05-15 07:52:19', 1, 3, NULL, NULL),
(102, 3, 120, '2018-05-15 07:52:19', 1, 3, NULL, NULL),
(103, 5, 120, '2018-05-15 07:52:24', 1, 3, NULL, NULL),
(104, 6, 120, '2018-05-15 07:52:24', 1, 3, NULL, NULL),
(105, 7, 120, '2018-05-15 07:52:24', 1, 3, NULL, NULL),
(106, 9, 120, '2018-05-15 07:52:24', 1, 3, NULL, NULL),
(107, 19, 120, '2018-05-15 07:52:24', 1, 3, NULL, NULL),
(108, 1, 120, '2018-05-15 07:52:24', 1, 3, NULL, NULL),
(109, 2, 120, '2018-05-15 07:52:24', 1, 3, NULL, NULL),
(110, 3, 120, '2018-05-15 07:52:24', 1, 3, NULL, NULL),
(111, 5, 157, '2018-05-15 07:54:36', 1, 3, NULL, NULL),
(112, 6, 157, '2018-05-15 07:54:36', 1, 3, NULL, NULL),
(113, 7, 157, '2018-05-15 07:54:36', 1, 3, NULL, NULL),
(114, 8, 157, '2018-05-15 07:54:36', 1, 3, NULL, NULL),
(115, 19, 157, '2018-05-15 07:54:36', 1, 3, NULL, NULL),
(116, 1, 157, '2018-05-15 07:54:36', 1, 3, NULL, NULL),
(117, 2, 157, '2018-05-15 07:54:36', 1, 3, NULL, NULL),
(118, 3, 157, '2018-05-15 07:54:36', 1, 3, NULL, NULL),
(119, 4, 68, '2018-05-15 07:57:05', 1, 3, NULL, NULL),
(120, 5, 68, '2018-05-15 07:57:05', 1, 3, NULL, NULL),
(121, 6, 68, '2018-05-15 07:57:05', 1, 3, NULL, NULL),
(122, 7, 68, '2018-05-15 07:57:05', 1, 3, NULL, NULL),
(123, 8, 68, '2018-05-15 07:57:05', 1, 3, NULL, NULL),
(124, 9, 68, '2018-05-15 07:57:05', 1, 3, NULL, NULL),
(125, 19, 68, '2018-05-15 07:57:05', 1, 3, NULL, NULL),
(126, 1, 68, '2018-05-15 07:57:05', 1, 3, NULL, NULL),
(127, 2, 68, '2018-05-15 07:57:05', 1, 3, NULL, NULL),
(128, 3, 68, '2018-05-15 07:57:05', 1, 3, NULL, NULL),
(129, 4, 140, '2018-05-15 08:13:05', 1, 3, NULL, NULL),
(130, 5, 140, '2018-05-15 08:13:05', 1, 3, NULL, NULL),
(131, 7, 140, '2018-05-15 08:13:05', 1, 3, NULL, NULL),
(132, 9, 140, '2018-05-15 08:13:05', 1, 3, NULL, NULL),
(133, 13, 140, '2018-05-15 08:13:05', 1, 3, NULL, NULL),
(134, 4, 141, '2018-05-15 08:13:05', 1, 3, NULL, NULL),
(135, 5, 141, '2018-05-15 08:13:05', 1, 3, NULL, NULL),
(136, 8, 141, '2018-05-15 08:13:05', 1, 3, NULL, NULL),
(137, 9, 141, '2018-05-15 08:13:05', 1, 3, NULL, NULL),
(138, 19, 141, '2018-05-15 08:13:05', 1, 3, NULL, NULL),
(139, 4, 101, '2018-05-15 08:13:05', 1, 3, NULL, NULL),
(140, 5, 101, '2018-05-15 08:13:05', 1, 3, NULL, NULL),
(141, 8, 101, '2018-05-15 08:13:05', 1, 3, NULL, NULL),
(142, 9, 101, '2018-05-15 08:13:05', 1, 3, NULL, NULL),
(143, 19, 101, '2018-05-15 08:13:05', 1, 3, NULL, NULL),
(144, 5, 104, '2018-05-15 08:13:05', 1, 3, NULL, NULL),
(145, 6, 104, '2018-05-15 08:13:05', 1, 3, NULL, NULL),
(146, 8, 104, '2018-05-15 08:13:05', 1, 3, NULL, NULL),
(147, 9, 104, '2018-05-15 08:13:05', 1, 3, NULL, NULL),
(148, 19, 104, '2018-05-15 08:13:05', 1, 3, NULL, NULL),
(149, 1, 140, '2018-05-15 08:13:05', 1, 3, NULL, NULL),
(150, 2, 140, '2018-05-15 08:13:05', 1, 3, NULL, NULL),
(151, 3, 140, '2018-05-15 08:13:05', 1, 3, NULL, NULL),
(152, 1, 141, '2018-05-15 08:13:05', 1, 3, NULL, NULL),
(153, 2, 141, '2018-05-15 08:13:05', 1, 3, NULL, NULL),
(154, 3, 141, '2018-05-15 08:13:05', 1, 3, NULL, NULL),
(155, 1, 101, '2018-05-15 08:13:05', 1, 3, NULL, NULL),
(156, 2, 101, '2018-05-15 08:13:05', 1, 3, NULL, NULL),
(157, 3, 101, '2018-05-15 08:13:05', 1, 3, NULL, NULL),
(158, 1, 104, '2018-05-15 08:13:05', 1, 3, NULL, NULL),
(159, 2, 104, '2018-05-15 08:13:05', 1, 3, NULL, NULL),
(160, 3, 104, '2018-05-15 08:13:05', 1, 3, NULL, NULL),
(161, 5, 160, '2018-05-15 08:42:42', 1, 3, NULL, NULL),
(162, 6, 160, '2018-05-15 08:42:42', 1, 3, NULL, NULL),
(163, 8, 160, '2018-05-15 08:42:42', 1, 3, NULL, NULL),
(164, 9, 160, '2018-05-15 08:42:42', 1, 3, NULL, NULL),
(165, 19, 160, '2018-05-15 08:42:42', 1, 3, NULL, NULL),
(171, 4, 39, '2018-05-15 08:42:42', 1, 3, NULL, NULL),
(172, 5, 39, '2018-05-15 08:42:42', 1, 3, NULL, NULL),
(173, 8, 39, '2018-05-15 08:42:42', 1, 3, NULL, NULL),
(174, 9, 39, '2018-05-15 08:42:42', 1, 3, NULL, NULL),
(175, 19, 39, '2018-05-15 08:42:42', 1, 3, NULL, NULL),
(176, 4, 33, '2018-05-15 08:42:42', 1, 3, NULL, NULL),
(177, 5, 33, '2018-05-15 08:42:42', 1, 3, NULL, NULL),
(178, 7, 33, '2018-05-15 08:42:42', 1, 3, NULL, NULL),
(179, 9, 33, '2018-05-15 08:42:42', 1, 3, NULL, NULL),
(180, 19, 33, '2018-05-15 08:42:42', 1, 3, NULL, NULL),
(181, 4, 37, '2018-05-15 08:42:42', 1, 3, NULL, NULL),
(182, 5, 37, '2018-05-15 08:42:42', 1, 3, NULL, NULL),
(183, 8, 37, '2018-05-15 08:42:42', 1, 3, NULL, NULL),
(184, 9, 37, '2018-05-15 08:42:42', 1, 3, NULL, NULL),
(185, 19, 37, '2018-05-15 08:42:42', 1, 3, NULL, NULL),
(186, 5, 44, '2018-05-15 08:42:42', 1, 3, NULL, NULL),
(187, 6, 44, '2018-05-15 08:42:42', 1, 3, NULL, NULL),
(188, 7, 44, '2018-05-15 08:42:42', 1, 3, NULL, NULL),
(189, 9, 44, '2018-05-15 08:42:42', 1, 3, NULL, NULL),
(190, 19, 44, '2018-05-15 08:42:42', 1, 3, NULL, NULL),
(191, 4, 126, '2018-05-15 08:42:42', 1, 3, NULL, NULL),
(192, 5, 126, '2018-05-15 08:42:42', 1, 3, NULL, NULL),
(193, 8, 126, '2018-05-15 08:42:42', 1, 3, NULL, NULL),
(194, 9, 126, '2018-05-15 08:42:42', 1, 3, NULL, NULL),
(195, 19, 126, '2018-05-15 08:42:42', 1, 3, NULL, NULL),
(196, 4, 42, '2018-05-15 08:42:42', 1, 3, NULL, NULL),
(197, 5, 42, '2018-05-15 08:42:42', 1, 3, NULL, NULL),
(198, 8, 42, '2018-05-15 08:42:42', 1, 3, NULL, NULL),
(199, 9, 42, '2018-05-15 08:42:42', 1, 3, NULL, NULL),
(200, 19, 42, '2018-05-15 08:42:42', 1, 3, NULL, NULL),
(201, 5, 43, '2018-05-15 08:42:42', 1, 3, NULL, NULL),
(202, 6, 43, '2018-05-15 08:42:42', 1, 3, NULL, NULL),
(203, 8, 43, '2018-05-15 08:42:42', 1, 3, NULL, NULL),
(204, 9, 43, '2018-05-15 08:42:42', 1, 3, NULL, NULL),
(205, 19, 43, '2018-05-15 08:42:42', 1, 3, NULL, NULL),
(206, 4, 38, '2018-05-15 08:42:42', 1, 3, NULL, NULL),
(207, 5, 38, '2018-05-15 08:42:42', 1, 3, NULL, NULL),
(208, 8, 38, '2018-05-15 08:42:42', 1, 3, NULL, NULL),
(209, 9, 38, '2018-05-15 08:42:42', 1, 3, NULL, NULL),
(210, 19, 38, '2018-05-15 08:42:42', 1, 3, NULL, NULL),
(211, 5, 84, '2018-05-15 08:42:42', 1, 3, NULL, NULL),
(212, 6, 84, '2018-05-15 08:42:42', 1, 3, NULL, NULL),
(213, 8, 84, '2018-05-15 08:42:42', 1, 3, NULL, NULL),
(214, 9, 84, '2018-05-15 08:42:42', 1, 3, NULL, NULL),
(215, 19, 84, '2018-05-15 08:42:42', 1, 3, NULL, NULL),
(216, 1, 160, '2018-05-15 08:42:42', 1, 3, NULL, NULL),
(217, 2, 160, '2018-05-15 08:42:42', 1, 3, NULL, NULL),
(218, 3, 160, '2018-05-15 08:42:42', 1, 3, NULL, NULL),
(222, 1, 39, '2018-05-15 08:42:42', 1, 3, NULL, NULL),
(223, 2, 39, '2018-05-15 08:42:42', 1, 3, NULL, NULL),
(224, 3, 39, '2018-05-15 08:42:42', 1, 3, NULL, NULL),
(225, 1, 33, '2018-05-15 08:42:42', 1, 3, NULL, NULL),
(226, 2, 33, '2018-05-15 08:42:42', 1, 3, NULL, NULL),
(227, 3, 33, '2018-05-15 08:42:42', 1, 3, NULL, NULL),
(228, 1, 37, '2018-05-15 08:42:42', 1, 3, NULL, NULL),
(229, 2, 37, '2018-05-15 08:42:42', 1, 3, NULL, NULL),
(230, 3, 37, '2018-05-15 08:42:42', 1, 3, NULL, NULL),
(231, 1, 44, '2018-05-15 08:42:42', 1, 3, NULL, NULL),
(232, 2, 44, '2018-05-15 08:42:42', 1, 3, NULL, NULL),
(233, 3, 44, '2018-05-15 08:42:42', 1, 3, NULL, NULL),
(234, 1, 126, '2018-05-15 08:42:42', 1, 3, NULL, NULL),
(235, 2, 126, '2018-05-15 08:42:42', 1, 3, NULL, NULL),
(236, 3, 126, '2018-05-15 08:42:42', 1, 3, NULL, NULL),
(237, 1, 42, '2018-05-15 08:42:42', 1, 3, NULL, NULL),
(238, 2, 42, '2018-05-15 08:42:42', 1, 3, NULL, NULL),
(239, 3, 42, '2018-05-15 08:42:42', 1, 3, NULL, NULL),
(240, 1, 43, '2018-05-15 08:42:42', 1, 3, NULL, NULL),
(241, 2, 43, '2018-05-15 08:42:42', 1, 3, NULL, NULL),
(242, 3, 43, '2018-05-15 08:42:42', 1, 3, NULL, NULL),
(243, 1, 38, '2018-05-15 08:42:42', 1, 3, NULL, NULL),
(244, 2, 38, '2018-05-15 08:42:42', 1, 3, NULL, NULL),
(245, 3, 38, '2018-05-15 08:42:42', 1, 3, NULL, NULL),
(246, 1, 84, '2018-05-15 08:42:42', 1, 3, NULL, NULL),
(247, 2, 84, '2018-05-15 08:42:42', 1, 3, NULL, NULL),
(248, 3, 84, '2018-05-15 08:42:42', 1, 3, NULL, NULL),
(249, 4, 114, '2018-05-15 12:17:44', 1, 3, NULL, NULL),
(250, 5, 114, '2018-05-15 12:17:44', 1, 3, NULL, NULL),
(251, 6, 114, '2018-05-15 12:17:44', 1, 3, NULL, NULL),
(252, 7, 114, '2018-05-15 12:17:44', 1, 3, NULL, NULL),
(253, 8, 114, '2018-05-15 12:17:44', 1, 3, NULL, NULL),
(254, 9, 114, '2018-05-15 12:17:44', 1, 3, NULL, NULL),
(255, 13, 114, '2018-05-15 12:17:44', 1, 3, NULL, NULL),
(256, 19, 114, '2018-05-15 12:17:44', 1, 3, NULL, NULL),
(257, 4, 112, '2018-05-15 12:17:44', 1, 3, NULL, NULL),
(258, 5, 112, '2018-05-15 12:17:44', 1, 3, NULL, NULL),
(259, 6, 112, '2018-05-15 12:17:44', 1, 3, NULL, NULL),
(260, 7, 112, '2018-05-15 12:17:44', 1, 3, NULL, NULL),
(261, 8, 112, '2018-05-15 12:17:44', 1, 3, NULL, NULL),
(262, 9, 112, '2018-05-15 12:17:44', 1, 3, NULL, NULL),
(263, 13, 112, '2018-05-15 12:17:44', 1, 3, NULL, NULL),
(264, 19, 112, '2018-05-15 12:17:44', 1, 3, NULL, NULL),
(265, 4, 65, '2018-05-15 12:17:44', 1, 3, NULL, NULL),
(266, 5, 65, '2018-05-15 12:17:44', 1, 3, NULL, NULL),
(267, 6, 65, '2018-05-15 12:17:44', 1, 3, NULL, NULL),
(268, 7, 65, '2018-05-15 12:17:44', 1, 3, NULL, NULL),
(269, 8, 65, '2018-05-15 12:17:44', 1, 3, NULL, NULL),
(270, 9, 65, '2018-05-15 12:17:44', 1, 3, NULL, NULL),
(271, 19, 65, '2018-05-15 12:17:44', 1, 3, NULL, NULL),
(272, 4, 67, '2018-05-15 12:17:44', 1, 3, NULL, NULL),
(273, 5, 67, '2018-05-15 12:17:44', 1, 3, NULL, NULL),
(274, 6, 67, '2018-05-15 12:17:44', 1, 3, NULL, NULL),
(275, 7, 67, '2018-05-15 12:17:44', 1, 3, NULL, NULL),
(276, 8, 67, '2018-05-15 12:17:44', 1, 3, NULL, NULL),
(277, 9, 67, '2018-05-15 12:17:44', 1, 3, NULL, NULL),
(278, 19, 67, '2018-05-15 12:17:44', 1, 3, NULL, NULL),
(279, 4, 71, '2018-05-15 12:17:44', 1, 3, NULL, NULL),
(280, 5, 71, '2018-05-15 12:17:44', 1, 3, NULL, NULL),
(281, 6, 71, '2018-05-15 12:17:44', 1, 3, NULL, NULL),
(282, 7, 71, '2018-05-15 12:17:44', 1, 3, NULL, NULL),
(283, 8, 71, '2018-05-15 12:17:44', 1, 3, NULL, NULL),
(284, 9, 71, '2018-05-15 12:17:44', 1, 3, NULL, NULL),
(285, 13, 71, '2018-05-15 12:17:44', 1, 3, NULL, NULL),
(286, 19, 71, '2018-05-15 12:17:44', 1, 3, NULL, NULL),
(287, 4, 117, '2018-05-15 12:17:44', 1, 3, NULL, NULL),
(288, 5, 117, '2018-05-15 12:17:44', 1, 3, NULL, NULL),
(289, 6, 117, '2018-05-15 12:17:44', 1, 3, NULL, NULL),
(290, 7, 117, '2018-05-15 12:17:44', 1, 3, NULL, NULL),
(291, 8, 117, '2018-05-15 12:17:44', 1, 3, NULL, NULL),
(292, 9, 117, '2018-05-15 12:17:44', 1, 3, NULL, NULL),
(293, 13, 117, '2018-05-15 12:17:44', 1, 3, NULL, NULL),
(294, 19, 117, '2018-05-15 12:17:44', 1, 3, NULL, NULL),
(295, 4, 116, '2018-05-15 12:17:44', 1, 3, NULL, NULL),
(296, 5, 116, '2018-05-15 12:17:44', 1, 3, NULL, NULL),
(297, 6, 116, '2018-05-15 12:17:44', 1, 3, NULL, NULL),
(298, 7, 116, '2018-05-15 12:17:44', 1, 3, NULL, NULL),
(299, 8, 116, '2018-05-15 12:17:44', 1, 3, NULL, NULL),
(300, 9, 116, '2018-05-15 12:17:44', 1, 3, NULL, NULL),
(301, 13, 116, '2018-05-15 12:17:44', 1, 3, NULL, NULL),
(302, 19, 116, '2018-05-15 12:17:44', 1, 3, NULL, NULL),
(303, 4, 66, '2018-05-15 12:17:44', 1, 3, NULL, NULL),
(304, 5, 66, '2018-05-15 12:17:44', 1, 3, NULL, NULL),
(305, 6, 66, '2018-05-15 12:17:44', 1, 3, NULL, NULL),
(306, 7, 66, '2018-05-15 12:17:44', 1, 3, NULL, NULL),
(307, 8, 66, '2018-05-15 12:17:44', 1, 3, NULL, NULL),
(308, 9, 66, '2018-05-15 12:17:44', 1, 3, NULL, NULL),
(309, 19, 66, '2018-05-15 12:17:44', 1, 3, NULL, NULL),
(310, 1, 114, '2018-05-15 12:17:44', 1, 3, NULL, NULL),
(311, 2, 114, '2018-05-15 12:17:44', 1, 3, NULL, NULL),
(312, 3, 114, '2018-05-15 12:17:44', 1, 3, NULL, NULL),
(313, 1, 112, '2018-05-15 12:17:44', 1, 3, NULL, NULL),
(314, 2, 112, '2018-05-15 12:17:44', 1, 3, NULL, NULL),
(315, 3, 112, '2018-05-15 12:17:44', 1, 3, NULL, NULL),
(316, 1, 65, '2018-05-15 12:17:44', 1, 3, NULL, NULL),
(317, 2, 65, '2018-05-15 12:17:44', 1, 3, NULL, NULL),
(318, 3, 65, '2018-05-15 12:17:44', 1, 3, NULL, NULL),
(319, 1, 67, '2018-05-15 12:17:44', 1, 3, NULL, NULL),
(320, 2, 67, '2018-05-15 12:17:44', 1, 3, NULL, NULL),
(321, 3, 67, '2018-05-15 12:17:44', 1, 3, NULL, NULL),
(322, 1, 71, '2018-05-15 12:17:44', 1, 3, NULL, NULL),
(323, 2, 71, '2018-05-15 12:17:44', 1, 3, NULL, NULL),
(324, 3, 71, '2018-05-15 12:17:44', 1, 3, NULL, NULL),
(325, 1, 117, '2018-05-15 12:17:44', 1, 3, NULL, NULL),
(326, 2, 117, '2018-05-15 12:17:44', 1, 3, NULL, NULL),
(327, 3, 117, '2018-05-15 12:17:44', 1, 3, NULL, NULL),
(328, 1, 116, '2018-05-15 12:17:44', 1, 3, NULL, NULL),
(329, 2, 116, '2018-05-15 12:17:44', 1, 3, NULL, NULL),
(330, 3, 116, '2018-05-15 12:17:44', 1, 3, NULL, NULL),
(331, 1, 66, '2018-05-15 12:17:44', 1, 3, NULL, NULL),
(332, 2, 66, '2018-05-15 12:17:44', 1, 3, NULL, NULL),
(333, 3, 66, '2018-05-15 12:17:44', 1, 3, NULL, NULL),
(334, 4, 17, '2018-05-15 12:29:10', 1, 3, NULL, NULL),
(335, 5, 17, '2018-05-15 12:29:10', 1, 3, NULL, NULL),
(336, 8, 17, '2018-05-15 12:29:10', 1, 3, NULL, NULL),
(337, 9, 17, '2018-05-15 12:29:10', 1, 3, NULL, NULL),
(338, 19, 17, '2018-05-15 12:29:10', 1, 3, NULL, NULL),
(339, 4, 145, '2018-05-15 12:29:10', 1, 3, NULL, NULL),
(340, 5, 145, '2018-05-15 12:29:10', 1, 3, NULL, NULL),
(341, 8, 145, '2018-05-15 12:29:10', 1, 3, NULL, NULL),
(342, 9, 145, '2018-05-15 12:29:10', 1, 3, NULL, NULL),
(343, 19, 145, '2018-05-15 12:29:10', 1, 3, NULL, NULL),
(344, 5, 158, '2018-05-15 12:29:10', 1, 3, NULL, NULL),
(345, 6, 158, '2018-05-15 12:29:10', 1, 3, NULL, NULL),
(346, 8, 158, '2018-05-15 12:29:10', 1, 3, NULL, NULL),
(347, 9, 158, '2018-05-15 12:29:10', 1, 3, NULL, NULL),
(348, 19, 158, '2018-05-15 12:29:10', 1, 3, NULL, NULL),
(349, 4, 34, '2018-05-15 12:29:10', 1, 3, NULL, NULL),
(350, 5, 34, '2018-05-15 12:29:10', 1, 3, NULL, NULL),
(351, 8, 34, '2018-05-15 12:29:10', 1, 3, NULL, NULL),
(352, 9, 34, '2018-05-15 12:29:10', 1, 3, NULL, NULL),
(353, 19, 34, '2018-05-15 12:29:10', 1, 3, NULL, NULL),
(354, 4, 147, '2018-05-15 12:29:10', 1, 3, NULL, NULL),
(355, 5, 147, '2018-05-15 12:29:10', 1, 3, NULL, NULL),
(356, 7, 147, '2018-05-15 12:29:10', 1, 3, NULL, NULL),
(357, 9, 147, '2018-05-15 12:29:10', 1, 3, NULL, NULL),
(358, 19, 147, '2018-05-15 12:29:10', 1, 3, NULL, NULL),
(364, 5, 40, '2018-05-15 12:29:10', 1, 3, NULL, NULL),
(365, 6, 40, '2018-05-15 12:29:10', 1, 3, NULL, NULL),
(366, 8, 40, '2018-05-15 12:29:10', 1, 3, NULL, NULL),
(367, 9, 40, '2018-05-15 12:29:10', 1, 3, NULL, NULL),
(368, 19, 40, '2018-05-15 12:29:10', 1, 3, NULL, NULL),
(369, 4, 129, '2018-05-15 12:29:10', 1, 3, NULL, NULL),
(370, 5, 129, '2018-05-15 12:29:10', 1, 3, NULL, NULL),
(371, 8, 129, '2018-05-15 12:29:10', 1, 3, NULL, NULL),
(372, 9, 129, '2018-05-15 12:29:10', 1, 3, NULL, NULL),
(373, 19, 129, '2018-05-15 12:29:10', 1, 3, NULL, NULL),
(374, 1, 17, '2018-05-15 12:29:10', 1, 3, NULL, NULL),
(375, 2, 17, '2018-05-15 12:29:10', 1, 3, NULL, NULL),
(376, 3, 17, '2018-05-15 12:29:10', 1, 3, NULL, NULL),
(377, 1, 145, '2018-05-15 12:29:10', 1, 3, NULL, NULL),
(378, 2, 145, '2018-05-15 12:29:10', 1, 3, NULL, NULL),
(379, 3, 145, '2018-05-15 12:29:10', 1, 3, NULL, NULL),
(380, 1, 158, '2018-05-15 12:29:10', 1, 3, NULL, NULL),
(381, 2, 158, '2018-05-15 12:29:10', 1, 3, NULL, NULL),
(382, 3, 158, '2018-05-15 12:29:10', 1, 3, NULL, NULL),
(383, 1, 34, '2018-05-15 12:29:10', 1, 3, NULL, NULL),
(384, 2, 34, '2018-05-15 12:29:10', 1, 3, NULL, NULL),
(385, 3, 34, '2018-05-15 12:29:10', 1, 3, NULL, NULL),
(386, 1, 147, '2018-05-15 12:29:10', 1, 3, NULL, NULL),
(387, 2, 147, '2018-05-15 12:29:10', 1, 3, NULL, NULL),
(388, 3, 147, '2018-05-15 12:29:10', 1, 3, NULL, NULL),
(392, 1, 40, '2018-05-15 12:29:10', 1, 3, NULL, NULL),
(393, 2, 40, '2018-05-15 12:29:10', 1, 3, NULL, NULL),
(394, 3, 40, '2018-05-15 12:29:10', 1, 3, NULL, NULL),
(395, 1, 129, '2018-05-15 12:29:10', 1, 3, NULL, NULL),
(396, 2, 129, '2018-05-15 12:29:10', 1, 3, NULL, NULL),
(397, 3, 129, '2018-05-15 12:29:10', 1, 3, NULL, NULL),
(406, 5, 162, '2018-05-15 13:28:33', 1, 3, NULL, NULL),
(407, 6, 162, '2018-05-15 13:28:33', 1, 3, NULL, NULL),
(408, 7, 162, '2018-05-15 13:28:33', 1, 3, NULL, NULL),
(409, 19, 162, '2018-05-15 13:28:33', 1, 3, NULL, NULL),
(410, 1, 162, '2018-05-15 13:28:33', 1, 3, NULL, NULL),
(411, 2, 162, '2018-05-15 13:28:33', 1, 3, NULL, NULL),
(412, 3, 162, '2018-05-15 13:28:33', 1, 3, NULL, NULL),
(421, 4, 47, '2018-05-18 08:58:47', 1, 3, NULL, NULL),
(422, 5, 47, '2018-05-18 08:58:47', 1, 3, NULL, NULL),
(423, 6, 47, '2018-05-18 08:58:47', 1, 3, NULL, NULL),
(424, 7, 47, '2018-05-18 08:58:47', 1, 3, NULL, NULL),
(425, 8, 47, '2018-05-18 08:58:47', 1, 3, NULL, NULL),
(426, 9, 47, '2018-05-18 08:58:47', 1, 3, NULL, NULL),
(427, 13, 47, '2018-05-18 08:58:47', 1, 3, NULL, NULL),
(428, 19, 47, '2018-05-18 08:58:47', 1, 3, NULL, NULL),
(429, 4, 48, '2018-05-18 08:58:47', 1, 3, NULL, NULL),
(430, 5, 48, '2018-05-18 08:58:47', 1, 3, NULL, NULL),
(431, 6, 48, '2018-05-18 08:58:47', 1, 3, NULL, NULL),
(432, 7, 48, '2018-05-18 08:58:47', 1, 3, NULL, NULL),
(433, 8, 48, '2018-05-18 08:58:47', 1, 3, NULL, NULL),
(434, 9, 48, '2018-05-18 08:58:47', 1, 3, NULL, NULL),
(435, 13, 48, '2018-05-18 08:58:47', 1, 3, NULL, NULL),
(436, 19, 48, '2018-05-18 08:58:47', 1, 3, NULL, NULL),
(437, 4, 49, '2018-05-18 08:58:47', 1, 3, NULL, NULL),
(438, 5, 49, '2018-05-18 08:58:47', 1, 3, NULL, NULL),
(439, 6, 49, '2018-05-18 08:58:47', 1, 3, NULL, NULL),
(440, 7, 49, '2018-05-18 08:58:47', 1, 3, NULL, NULL),
(441, 8, 49, '2018-05-18 08:58:47', 1, 3, NULL, NULL),
(442, 9, 49, '2018-05-18 08:58:47', 1, 3, NULL, NULL),
(443, 13, 49, '2018-05-18 08:58:47', 1, 3, NULL, NULL),
(444, 19, 49, '2018-05-18 08:58:47', 1, 3, NULL, NULL),
(445, 4, 50, '2018-05-18 08:58:47', 1, 3, NULL, NULL),
(446, 5, 50, '2018-05-18 08:58:47', 1, 3, NULL, NULL),
(447, 6, 50, '2018-05-18 08:58:47', 1, 3, NULL, NULL),
(448, 7, 50, '2018-05-18 08:58:47', 1, 3, NULL, NULL),
(449, 8, 50, '2018-05-18 08:58:47', 1, 3, NULL, NULL),
(450, 9, 50, '2018-05-18 08:58:47', 1, 3, NULL, NULL),
(451, 13, 50, '2018-05-18 08:58:47', 1, 3, NULL, NULL),
(452, 19, 50, '2018-05-18 08:58:47', 1, 3, NULL, NULL),
(453, 4, 51, '2018-05-18 08:58:47', 1, 3, NULL, NULL),
(454, 5, 51, '2018-05-18 08:58:47', 1, 3, NULL, NULL),
(455, 6, 51, '2018-05-18 08:58:47', 1, 3, NULL, NULL),
(456, 7, 51, '2018-05-18 08:58:47', 1, 3, NULL, NULL),
(457, 8, 51, '2018-05-18 08:58:47', 1, 3, NULL, NULL),
(458, 9, 51, '2018-05-18 08:58:47', 1, 3, NULL, NULL),
(459, 13, 51, '2018-05-18 08:58:47', 1, 3, NULL, NULL),
(460, 19, 51, '2018-05-18 08:58:47', 1, 3, NULL, NULL),
(461, 4, 52, '2018-05-18 08:58:47', 1, 3, NULL, NULL),
(462, 5, 52, '2018-05-18 08:58:47', 1, 3, NULL, NULL),
(463, 6, 52, '2018-05-18 08:58:47', 1, 3, NULL, NULL),
(464, 7, 52, '2018-05-18 08:58:47', 1, 3, NULL, NULL),
(465, 8, 52, '2018-05-18 08:58:47', 1, 3, NULL, NULL),
(466, 9, 52, '2018-05-18 08:58:47', 1, 3, NULL, NULL),
(467, 13, 52, '2018-05-18 08:58:47', 1, 3, NULL, NULL),
(468, 19, 52, '2018-05-18 08:58:47', 1, 3, NULL, NULL),
(469, 4, 53, '2018-05-18 08:58:47', 1, 3, NULL, NULL),
(470, 5, 53, '2018-05-18 08:58:47', 1, 3, NULL, NULL),
(471, 6, 53, '2018-05-18 08:58:47', 1, 3, NULL, NULL),
(472, 7, 53, '2018-05-18 08:58:47', 1, 3, NULL, NULL),
(473, 8, 53, '2018-05-18 08:58:47', 1, 3, NULL, NULL),
(474, 9, 53, '2018-05-18 08:58:47', 1, 3, NULL, NULL),
(475, 13, 53, '2018-05-18 08:58:47', 1, 3, NULL, NULL),
(476, 19, 53, '2018-05-18 08:58:47', 1, 3, NULL, NULL),
(477, 4, 54, '2018-05-18 08:58:47', 1, 3, NULL, NULL),
(478, 5, 54, '2018-05-18 08:58:47', 1, 3, NULL, NULL),
(479, 6, 54, '2018-05-18 08:58:47', 1, 3, NULL, NULL),
(480, 7, 54, '2018-05-18 08:58:47', 1, 3, NULL, NULL),
(481, 8, 54, '2018-05-18 08:58:47', 1, 3, NULL, NULL),
(482, 9, 54, '2018-05-18 08:58:47', 1, 3, NULL, NULL),
(483, 13, 54, '2018-05-18 08:58:47', 1, 3, NULL, NULL),
(484, 19, 54, '2018-05-18 08:58:47', 1, 3, NULL, NULL),
(485, 4, 55, '2018-05-18 08:58:47', 1, 3, NULL, NULL),
(486, 5, 55, '2018-05-18 08:58:47', 1, 3, NULL, NULL),
(487, 6, 55, '2018-05-18 08:58:47', 1, 3, NULL, NULL),
(488, 7, 55, '2018-05-18 08:58:47', 1, 3, NULL, NULL),
(489, 8, 55, '2018-05-18 08:58:47', 1, 3, NULL, NULL),
(490, 9, 55, '2018-05-18 08:58:47', 1, 3, NULL, NULL),
(491, 13, 55, '2018-05-18 08:58:47', 1, 3, NULL, NULL),
(492, 19, 55, '2018-05-18 08:58:47', 1, 3, NULL, NULL),
(493, 4, 56, '2018-05-18 08:58:47', 1, 3, NULL, NULL),
(494, 5, 56, '2018-05-18 08:58:47', 1, 3, NULL, NULL),
(495, 6, 56, '2018-05-18 08:58:47', 1, 3, NULL, NULL),
(496, 7, 56, '2018-05-18 08:58:47', 1, 3, NULL, NULL),
(497, 8, 56, '2018-05-18 08:58:47', 1, 3, NULL, NULL),
(498, 9, 56, '2018-05-18 08:58:47', 1, 3, NULL, NULL),
(499, 13, 56, '2018-05-18 08:58:47', 1, 3, NULL, NULL),
(500, 19, 56, '2018-05-18 08:58:47', 1, 3, NULL, NULL),
(501, 4, 57, '2018-05-18 08:58:47', 1, 3, NULL, NULL),
(502, 5, 57, '2018-05-18 08:58:47', 1, 3, NULL, NULL),
(503, 6, 57, '2018-05-18 08:58:47', 1, 3, NULL, NULL),
(504, 7, 57, '2018-05-18 08:58:47', 1, 3, NULL, NULL),
(505, 8, 57, '2018-05-18 08:58:47', 1, 3, NULL, NULL),
(506, 9, 57, '2018-05-18 08:58:47', 1, 3, NULL, NULL),
(507, 13, 57, '2018-05-18 08:58:47', 1, 3, NULL, NULL),
(508, 19, 57, '2018-05-18 08:58:47', 1, 3, NULL, NULL),
(509, 4, 58, '2018-05-18 08:58:47', 1, 3, NULL, NULL),
(510, 5, 58, '2018-05-18 08:58:47', 1, 3, NULL, NULL),
(511, 6, 58, '2018-05-18 08:58:47', 1, 3, NULL, NULL),
(512, 7, 58, '2018-05-18 08:58:47', 1, 3, NULL, NULL),
(513, 8, 58, '2018-05-18 08:58:47', 1, 3, NULL, NULL),
(514, 9, 58, '2018-05-18 08:58:47', 1, 3, NULL, NULL),
(515, 13, 58, '2018-05-18 08:58:47', 1, 3, NULL, NULL),
(516, 19, 58, '2018-05-18 08:58:47', 1, 3, NULL, NULL),
(517, 4, 59, '2018-05-18 08:58:47', 1, 3, NULL, NULL),
(518, 5, 59, '2018-05-18 08:58:47', 1, 3, NULL, NULL),
(519, 6, 59, '2018-05-18 08:58:47', 1, 3, NULL, NULL),
(520, 7, 59, '2018-05-18 08:58:47', 1, 3, NULL, NULL),
(521, 8, 59, '2018-05-18 08:58:48', 1, 3, NULL, NULL),
(522, 9, 59, '2018-05-18 08:58:48', 1, 3, NULL, NULL),
(523, 13, 59, '2018-05-18 08:58:48', 1, 3, NULL, NULL),
(524, 19, 59, '2018-05-18 08:58:48', 1, 3, NULL, NULL),
(525, 4, 60, '2018-05-18 08:58:48', 1, 3, NULL, NULL),
(526, 5, 60, '2018-05-18 08:58:48', 1, 3, NULL, NULL),
(527, 6, 60, '2018-05-18 08:58:48', 1, 3, NULL, NULL),
(528, 7, 60, '2018-05-18 08:58:48', 1, 3, NULL, NULL),
(529, 8, 60, '2018-05-18 08:58:48', 1, 3, NULL, NULL),
(530, 9, 60, '2018-05-18 08:58:48', 1, 3, NULL, NULL),
(531, 13, 60, '2018-05-18 08:58:48', 1, 3, NULL, NULL),
(532, 19, 60, '2018-05-18 08:58:48', 1, 3, NULL, NULL),
(533, 4, 61, '2018-05-18 08:58:48', 1, 3, NULL, NULL),
(534, 5, 61, '2018-05-18 08:58:48', 1, 3, NULL, NULL),
(535, 6, 61, '2018-05-18 08:58:48', 1, 3, NULL, NULL),
(536, 7, 61, '2018-05-18 08:58:48', 1, 3, NULL, NULL),
(537, 8, 61, '2018-05-18 08:58:48', 1, 3, NULL, NULL),
(538, 9, 61, '2018-05-18 08:58:48', 1, 3, NULL, NULL),
(539, 13, 61, '2018-05-18 08:58:48', 1, 3, NULL, NULL),
(540, 19, 61, '2018-05-18 08:58:48', 1, 3, NULL, NULL),
(541, 4, 62, '2018-05-18 08:58:48', 1, 3, NULL, NULL),
(542, 5, 62, '2018-05-18 08:58:48', 1, 3, NULL, NULL),
(543, 6, 62, '2018-05-18 08:58:48', 1, 3, NULL, NULL),
(544, 7, 62, '2018-05-18 08:58:48', 1, 3, NULL, NULL),
(545, 8, 62, '2018-05-18 08:58:48', 1, 3, NULL, NULL),
(546, 9, 62, '2018-05-18 08:58:48', 1, 3, NULL, NULL),
(547, 13, 62, '2018-05-18 08:58:48', 1, 3, NULL, NULL),
(548, 19, 62, '2018-05-18 08:58:48', 1, 3, NULL, NULL),
(549, 4, 63, '2018-05-18 08:58:48', 1, 3, NULL, NULL),
(550, 5, 63, '2018-05-18 08:58:48', 1, 3, NULL, NULL),
(551, 6, 63, '2018-05-18 08:58:48', 1, 3, NULL, NULL),
(552, 7, 63, '2018-05-18 08:58:48', 1, 3, NULL, NULL),
(553, 8, 63, '2018-05-18 08:58:48', 1, 3, NULL, NULL),
(554, 9, 63, '2018-05-18 08:58:48', 1, 3, NULL, NULL),
(555, 13, 63, '2018-05-18 08:58:48', 1, 3, NULL, NULL),
(556, 19, 63, '2018-05-18 08:58:48', 1, 3, NULL, NULL),
(557, 4, 64, '2018-05-18 08:58:48', 1, 3, NULL, NULL),
(558, 5, 64, '2018-05-18 08:58:48', 1, 3, NULL, NULL),
(559, 6, 64, '2018-05-18 08:58:48', 1, 3, NULL, NULL),
(560, 7, 64, '2018-05-18 08:58:48', 1, 3, NULL, NULL),
(561, 8, 64, '2018-05-18 08:58:48', 1, 3, NULL, NULL),
(562, 9, 64, '2018-05-18 08:58:48', 1, 3, NULL, NULL),
(563, 13, 64, '2018-05-18 08:58:48', 1, 3, NULL, NULL),
(564, 19, 64, '2018-05-18 08:58:48', 1, 3, NULL, NULL),
(565, 4, 69, '2018-05-18 08:58:48', 1, 3, NULL, NULL),
(566, 5, 69, '2018-05-18 08:58:48', 1, 3, NULL, NULL),
(567, 6, 69, '2018-05-18 08:58:48', 1, 3, NULL, NULL),
(568, 7, 69, '2018-05-18 08:58:48', 1, 3, NULL, NULL),
(569, 8, 69, '2018-05-18 08:58:48', 1, 3, NULL, NULL),
(570, 9, 69, '2018-05-18 08:58:48', 1, 3, NULL, NULL),
(571, 13, 69, '2018-05-18 08:58:48', 1, 3, NULL, NULL),
(572, 19, 69, '2018-05-18 08:58:48', 1, 3, NULL, NULL),
(573, 4, 70, '2018-05-18 08:58:48', 1, 3, NULL, NULL),
(574, 5, 70, '2018-05-18 08:58:48', 1, 3, NULL, NULL),
(575, 6, 70, '2018-05-18 08:58:48', 1, 3, NULL, NULL),
(576, 7, 70, '2018-05-18 08:58:48', 1, 3, NULL, NULL),
(577, 8, 70, '2018-05-18 08:58:48', 1, 3, NULL, NULL),
(578, 9, 70, '2018-05-18 08:58:48', 1, 3, NULL, NULL),
(579, 13, 70, '2018-05-18 08:58:48', 1, 3, NULL, NULL),
(580, 19, 70, '2018-05-18 08:58:48', 1, 3, NULL, NULL),
(581, 4, 72, '2018-05-18 08:58:48', 1, 3, NULL, NULL),
(582, 5, 72, '2018-05-18 08:58:48', 1, 3, NULL, NULL),
(583, 6, 72, '2018-05-18 08:58:48', 1, 3, NULL, NULL),
(584, 7, 72, '2018-05-18 08:58:48', 1, 3, NULL, NULL),
(585, 8, 72, '2018-05-18 08:58:48', 1, 3, NULL, NULL),
(586, 9, 72, '2018-05-18 08:58:48', 1, 3, NULL, NULL),
(587, 13, 72, '2018-05-18 08:58:48', 1, 3, NULL, NULL),
(588, 19, 72, '2018-05-18 08:58:48', 1, 3, NULL, NULL),
(589, 4, 73, '2018-05-18 08:58:48', 1, 3, NULL, NULL),
(590, 5, 73, '2018-05-18 08:58:48', 1, 3, NULL, NULL),
(591, 6, 73, '2018-05-18 08:58:48', 1, 3, NULL, NULL),
(592, 7, 73, '2018-05-18 08:58:48', 1, 3, NULL, NULL),
(593, 8, 73, '2018-05-18 08:58:48', 1, 3, NULL, NULL),
(594, 9, 73, '2018-05-18 08:58:48', 1, 3, NULL, NULL),
(595, 13, 73, '2018-05-18 08:58:48', 1, 3, NULL, NULL),
(596, 19, 73, '2018-05-18 08:58:48', 1, 3, NULL, NULL),
(597, 4, 74, '2018-05-18 08:58:48', 1, 3, NULL, NULL),
(598, 5, 74, '2018-05-18 08:58:48', 1, 3, NULL, NULL),
(599, 6, 74, '2018-05-18 08:58:48', 1, 3, NULL, NULL),
(600, 7, 74, '2018-05-18 08:58:48', 1, 3, NULL, NULL),
(601, 8, 74, '2018-05-18 08:58:48', 1, 3, NULL, NULL),
(602, 9, 74, '2018-05-18 08:58:48', 1, 3, NULL, NULL),
(603, 13, 74, '2018-05-18 08:58:48', 1, 3, NULL, NULL),
(604, 19, 74, '2018-05-18 08:58:48', 1, 3, NULL, NULL),
(605, 4, 75, '2018-05-18 08:58:48', 1, 3, NULL, NULL),
(606, 5, 75, '2018-05-18 08:58:48', 1, 3, NULL, NULL),
(607, 6, 75, '2018-05-18 08:58:48', 1, 3, NULL, NULL),
(608, 7, 75, '2018-05-18 08:58:48', 1, 3, NULL, NULL),
(609, 8, 75, '2018-05-18 08:58:48', 1, 3, NULL, NULL),
(610, 9, 75, '2018-05-18 08:58:48', 1, 3, NULL, NULL),
(611, 13, 75, '2018-05-18 08:58:48', 1, 3, NULL, NULL),
(612, 19, 75, '2018-05-18 08:58:48', 1, 3, NULL, NULL),
(613, 4, 76, '2018-05-18 08:58:48', 1, 3, NULL, NULL),
(614, 5, 76, '2018-05-18 08:58:48', 1, 3, NULL, NULL),
(615, 6, 76, '2018-05-18 08:58:48', 1, 3, NULL, NULL),
(616, 7, 76, '2018-05-18 08:58:48', 1, 3, NULL, NULL),
(617, 8, 76, '2018-05-18 08:58:48', 1, 3, NULL, NULL),
(618, 9, 76, '2018-05-18 08:58:48', 1, 3, NULL, NULL),
(619, 13, 76, '2018-05-18 08:58:48', 1, 3, NULL, NULL),
(620, 19, 76, '2018-05-18 08:58:48', 1, 3, NULL, NULL),
(621, 4, 77, '2018-05-18 08:58:48', 1, 3, NULL, NULL),
(622, 5, 77, '2018-05-18 08:58:48', 1, 3, NULL, NULL),
(623, 6, 77, '2018-05-18 08:58:48', 1, 3, NULL, NULL),
(624, 7, 77, '2018-05-18 08:58:48', 1, 3, NULL, NULL),
(625, 8, 77, '2018-05-18 08:58:48', 1, 3, NULL, NULL),
(626, 9, 77, '2018-05-18 08:58:48', 1, 3, NULL, NULL),
(627, 13, 77, '2018-05-18 08:58:48', 1, 3, NULL, NULL),
(628, 19, 77, '2018-05-18 08:58:48', 1, 3, NULL, NULL),
(629, 4, 78, '2018-05-18 08:58:48', 1, 3, NULL, NULL),
(630, 5, 78, '2018-05-18 08:58:48', 1, 3, NULL, NULL),
(631, 6, 78, '2018-05-18 08:58:48', 1, 3, NULL, NULL),
(632, 7, 78, '2018-05-18 08:58:48', 1, 3, NULL, NULL),
(633, 8, 78, '2018-05-18 08:58:48', 1, 3, NULL, NULL),
(634, 9, 78, '2018-05-18 08:58:48', 1, 3, NULL, NULL),
(635, 13, 78, '2018-05-18 08:58:48', 1, 3, NULL, NULL),
(636, 19, 78, '2018-05-18 08:58:48', 1, 3, NULL, NULL),
(637, 4, 80, '2018-05-18 08:58:48', 1, 3, NULL, NULL),
(638, 5, 80, '2018-05-18 08:58:48', 1, 3, NULL, NULL),
(639, 6, 80, '2018-05-18 08:58:48', 1, 3, NULL, NULL),
(640, 7, 80, '2018-05-18 08:58:48', 1, 3, NULL, NULL),
(641, 8, 80, '2018-05-18 08:58:48', 1, 3, NULL, NULL),
(642, 9, 80, '2018-05-18 08:58:48', 1, 3, NULL, NULL),
(643, 13, 80, '2018-05-18 08:58:48', 1, 3, NULL, NULL),
(644, 19, 80, '2018-05-18 08:58:48', 1, 3, NULL, NULL),
(645, 4, 87, '2018-05-18 08:58:48', 1, 3, NULL, NULL),
(646, 5, 87, '2018-05-18 08:58:48', 1, 3, NULL, NULL),
(647, 6, 87, '2018-05-18 08:58:48', 1, 3, NULL, NULL),
(648, 7, 87, '2018-05-18 08:58:48', 1, 3, NULL, NULL),
(649, 8, 87, '2018-05-18 08:58:48', 1, 3, NULL, NULL),
(650, 9, 87, '2018-05-18 08:58:48', 1, 3, NULL, NULL),
(651, 13, 87, '2018-05-18 08:58:48', 1, 3, NULL, NULL),
(652, 19, 87, '2018-05-18 08:58:48', 1, 3, NULL, NULL),
(653, 4, 95, '2018-05-18 08:58:48', 1, 3, NULL, NULL),
(654, 5, 95, '2018-05-18 08:58:48', 1, 3, NULL, NULL),
(655, 6, 95, '2018-05-18 08:58:48', 1, 3, NULL, NULL),
(656, 7, 95, '2018-05-18 08:58:48', 1, 3, NULL, NULL),
(657, 8, 95, '2018-05-18 08:58:48', 1, 3, NULL, NULL),
(658, 9, 95, '2018-05-18 08:58:48', 1, 3, NULL, NULL),
(659, 13, 95, '2018-05-18 08:58:48', 1, 3, NULL, NULL),
(660, 19, 95, '2018-05-18 08:58:48', 1, 3, NULL, NULL),
(661, 4, 96, '2018-05-18 08:58:48', 1, 3, NULL, NULL),
(662, 5, 96, '2018-05-18 08:58:48', 1, 3, NULL, NULL),
(663, 6, 96, '2018-05-18 08:58:48', 1, 3, NULL, NULL),
(664, 7, 96, '2018-05-18 08:58:48', 1, 3, NULL, NULL),
(665, 8, 96, '2018-05-18 08:58:48', 1, 3, NULL, NULL),
(666, 9, 96, '2018-05-18 08:58:48', 1, 3, NULL, NULL),
(667, 13, 96, '2018-05-18 08:58:48', 1, 3, NULL, NULL),
(668, 19, 96, '2018-05-18 08:58:48', 1, 3, NULL, NULL),
(669, 4, 97, '2018-05-18 08:58:48', 1, 3, NULL, NULL),
(670, 5, 97, '2018-05-18 08:58:48', 1, 3, NULL, NULL),
(671, 6, 97, '2018-05-18 08:58:48', 1, 3, NULL, NULL),
(672, 7, 97, '2018-05-18 08:58:48', 1, 3, NULL, NULL),
(673, 8, 97, '2018-05-18 08:58:48', 1, 3, NULL, NULL),
(674, 9, 97, '2018-05-18 08:58:48', 1, 3, NULL, NULL),
(675, 13, 97, '2018-05-18 08:58:48', 1, 3, NULL, NULL),
(676, 19, 97, '2018-05-18 08:58:48', 1, 3, NULL, NULL),
(677, 4, 105, '2018-05-18 08:58:48', 1, 3, NULL, NULL),
(678, 5, 105, '2018-05-18 08:58:48', 1, 3, NULL, NULL),
(679, 6, 105, '2018-05-18 08:58:48', 1, 3, NULL, NULL),
(680, 7, 105, '2018-05-18 08:58:48', 1, 3, NULL, NULL),
(681, 8, 105, '2018-05-18 08:58:48', 1, 3, NULL, NULL),
(682, 9, 105, '2018-05-18 08:58:48', 1, 3, NULL, NULL),
(683, 13, 105, '2018-05-18 08:58:48', 1, 3, NULL, NULL),
(684, 19, 105, '2018-05-18 08:58:48', 1, 3, NULL, NULL),
(685, 4, 106, '2018-05-18 08:58:48', 1, 3, NULL, NULL),
(686, 5, 106, '2018-05-18 08:58:48', 1, 3, NULL, NULL),
(687, 6, 106, '2018-05-18 08:58:48', 1, 3, NULL, NULL),
(688, 7, 106, '2018-05-18 08:58:48', 1, 3, NULL, NULL),
(689, 8, 106, '2018-05-18 08:58:48', 1, 3, NULL, NULL),
(690, 9, 106, '2018-05-18 08:58:48', 1, 3, NULL, NULL),
(691, 13, 106, '2018-05-18 08:58:48', 1, 3, NULL, NULL),
(692, 19, 106, '2018-05-18 08:58:48', 1, 3, NULL, NULL),
(709, 4, 111, '2018-05-18 08:58:48', 1, 3, NULL, NULL),
(710, 5, 111, '2018-05-18 08:58:48', 1, 3, NULL, NULL),
(711, 6, 111, '2018-05-18 08:58:48', 1, 3, NULL, NULL),
(712, 7, 111, '2018-05-18 08:58:48', 1, 3, NULL, NULL),
(713, 8, 111, '2018-05-18 08:58:48', 1, 3, NULL, NULL),
(714, 9, 111, '2018-05-18 08:58:48', 1, 3, NULL, NULL),
(715, 13, 111, '2018-05-18 08:58:48', 1, 3, NULL, NULL),
(716, 19, 111, '2018-05-18 08:58:48', 1, 3, NULL, NULL),
(725, 4, 115, '2018-05-18 08:58:48', 1, 3, NULL, NULL),
(726, 5, 115, '2018-05-18 08:58:48', 1, 3, NULL, NULL),
(727, 6, 115, '2018-05-18 08:58:48', 1, 3, NULL, NULL),
(728, 7, 115, '2018-05-18 08:58:48', 1, 3, NULL, NULL),
(729, 8, 115, '2018-05-18 08:58:48', 1, 3, NULL, NULL),
(730, 9, 115, '2018-05-18 08:58:48', 1, 3, NULL, NULL),
(731, 13, 115, '2018-05-18 08:58:48', 1, 3, NULL, NULL),
(732, 19, 115, '2018-05-18 08:58:48', 1, 3, NULL, NULL),
(733, 4, 151, '2018-05-18 08:58:48', 1, 3, NULL, NULL),
(734, 5, 151, '2018-05-18 08:58:48', 1, 3, NULL, NULL),
(735, 6, 151, '2018-05-18 08:58:48', 1, 3, NULL, NULL),
(736, 7, 151, '2018-05-18 08:58:48', 1, 3, NULL, NULL),
(737, 8, 151, '2018-05-18 08:58:48', 1, 3, NULL, NULL),
(738, 9, 151, '2018-05-18 08:58:48', 1, 3, NULL, NULL),
(739, 13, 151, '2018-05-18 08:58:48', 1, 3, NULL, NULL),
(740, 19, 151, '2018-05-18 08:58:48', 1, 3, NULL, NULL),
(741, 4, 155, '2018-05-18 08:58:48', 1, 3, NULL, NULL),
(742, 5, 155, '2018-05-18 08:58:48', 1, 3, NULL, NULL),
(743, 6, 155, '2018-05-18 08:58:48', 1, 3, NULL, NULL),
(744, 7, 155, '2018-05-18 08:58:48', 1, 3, NULL, NULL),
(745, 8, 155, '2018-05-18 08:58:48', 1, 3, NULL, NULL),
(746, 9, 155, '2018-05-18 08:58:48', 1, 3, NULL, NULL),
(747, 13, 155, '2018-05-18 08:58:48', 1, 3, NULL, NULL),
(748, 19, 155, '2018-05-18 08:58:48', 1, 3, NULL, NULL),
(749, 1, 47, '2018-05-18 08:58:48', 1, 3, NULL, NULL),
(750, 2, 47, '2018-05-18 08:58:48', 1, 3, NULL, NULL),
(751, 3, 47, '2018-05-18 08:58:48', 1, 3, NULL, NULL),
(752, 1, 48, '2018-05-18 08:58:48', 1, 3, NULL, NULL),
(753, 2, 48, '2018-05-18 08:58:48', 1, 3, NULL, NULL),
(754, 3, 48, '2018-05-18 08:58:48', 1, 3, NULL, NULL),
(755, 1, 49, '2018-05-18 08:58:48', 1, 3, NULL, NULL),
(756, 2, 49, '2018-05-18 08:58:48', 1, 3, NULL, NULL),
(757, 3, 49, '2018-05-18 08:58:48', 1, 3, NULL, NULL),
(758, 1, 50, '2018-05-18 08:58:48', 1, 3, NULL, NULL),
(759, 2, 50, '2018-05-18 08:58:48', 1, 3, NULL, NULL),
(760, 3, 50, '2018-05-18 08:58:48', 1, 3, NULL, NULL),
(761, 1, 51, '2018-05-18 08:58:48', 1, 3, NULL, NULL),
(762, 2, 51, '2018-05-18 08:58:48', 1, 3, NULL, NULL),
(763, 3, 51, '2018-05-18 08:58:48', 1, 3, NULL, NULL),
(764, 1, 52, '2018-05-18 08:58:48', 1, 3, NULL, NULL),
(765, 2, 52, '2018-05-18 08:58:48', 1, 3, NULL, NULL),
(766, 3, 52, '2018-05-18 08:58:48', 1, 3, NULL, NULL),
(767, 1, 53, '2018-05-18 08:58:48', 1, 3, NULL, NULL),
(768, 2, 53, '2018-05-18 08:58:48', 1, 3, NULL, NULL),
(769, 3, 53, '2018-05-18 08:58:48', 1, 3, NULL, NULL),
(770, 1, 54, '2018-05-18 08:58:48', 1, 3, NULL, NULL),
(771, 2, 54, '2018-05-18 08:58:48', 1, 3, NULL, NULL),
(772, 3, 54, '2018-05-18 08:58:48', 1, 3, NULL, NULL),
(773, 1, 55, '2018-05-18 08:58:48', 1, 3, NULL, NULL),
(774, 2, 55, '2018-05-18 08:58:48', 1, 3, NULL, NULL),
(775, 3, 55, '2018-05-18 08:58:48', 1, 3, NULL, NULL),
(776, 1, 56, '2018-05-18 08:58:48', 1, 3, NULL, NULL),
(777, 2, 56, '2018-05-18 08:58:48', 1, 3, NULL, NULL),
(778, 3, 56, '2018-05-18 08:58:48', 1, 3, NULL, NULL),
(779, 1, 57, '2018-05-18 08:58:48', 1, 3, NULL, NULL),
(780, 2, 57, '2018-05-18 08:58:48', 1, 3, NULL, NULL),
(781, 3, 57, '2018-05-18 08:58:48', 1, 3, NULL, NULL),
(782, 1, 58, '2018-05-18 08:58:48', 1, 3, NULL, NULL),
(783, 2, 58, '2018-05-18 08:58:48', 1, 3, NULL, NULL),
(784, 3, 58, '2018-05-18 08:58:48', 1, 3, NULL, NULL),
(785, 1, 59, '2018-05-18 08:58:48', 1, 3, NULL, NULL),
(786, 2, 59, '2018-05-18 08:58:48', 1, 3, NULL, NULL),
(787, 3, 59, '2018-05-18 08:58:48', 1, 3, NULL, NULL),
(788, 1, 60, '2018-05-18 08:58:48', 1, 3, NULL, NULL),
(789, 2, 60, '2018-05-18 08:58:48', 1, 3, NULL, NULL),
(790, 3, 60, '2018-05-18 08:58:48', 1, 3, NULL, NULL),
(791, 1, 61, '2018-05-18 08:58:48', 1, 3, NULL, NULL),
(792, 2, 61, '2018-05-18 08:58:48', 1, 3, NULL, NULL),
(793, 3, 61, '2018-05-18 08:58:48', 1, 3, NULL, NULL),
(794, 1, 62, '2018-05-18 08:58:48', 1, 3, NULL, NULL),
(795, 2, 62, '2018-05-18 08:58:48', 1, 3, NULL, NULL),
(796, 3, 62, '2018-05-18 08:58:48', 1, 3, NULL, NULL),
(797, 1, 63, '2018-05-18 08:58:48', 1, 3, NULL, NULL),
(798, 2, 63, '2018-05-18 08:58:48', 1, 3, NULL, NULL),
(799, 3, 63, '2018-05-18 08:58:48', 1, 3, NULL, NULL),
(800, 1, 64, '2018-05-18 08:58:48', 1, 3, NULL, NULL),
(801, 2, 64, '2018-05-18 08:58:48', 1, 3, NULL, NULL),
(802, 3, 64, '2018-05-18 08:58:48', 1, 3, NULL, NULL),
(803, 1, 69, '2018-05-18 08:58:48', 1, 3, NULL, NULL),
(804, 2, 69, '2018-05-18 08:58:48', 1, 3, NULL, NULL),
(805, 3, 69, '2018-05-18 08:58:48', 1, 3, NULL, NULL),
(806, 1, 70, '2018-05-18 08:58:48', 1, 3, NULL, NULL),
(807, 2, 70, '2018-05-18 08:58:48', 1, 3, NULL, NULL),
(808, 3, 70, '2018-05-18 08:58:48', 1, 3, NULL, NULL),
(809, 1, 72, '2018-05-18 08:58:48', 1, 3, NULL, NULL),
(810, 2, 72, '2018-05-18 08:58:48', 1, 3, NULL, NULL),
(811, 3, 72, '2018-05-18 08:58:48', 1, 3, NULL, NULL),
(812, 1, 73, '2018-05-18 08:58:48', 1, 3, NULL, NULL),
(813, 2, 73, '2018-05-18 08:58:48', 1, 3, NULL, NULL),
(814, 3, 73, '2018-05-18 08:58:48', 1, 3, NULL, NULL),
(815, 1, 74, '2018-05-18 08:58:48', 1, 3, NULL, NULL),
(816, 2, 74, '2018-05-18 08:58:48', 1, 3, NULL, NULL),
(817, 3, 74, '2018-05-18 08:58:48', 1, 3, NULL, NULL),
(818, 1, 75, '2018-05-18 08:58:48', 1, 3, NULL, NULL),
(819, 2, 75, '2018-05-18 08:58:48', 1, 3, NULL, NULL),
(820, 3, 75, '2018-05-18 08:58:48', 1, 3, NULL, NULL),
(821, 1, 76, '2018-05-18 08:58:48', 1, 3, NULL, NULL),
(822, 2, 76, '2018-05-18 08:58:48', 1, 3, NULL, NULL),
(823, 3, 76, '2018-05-18 08:58:48', 1, 3, NULL, NULL),
(824, 1, 77, '2018-05-18 08:58:48', 1, 3, NULL, NULL),
(825, 2, 77, '2018-05-18 08:58:48', 1, 3, NULL, NULL),
(826, 3, 77, '2018-05-18 08:58:48', 1, 3, NULL, NULL),
(827, 1, 78, '2018-05-18 08:58:48', 1, 3, NULL, NULL),
(828, 2, 78, '2018-05-18 08:58:48', 1, 3, NULL, NULL),
(829, 3, 78, '2018-05-18 08:58:48', 1, 3, NULL, NULL),
(830, 1, 80, '2018-05-18 08:58:48', 1, 3, NULL, NULL),
(831, 2, 80, '2018-05-18 08:58:48', 1, 3, NULL, NULL),
(832, 3, 80, '2018-05-18 08:58:48', 1, 3, NULL, NULL),
(833, 1, 87, '2018-05-18 08:58:48', 1, 3, NULL, NULL),
(834, 2, 87, '2018-05-18 08:58:48', 1, 3, NULL, NULL),
(835, 3, 87, '2018-05-18 08:58:48', 1, 3, NULL, NULL),
(836, 1, 95, '2018-05-18 08:58:48', 1, 3, NULL, NULL),
(837, 2, 95, '2018-05-18 08:58:48', 1, 3, NULL, NULL),
(838, 3, 95, '2018-05-18 08:58:48', 1, 3, NULL, NULL),
(839, 1, 96, '2018-05-18 08:58:48', 1, 3, NULL, NULL),
(840, 2, 96, '2018-05-18 08:58:48', 1, 3, NULL, NULL),
(841, 3, 96, '2018-05-18 08:58:48', 1, 3, NULL, NULL),
(842, 1, 97, '2018-05-18 08:58:48', 1, 3, NULL, NULL),
(843, 2, 97, '2018-05-18 08:58:48', 1, 3, NULL, NULL),
(844, 3, 97, '2018-05-18 08:58:48', 1, 3, NULL, NULL),
(845, 1, 105, '2018-05-18 08:58:48', 1, 3, NULL, NULL),
(846, 2, 105, '2018-05-18 08:58:48', 1, 3, NULL, NULL),
(847, 3, 105, '2018-05-18 08:58:48', 1, 3, NULL, NULL),
(848, 1, 106, '2018-05-18 08:58:48', 1, 3, NULL, NULL),
(849, 2, 106, '2018-05-18 08:58:48', 1, 3, NULL, NULL),
(850, 3, 106, '2018-05-18 08:58:48', 1, 3, NULL, NULL),
(857, 1, 111, '2018-05-18 08:58:48', 1, 3, NULL, NULL),
(858, 2, 111, '2018-05-18 08:58:48', 1, 3, NULL, NULL),
(859, 3, 111, '2018-05-18 08:58:48', 1, 3, NULL, NULL),
(863, 1, 115, '2018-05-18 08:58:48', 1, 3, NULL, NULL),
(864, 2, 115, '2018-05-18 08:58:48', 1, 3, NULL, NULL),
(865, 3, 115, '2018-05-18 08:58:48', 1, 3, NULL, NULL),
(866, 1, 151, '2018-05-18 08:58:48', 1, 3, NULL, NULL),
(867, 2, 151, '2018-05-18 08:58:48', 1, 3, NULL, NULL),
(868, 3, 151, '2018-05-18 08:58:48', 1, 3, NULL, NULL),
(869, 1, 155, '2018-05-18 08:58:48', 1, 3, NULL, NULL),
(870, 2, 155, '2018-05-18 08:58:48', 1, 3, NULL, NULL),
(871, 3, 155, '2018-05-18 08:58:48', 1, 3, NULL, NULL),
(872, 4, 7, '2018-05-21 06:46:24', 1, 3, NULL, NULL),
(873, 5, 7, '2018-05-21 06:46:24', 1, 3, NULL, NULL),
(874, 8, 7, '2018-05-21 06:46:24', 1, 3, NULL, NULL),
(875, 9, 7, '2018-05-21 06:46:24', 1, 3, NULL, NULL),
(876, 19, 7, '2018-05-21 06:46:24', 1, 3, NULL, NULL),
(877, 1, 7, '2018-05-21 06:46:24', 1, 3, NULL, NULL),
(878, 2, 7, '2018-05-21 06:46:24', 1, 3, NULL, NULL),
(879, 3, 7, '2018-05-21 06:46:24', 1, 3, NULL, NULL),
(880, 4, 25, '2018-05-21 06:50:28', 1, 3, NULL, NULL),
(881, 5, 25, '2018-05-21 06:50:28', 1, 3, NULL, NULL),
(882, 8, 25, '2018-05-21 06:50:28', 1, 3, NULL, NULL),
(883, 9, 25, '2018-05-21 06:50:28', 1, 3, NULL, NULL),
(884, 1, 25, '2018-05-21 06:50:28', 1, 3, NULL, NULL),
(885, 2, 25, '2018-05-21 06:50:28', 1, 3, NULL, NULL),
(886, 3, 25, '2018-05-21 06:50:28', 1, 3, NULL, NULL),
(887, 4, 12, '2018-05-21 06:55:26', 1, 3, NULL, NULL),
(888, 5, 12, '2018-05-21 06:55:26', 1, 3, NULL, NULL),
(889, 8, 12, '2018-05-21 06:55:26', 1, 3, NULL, NULL),
(890, 9, 12, '2018-05-21 06:55:26', 1, 3, NULL, NULL),
(891, 19, 12, '2018-05-21 06:55:26', 1, 3, NULL, NULL),
(892, 1, 12, '2018-05-21 06:55:26', 1, 3, NULL, NULL),
(893, 2, 12, '2018-05-21 06:55:26', 1, 3, NULL, NULL),
(894, 3, 12, '2018-05-21 06:55:26', 1, 3, NULL, NULL),
(895, 5, 13, '2018-05-30 07:43:42', 1, 3, NULL, NULL),
(896, 6, 13, '2018-05-30 07:43:42', 1, 3, NULL, NULL),
(897, 7, 13, '2018-05-30 07:43:42', 1, 3, NULL, NULL),
(898, 9, 13, '2018-05-30 07:43:42', 1, 3, NULL, NULL),
(899, 19, 13, '2018-05-30 07:43:42', 1, 3, NULL, NULL),
(900, 4, 18, '2018-05-30 07:43:42', 1, 3, NULL, NULL),
(901, 5, 18, '2018-05-30 07:43:42', 1, 3, NULL, NULL),
(902, 7, 18, '2018-05-30 07:43:42', 1, 3, NULL, NULL),
(903, 9, 18, '2018-05-30 07:43:42', 1, 3, NULL, NULL),
(904, 19, 18, '2018-05-30 07:43:42', 1, 3, NULL, NULL),
(905, 5, 15, '2018-05-30 07:43:42', 1, 3, NULL, NULL),
(906, 6, 15, '2018-05-30 07:43:42', 1, 3, NULL, NULL),
(907, 7, 15, '2018-05-30 07:43:42', 1, 3, NULL, NULL),
(908, 13, 15, '2018-05-30 07:43:42', 1, 3, NULL, NULL),
(909, 5, 14, '2018-05-30 07:43:42', 1, 3, NULL, NULL),
(910, 6, 14, '2018-05-30 07:43:42', 1, 3, NULL, NULL),
(911, 7, 14, '2018-05-30 07:43:42', 1, 3, NULL, NULL),
(912, 9, 14, '2018-05-30 07:43:42', 1, 3, NULL, NULL),
(913, 19, 14, '2018-05-30 07:43:42', 1, 3, NULL, NULL),
(914, 5, 19, '2018-05-30 07:43:42', 1, 3, NULL, NULL),
(915, 6, 19, '2018-05-30 07:43:42', 1, 3, NULL, NULL),
(916, 8, 19, '2018-05-30 07:43:42', 1, 3, NULL, NULL),
(917, 9, 19, '2018-05-30 07:43:42', 1, 3, NULL, NULL),
(918, 19, 19, '2018-05-30 07:43:42', 1, 3, NULL, NULL),
(919, 1, 13, '2018-05-30 07:43:42', 1, 3, NULL, NULL),
(920, 2, 13, '2018-05-30 07:43:42', 1, 3, NULL, NULL),
(921, 3, 13, '2018-05-30 07:43:42', 1, 3, NULL, NULL),
(922, 1, 18, '2018-05-30 07:43:42', 1, 3, NULL, NULL),
(923, 2, 18, '2018-05-30 07:43:42', 1, 3, NULL, NULL),
(924, 3, 18, '2018-05-30 07:43:42', 1, 3, NULL, NULL),
(925, 1, 15, '2018-05-30 07:43:42', 1, 3, NULL, NULL),
(926, 2, 15, '2018-05-30 07:43:42', 1, 3, NULL, NULL),
(927, 3, 15, '2018-05-30 07:43:42', 1, 3, NULL, NULL),
(928, 1, 14, '2018-05-30 07:43:42', 1, 3, NULL, NULL),
(929, 2, 14, '2018-05-30 07:43:42', 1, 3, NULL, NULL),
(930, 3, 14, '2018-05-30 07:43:42', 1, 3, NULL, NULL),
(931, 1, 19, '2018-05-30 07:43:42', 1, 3, NULL, NULL),
(932, 2, 19, '2018-05-30 07:43:42', 1, 3, NULL, NULL),
(933, 3, 19, '2018-05-30 07:43:42', 1, 3, NULL, NULL),
(934, 5, 121, '2018-06-04 09:00:15', 1, 3, NULL, NULL),
(935, 6, 121, '2018-06-04 09:00:15', 1, 3, NULL, NULL),
(936, 7, 121, '2018-06-04 09:00:15', 1, 3, NULL, NULL),
(937, 9, 121, '2018-06-04 09:00:15', 1, 3, NULL, NULL),
(938, 19, 121, '2018-06-04 09:00:15', 1, 3, NULL, NULL),
(939, 1, 121, '2018-06-04 09:00:15', 1, 3, NULL, NULL),
(940, 2, 121, '2018-06-04 09:00:15', 1, 3, NULL, NULL),
(941, 3, 121, '2018-06-04 09:00:15', 1, 3, NULL, NULL),
(942, 4, 148, '2018-07-17 12:07:55', 1, 1, NULL, NULL),
(943, 5, 148, '2018-07-17 12:07:55', 1, 1, NULL, NULL),
(944, 6, 148, '2018-07-17 12:07:55', 1, 1, NULL, NULL),
(945, 1, 148, '2018-07-17 12:07:55', 1, 1, NULL, NULL),
(946, 2, 148, '2018-07-17 12:07:55', 1, 1, NULL, NULL),
(947, 3, 148, '2018-07-17 12:07:55', 1, 1, NULL, NULL);

-- --------------------------------------------------------

--
-- Table structure for table `selectedmacheosubjects`
--

CREATE TABLE `selectedmacheosubjects` (
  `selectAutoId` int(10) NOT NULL,
  `selectSubjectId` int(10) NOT NULL,
  `selectMenteeId` int(10) NOT NULL,
  `selectUpdated` timestamp NOT NULL DEFAULT CURRENT_TIMESTAMP ON UPDATE CURRENT_TIMESTAMP,
  `creating_user_group_id` int(5) NOT NULL,
  `creating_user_id` int(10) NOT NULL,
  `last_update_user_id` int(10) DEFAULT NULL,
  `last_update_user_group_id` int(10) DEFAULT NULL
) ENGINE=InnoDB DEFAULT CHARSET=latin1 ROW_FORMAT=COMPACT;

--
-- Dumping data for table `selectedmacheosubjects`
--

INSERT INTO `selectedmacheosubjects` (`selectAutoId`, `selectSubjectId`, `selectMenteeId`, `selectUpdated`, `creating_user_group_id`, `creating_user_id`, `last_update_user_id`, `last_update_user_group_id`) VALUES
(1, 4, 27, '2018-05-15 06:08:47', 1, 3, NULL, NULL),
(2, 5, 27, '2018-05-15 06:08:47', 1, 3, NULL, NULL),
(3, 6, 27, '2018-05-15 06:08:47', 1, 3, NULL, NULL),
(4, 1, 27, '2018-05-15 06:08:47', 1, 3, NULL, NULL),
(5, 2, 27, '2018-05-15 06:08:47', 1, 3, NULL, NULL),
(6, 3, 27, '2018-05-15 06:08:47', 1, 3, NULL, NULL),
(7, 4, 46, '2018-05-15 06:12:00', 1, 3, NULL, NULL),
(8, 5, 46, '2018-05-15 06:12:00', 1, 3, NULL, NULL),
(9, 1, 46, '2018-05-15 06:12:00', 1, 3, NULL, NULL),
(10, 2, 46, '2018-05-15 06:12:00', 1, 3, NULL, NULL),
(11, 3, 46, '2018-05-15 06:12:00', 1, 3, NULL, NULL),
(12, 4, 24, '2018-05-15 06:29:33', 1, 3, NULL, NULL),
(13, 5, 24, '2018-05-15 06:29:33', 1, 3, NULL, NULL),
(14, 5, 85, '2018-05-15 06:29:33', 1, 3, NULL, NULL),
(15, 6, 85, '2018-05-15 06:29:33', 1, 3, NULL, NULL),
(16, 4, 94, '2018-05-15 06:29:33', 1, 3, NULL, NULL),
(17, 5, 94, '2018-05-15 06:29:33', 1, 3, NULL, NULL),
(18, 4, 102, '2018-05-15 06:29:33', 1, 3, NULL, NULL),
(19, 5, 102, '2018-05-15 06:29:33', 1, 3, NULL, NULL),
(20, 4, 103, '2018-05-15 06:29:33', 1, 3, NULL, NULL),
(21, 5, 103, '2018-05-15 06:29:33', 1, 3, NULL, NULL),
(22, 6, 103, '2018-05-15 06:29:33', 1, 3, NULL, NULL),
(23, 4, 109, '2018-05-15 06:29:33', 1, 3, NULL, NULL),
(24, 5, 109, '2018-05-15 06:29:33', 1, 3, NULL, NULL),
(25, 4, 110, '2018-05-15 06:29:33', 1, 3, NULL, NULL),
(26, 5, 110, '2018-05-15 06:29:33', 1, 3, NULL, NULL),
(27, 4, 139, '2018-05-15 06:29:33', 1, 3, NULL, NULL),
(28, 5, 139, '2018-05-15 06:29:33', 1, 3, NULL, NULL),
(29, 4, 142, '2018-05-15 06:29:33', 1, 3, NULL, NULL),
(30, 5, 142, '2018-05-15 06:29:33', 1, 3, NULL, NULL),
(31, 4, 143, '2018-05-15 06:29:33', 1, 3, NULL, NULL),
(32, 5, 143, '2018-05-15 06:29:33', 1, 3, NULL, NULL),
(33, 1, 24, '2018-05-15 06:29:33', 1, 3, NULL, NULL),
(34, 2, 24, '2018-05-15 06:29:33', 1, 3, NULL, NULL),
(35, 3, 24, '2018-05-15 06:29:33', 1, 3, NULL, NULL),
(36, 1, 85, '2018-05-15 06:29:33', 1, 3, NULL, NULL),
(37, 2, 85, '2018-05-15 06:29:33', 1, 3, NULL, NULL),
(38, 3, 85, '2018-05-15 06:29:33', 1, 3, NULL, NULL),
(39, 1, 94, '2018-05-15 06:29:33', 1, 3, NULL, NULL),
(40, 2, 94, '2018-05-15 06:29:33', 1, 3, NULL, NULL),
(41, 3, 94, '2018-05-15 06:29:33', 1, 3, NULL, NULL),
(42, 1, 102, '2018-05-15 06:29:33', 1, 3, NULL, NULL),
(43, 2, 102, '2018-05-15 06:29:33', 1, 3, NULL, NULL),
(44, 3, 102, '2018-05-15 06:29:33', 1, 3, NULL, NULL),
(45, 1, 103, '2018-05-15 06:29:33', 1, 3, NULL, NULL),
(46, 2, 103, '2018-05-15 06:29:33', 1, 3, NULL, NULL),
(47, 3, 103, '2018-05-15 06:29:33', 1, 3, NULL, NULL),
(48, 1, 109, '2018-05-15 06:29:33', 1, 3, NULL, NULL),
(49, 2, 109, '2018-05-15 06:29:33', 1, 3, NULL, NULL),
(50, 3, 109, '2018-05-15 06:29:33', 1, 3, NULL, NULL),
(51, 1, 110, '2018-05-15 06:29:33', 1, 3, NULL, NULL),
(52, 2, 110, '2018-05-15 06:29:33', 1, 3, NULL, NULL),
(53, 3, 110, '2018-05-15 06:29:33', 1, 3, NULL, NULL),
(54, 1, 139, '2018-05-15 06:29:33', 1, 3, NULL, NULL),
(55, 2, 139, '2018-05-15 06:29:33', 1, 3, NULL, NULL),
(56, 3, 139, '2018-05-15 06:29:33', 1, 3, NULL, NULL),
(57, 1, 142, '2018-05-15 06:29:33', 1, 3, NULL, NULL),
(58, 2, 142, '2018-05-15 06:29:33', 1, 3, NULL, NULL),
(59, 3, 142, '2018-05-15 06:29:33', 1, 3, NULL, NULL),
(60, 1, 143, '2018-05-15 06:29:33', 1, 3, NULL, NULL),
(61, 2, 143, '2018-05-15 06:29:33', 1, 3, NULL, NULL),
(62, 3, 143, '2018-05-15 06:29:33', 1, 3, NULL, NULL),
(63, 5, 120, '2018-05-15 07:52:24', 1, 3, NULL, NULL),
(64, 6, 120, '2018-05-15 07:52:24', 1, 3, NULL, NULL),
(65, 1, 120, '2018-05-15 07:52:24', 1, 3, NULL, NULL),
(66, 2, 120, '2018-05-15 07:52:24', 1, 3, NULL, NULL),
(67, 3, 120, '2018-05-15 07:52:24', 1, 3, NULL, NULL),
(68, 5, 120, '2018-05-15 07:52:24', 1, 3, NULL, NULL),
(69, 6, 120, '2018-05-15 07:52:24', 1, 3, NULL, NULL),
(70, 1, 120, '2018-05-15 07:52:24', 1, 3, NULL, NULL),
(71, 2, 120, '2018-05-15 07:52:24', 1, 3, NULL, NULL),
(72, 3, 120, '2018-05-15 07:52:24', 1, 3, NULL, NULL),
(73, 5, 157, '2018-05-15 07:54:36', 1, 3, NULL, NULL),
(74, 6, 157, '2018-05-15 07:54:36', 1, 3, NULL, NULL),
(75, 1, 157, '2018-05-15 07:54:36', 1, 3, NULL, NULL),
(76, 2, 157, '2018-05-15 07:54:36', 1, 3, NULL, NULL),
(77, 3, 157, '2018-05-15 07:54:36', 1, 3, NULL, NULL),
(78, 4, 68, '2018-05-15 07:57:05', 1, 3, NULL, NULL),
(79, 5, 68, '2018-05-15 07:57:05', 1, 3, NULL, NULL),
(80, 6, 68, '2018-05-15 07:57:05', 1, 3, NULL, NULL),
(81, 1, 68, '2018-05-15 07:57:05', 1, 3, NULL, NULL),
(82, 2, 68, '2018-05-15 07:57:05', 1, 3, NULL, NULL),
(83, 3, 68, '2018-05-15 07:57:05', 1, 3, NULL, NULL),
(84, 4, 140, '2018-05-15 08:13:05', 1, 3, NULL, NULL),
(85, 5, 140, '2018-05-15 08:13:05', 1, 3, NULL, NULL),
(86, 4, 141, '2018-05-15 08:13:05', 1, 3, NULL, NULL),
(87, 5, 141, '2018-05-15 08:13:05', 1, 3, NULL, NULL),
(88, 4, 101, '2018-05-15 08:13:05', 1, 3, NULL, NULL),
(89, 5, 101, '2018-05-15 08:13:05', 1, 3, NULL, NULL),
(90, 5, 104, '2018-05-15 08:13:05', 1, 3, NULL, NULL),
(91, 6, 104, '2018-05-15 08:13:05', 1, 3, NULL, NULL),
(92, 1, 140, '2018-05-15 08:13:05', 1, 3, NULL, NULL),
(93, 2, 140, '2018-05-15 08:13:05', 1, 3, NULL, NULL),
(94, 3, 140, '2018-05-15 08:13:05', 1, 3, NULL, NULL),
(95, 1, 141, '2018-05-15 08:13:05', 1, 3, NULL, NULL),
(96, 2, 141, '2018-05-15 08:13:05', 1, 3, NULL, NULL),
(97, 3, 141, '2018-05-15 08:13:05', 1, 3, NULL, NULL),
(98, 1, 101, '2018-05-15 08:13:05', 1, 3, NULL, NULL),
(99, 2, 101, '2018-05-15 08:13:05', 1, 3, NULL, NULL),
(100, 3, 101, '2018-05-15 08:13:05', 1, 3, NULL, NULL),
(101, 1, 104, '2018-05-15 08:13:05', 1, 3, NULL, NULL),
(102, 2, 104, '2018-05-15 08:13:05', 1, 3, NULL, NULL),
(103, 3, 104, '2018-05-15 08:13:05', 1, 3, NULL, NULL),
(104, 5, 160, '2018-05-15 08:42:42', 1, 3, NULL, NULL),
(105, 6, 160, '2018-05-15 08:42:42', 1, 3, NULL, NULL),
(108, 4, 39, '2018-05-15 08:42:42', 1, 3, NULL, NULL),
(109, 5, 39, '2018-05-15 08:42:42', 1, 3, NULL, NULL),
(110, 4, 33, '2018-05-15 08:42:42', 1, 3, NULL, NULL),
(111, 5, 33, '2018-05-15 08:42:42', 1, 3, NULL, NULL),
(112, 4, 37, '2018-05-15 08:42:42', 1, 3, NULL, NULL),
(113, 5, 37, '2018-05-15 08:42:42', 1, 3, NULL, NULL),
(114, 5, 44, '2018-05-15 08:42:42', 1, 3, NULL, NULL),
(115, 6, 44, '2018-05-15 08:42:42', 1, 3, NULL, NULL),
(116, 4, 126, '2018-05-15 08:42:42', 1, 3, NULL, NULL),
(117, 5, 126, '2018-05-15 08:42:42', 1, 3, NULL, NULL),
(118, 4, 42, '2018-05-15 08:42:42', 1, 3, NULL, NULL),
(119, 5, 42, '2018-05-15 08:42:42', 1, 3, NULL, NULL),
(120, 5, 43, '2018-05-15 08:42:42', 1, 3, NULL, NULL),
(121, 6, 43, '2018-05-15 08:42:42', 1, 3, NULL, NULL),
(122, 4, 38, '2018-05-15 08:42:42', 1, 3, NULL, NULL),
(123, 5, 38, '2018-05-15 08:42:42', 1, 3, NULL, NULL),
(124, 5, 84, '2018-05-15 08:42:42', 1, 3, NULL, NULL),
(125, 6, 84, '2018-05-15 08:42:42', 1, 3, NULL, NULL),
(126, 1, 160, '2018-05-15 08:42:42', 1, 3, NULL, NULL),
(127, 2, 160, '2018-05-15 08:42:42', 1, 3, NULL, NULL),
(128, 3, 160, '2018-05-15 08:42:42', 1, 3, NULL, NULL),
(132, 1, 39, '2018-05-15 08:42:42', 1, 3, NULL, NULL),
(133, 2, 39, '2018-05-15 08:42:42', 1, 3, NULL, NULL),
(134, 3, 39, '2018-05-15 08:42:42', 1, 3, NULL, NULL),
(135, 1, 33, '2018-05-15 08:42:42', 1, 3, NULL, NULL),
(136, 2, 33, '2018-05-15 08:42:42', 1, 3, NULL, NULL),
(137, 3, 33, '2018-05-15 08:42:42', 1, 3, NULL, NULL),
(138, 1, 37, '2018-05-15 08:42:42', 1, 3, NULL, NULL),
(139, 2, 37, '2018-05-15 08:42:42', 1, 3, NULL, NULL),
(140, 3, 37, '2018-05-15 08:42:42', 1, 3, NULL, NULL),
(141, 1, 44, '2018-05-15 08:42:42', 1, 3, NULL, NULL),
(142, 2, 44, '2018-05-15 08:42:42', 1, 3, NULL, NULL),
(143, 3, 44, '2018-05-15 08:42:42', 1, 3, NULL, NULL),
(144, 1, 126, '2018-05-15 08:42:42', 1, 3, NULL, NULL),
(145, 2, 126, '2018-05-15 08:42:42', 1, 3, NULL, NULL),
(146, 3, 126, '2018-05-15 08:42:42', 1, 3, NULL, NULL),
(147, 1, 42, '2018-05-15 08:42:42', 1, 3, NULL, NULL),
(148, 2, 42, '2018-05-15 08:42:42', 1, 3, NULL, NULL),
(149, 3, 42, '2018-05-15 08:42:42', 1, 3, NULL, NULL),
(150, 1, 43, '2018-05-15 08:42:42', 1, 3, NULL, NULL),
(151, 2, 43, '2018-05-15 08:42:42', 1, 3, NULL, NULL),
(152, 3, 43, '2018-05-15 08:42:42', 1, 3, NULL, NULL),
(153, 1, 38, '2018-05-15 08:42:42', 1, 3, NULL, NULL),
(154, 2, 38, '2018-05-15 08:42:42', 1, 3, NULL, NULL),
(155, 3, 38, '2018-05-15 08:42:42', 1, 3, NULL, NULL),
(156, 1, 84, '2018-05-15 08:42:42', 1, 3, NULL, NULL),
(157, 2, 84, '2018-05-15 08:42:42', 1, 3, NULL, NULL),
(158, 3, 84, '2018-05-15 08:42:42', 1, 3, NULL, NULL),
(159, 4, 114, '2018-05-15 12:17:44', 1, 3, NULL, NULL),
(160, 5, 114, '2018-05-15 12:17:44', 1, 3, NULL, NULL),
(161, 6, 114, '2018-05-15 12:17:44', 1, 3, NULL, NULL),
(162, 4, 112, '2018-05-15 12:17:44', 1, 3, NULL, NULL),
(163, 5, 112, '2018-05-15 12:17:44', 1, 3, NULL, NULL),
(164, 6, 112, '2018-05-15 12:17:44', 1, 3, NULL, NULL),
(165, 4, 65, '2018-05-15 12:17:44', 1, 3, NULL, NULL),
(166, 5, 65, '2018-05-15 12:17:44', 1, 3, NULL, NULL),
(167, 6, 65, '2018-05-15 12:17:44', 1, 3, NULL, NULL),
(168, 4, 67, '2018-05-15 12:17:44', 1, 3, NULL, NULL),
(169, 5, 67, '2018-05-15 12:17:44', 1, 3, NULL, NULL),
(170, 6, 67, '2018-05-15 12:17:44', 1, 3, NULL, NULL),
(171, 4, 71, '2018-05-15 12:17:44', 1, 3, NULL, NULL),
(172, 5, 71, '2018-05-15 12:17:44', 1, 3, NULL, NULL),
(173, 6, 71, '2018-05-15 12:17:44', 1, 3, NULL, NULL),
(174, 4, 117, '2018-05-15 12:17:44', 1, 3, NULL, NULL),
(175, 5, 117, '2018-05-15 12:17:44', 1, 3, NULL, NULL),
(176, 6, 117, '2018-05-15 12:17:44', 1, 3, NULL, NULL),
(177, 4, 116, '2018-05-15 12:17:44', 1, 3, NULL, NULL),
(178, 5, 116, '2018-05-15 12:17:44', 1, 3, NULL, NULL),
(179, 6, 116, '2018-05-15 12:17:44', 1, 3, NULL, NULL),
(180, 4, 66, '2018-05-15 12:17:44', 1, 3, NULL, NULL),
(181, 5, 66, '2018-05-15 12:17:44', 1, 3, NULL, NULL),
(182, 6, 66, '2018-05-15 12:17:44', 1, 3, NULL, NULL),
(183, 1, 114, '2018-05-15 12:17:44', 1, 3, NULL, NULL),
(184, 2, 114, '2018-05-15 12:17:44', 1, 3, NULL, NULL),
(185, 3, 114, '2018-05-15 12:17:44', 1, 3, NULL, NULL),
(186, 1, 112, '2018-05-15 12:17:44', 1, 3, NULL, NULL),
(187, 2, 112, '2018-05-15 12:17:44', 1, 3, NULL, NULL),
(188, 3, 112, '2018-05-15 12:17:44', 1, 3, NULL, NULL),
(189, 1, 65, '2018-05-15 12:17:44', 1, 3, NULL, NULL),
(190, 2, 65, '2018-05-15 12:17:44', 1, 3, NULL, NULL),
(191, 3, 65, '2018-05-15 12:17:44', 1, 3, NULL, NULL),
(192, 1, 67, '2018-05-15 12:17:44', 1, 3, NULL, NULL),
(193, 2, 67, '2018-05-15 12:17:44', 1, 3, NULL, NULL),
(194, 3, 67, '2018-05-15 12:17:44', 1, 3, NULL, NULL),
(195, 1, 71, '2018-05-15 12:17:44', 1, 3, NULL, NULL),
(196, 2, 71, '2018-05-15 12:17:44', 1, 3, NULL, NULL),
(197, 3, 71, '2018-05-15 12:17:44', 1, 3, NULL, NULL),
(198, 1, 117, '2018-05-15 12:17:44', 1, 3, NULL, NULL),
(199, 2, 117, '2018-05-15 12:17:44', 1, 3, NULL, NULL),
(200, 3, 117, '2018-05-15 12:17:44', 1, 3, NULL, NULL),
(201, 1, 116, '2018-05-15 12:17:44', 1, 3, NULL, NULL),
(202, 2, 116, '2018-05-15 12:17:44', 1, 3, NULL, NULL),
(203, 3, 116, '2018-05-15 12:17:44', 1, 3, NULL, NULL),
(204, 1, 66, '2018-05-15 12:17:44', 1, 3, NULL, NULL),
(205, 2, 66, '2018-05-15 12:17:44', 1, 3, NULL, NULL),
(206, 3, 66, '2018-05-15 12:17:44', 1, 3, NULL, NULL),
(207, 4, 17, '2018-05-15 12:29:10', 1, 3, NULL, NULL),
(208, 5, 17, '2018-05-15 12:29:10', 1, 3, NULL, NULL),
(209, 4, 145, '2018-05-15 12:29:10', 1, 3, NULL, NULL),
(210, 5, 145, '2018-05-15 12:29:10', 1, 3, NULL, NULL),
(211, 5, 158, '2018-05-15 12:29:10', 1, 3, NULL, NULL),
(212, 6, 158, '2018-05-15 12:29:10', 1, 3, NULL, NULL),
(213, 4, 34, '2018-05-15 12:29:10', 1, 3, NULL, NULL),
(214, 5, 34, '2018-05-15 12:29:10', 1, 3, NULL, NULL),
(215, 4, 147, '2018-05-15 12:29:10', 1, 3, NULL, NULL),
(216, 5, 147, '2018-05-15 12:29:10', 1, 3, NULL, NULL),
(219, 5, 40, '2018-05-15 12:29:10', 1, 3, NULL, NULL),
(220, 6, 40, '2018-05-15 12:29:10', 1, 3, NULL, NULL),
(221, 4, 129, '2018-05-15 12:29:10', 1, 3, NULL, NULL),
(222, 5, 129, '2018-05-15 12:29:10', 1, 3, NULL, NULL),
(223, 1, 17, '2018-05-15 12:29:10', 1, 3, NULL, NULL),
(224, 2, 17, '2018-05-15 12:29:10', 1, 3, NULL, NULL),
(225, 3, 17, '2018-05-15 12:29:10', 1, 3, NULL, NULL),
(226, 1, 145, '2018-05-15 12:29:10', 1, 3, NULL, NULL),
(227, 2, 145, '2018-05-15 12:29:10', 1, 3, NULL, NULL),
(228, 3, 145, '2018-05-15 12:29:10', 1, 3, NULL, NULL),
(229, 1, 158, '2018-05-15 12:29:10', 1, 3, NULL, NULL),
(230, 2, 158, '2018-05-15 12:29:10', 1, 3, NULL, NULL),
(231, 3, 158, '2018-05-15 12:29:10', 1, 3, NULL, NULL),
(232, 1, 34, '2018-05-15 12:29:10', 1, 3, NULL, NULL),
(233, 2, 34, '2018-05-15 12:29:10', 1, 3, NULL, NULL),
(234, 3, 34, '2018-05-15 12:29:10', 1, 3, NULL, NULL),
(235, 1, 147, '2018-05-15 12:29:10', 1, 3, NULL, NULL),
(236, 2, 147, '2018-05-15 12:29:10', 1, 3, NULL, NULL),
(237, 3, 147, '2018-05-15 12:29:10', 1, 3, NULL, NULL),
(241, 1, 40, '2018-05-15 12:29:10', 1, 3, NULL, NULL),
(242, 2, 40, '2018-05-15 12:29:10', 1, 3, NULL, NULL),
(243, 3, 40, '2018-05-15 12:29:10', 1, 3, NULL, NULL),
(244, 1, 129, '2018-05-15 12:29:10', 1, 3, NULL, NULL),
(245, 2, 129, '2018-05-15 12:29:10', 1, 3, NULL, NULL),
(246, 3, 129, '2018-05-15 12:29:10', 1, 3, NULL, NULL),
(252, 5, 162, '2018-05-15 13:28:33', 1, 3, NULL, NULL),
(253, 6, 162, '2018-05-15 13:28:33', 1, 3, NULL, NULL),
(254, 1, 162, '2018-05-15 13:28:33', 1, 3, NULL, NULL),
(255, 2, 162, '2018-05-15 13:28:33', 1, 3, NULL, NULL),
(256, 3, 162, '2018-05-15 13:28:33', 1, 3, NULL, NULL),
(262, 4, 47, '2018-05-18 08:58:48', 1, 3, NULL, NULL),
(263, 5, 47, '2018-05-18 08:58:48', 1, 3, NULL, NULL),
(264, 6, 47, '2018-05-18 08:58:48', 1, 3, NULL, NULL),
(265, 4, 48, '2018-05-18 08:58:48', 1, 3, NULL, NULL),
(266, 5, 48, '2018-05-18 08:58:48', 1, 3, NULL, NULL),
(267, 6, 48, '2018-05-18 08:58:48', 1, 3, NULL, NULL),
(268, 4, 49, '2018-05-18 08:58:48', 1, 3, NULL, NULL),
(269, 5, 49, '2018-05-18 08:58:48', 1, 3, NULL, NULL),
(270, 6, 49, '2018-05-18 08:58:48', 1, 3, NULL, NULL),
(271, 4, 50, '2018-05-18 08:58:48', 1, 3, NULL, NULL),
(272, 5, 50, '2018-05-18 08:58:48', 1, 3, NULL, NULL),
(273, 6, 50, '2018-05-18 08:58:48', 1, 3, NULL, NULL),
(274, 4, 51, '2018-05-18 08:58:48', 1, 3, NULL, NULL),
(275, 5, 51, '2018-05-18 08:58:48', 1, 3, NULL, NULL),
(276, 6, 51, '2018-05-18 08:58:48', 1, 3, NULL, NULL),
(277, 4, 52, '2018-05-18 08:58:48', 1, 3, NULL, NULL),
(278, 5, 52, '2018-05-18 08:58:48', 1, 3, NULL, NULL),
(279, 6, 52, '2018-05-18 08:58:48', 1, 3, NULL, NULL),
(280, 4, 53, '2018-05-18 08:58:48', 1, 3, NULL, NULL),
(281, 5, 53, '2018-05-18 08:58:48', 1, 3, NULL, NULL),
(282, 6, 53, '2018-05-18 08:58:48', 1, 3, NULL, NULL),
(283, 4, 54, '2018-05-18 08:58:48', 1, 3, NULL, NULL),
(284, 5, 54, '2018-05-18 08:58:48', 1, 3, NULL, NULL),
(285, 6, 54, '2018-05-18 08:58:48', 1, 3, NULL, NULL),
(286, 4, 55, '2018-05-18 08:58:48', 1, 3, NULL, NULL),
(287, 5, 55, '2018-05-18 08:58:48', 1, 3, NULL, NULL),
(288, 6, 55, '2018-05-18 08:58:48', 1, 3, NULL, NULL),
(289, 4, 56, '2018-05-18 08:58:48', 1, 3, NULL, NULL),
(290, 5, 56, '2018-05-18 08:58:48', 1, 3, NULL, NULL),
(291, 6, 56, '2018-05-18 08:58:48', 1, 3, NULL, NULL),
(292, 4, 57, '2018-05-18 08:58:48', 1, 3, NULL, NULL),
(293, 5, 57, '2018-05-18 08:58:48', 1, 3, NULL, NULL),
(294, 6, 57, '2018-05-18 08:58:48', 1, 3, NULL, NULL),
(295, 4, 58, '2018-05-18 08:58:48', 1, 3, NULL, NULL),
(296, 5, 58, '2018-05-18 08:58:48', 1, 3, NULL, NULL),
(297, 6, 58, '2018-05-18 08:58:48', 1, 3, NULL, NULL),
(298, 4, 59, '2018-05-18 08:58:48', 1, 3, NULL, NULL),
(299, 5, 59, '2018-05-18 08:58:48', 1, 3, NULL, NULL),
(300, 6, 59, '2018-05-18 08:58:48', 1, 3, NULL, NULL),
(301, 4, 60, '2018-05-18 08:58:48', 1, 3, NULL, NULL),
(302, 5, 60, '2018-05-18 08:58:48', 1, 3, NULL, NULL),
(303, 6, 60, '2018-05-18 08:58:48', 1, 3, NULL, NULL),
(304, 4, 61, '2018-05-18 08:58:48', 1, 3, NULL, NULL),
(305, 5, 61, '2018-05-18 08:58:48', 1, 3, NULL, NULL),
(306, 6, 61, '2018-05-18 08:58:48', 1, 3, NULL, NULL),
(307, 4, 62, '2018-05-18 08:58:48', 1, 3, NULL, NULL),
(308, 5, 62, '2018-05-18 08:58:48', 1, 3, NULL, NULL),
(309, 6, 62, '2018-05-18 08:58:48', 1, 3, NULL, NULL),
(310, 4, 63, '2018-05-18 08:58:48', 1, 3, NULL, NULL),
(311, 5, 63, '2018-05-18 08:58:48', 1, 3, NULL, NULL),
(312, 6, 63, '2018-05-18 08:58:48', 1, 3, NULL, NULL),
(313, 4, 64, '2018-05-18 08:58:48', 1, 3, NULL, NULL),
(314, 5, 64, '2018-05-18 08:58:48', 1, 3, NULL, NULL),
(315, 6, 64, '2018-05-18 08:58:48', 1, 3, NULL, NULL),
(316, 4, 69, '2018-05-18 08:58:48', 1, 3, NULL, NULL),
(317, 5, 69, '2018-05-18 08:58:48', 1, 3, NULL, NULL),
(318, 6, 69, '2018-05-18 08:58:48', 1, 3, NULL, NULL),
(319, 4, 70, '2018-05-18 08:58:48', 1, 3, NULL, NULL),
(320, 5, 70, '2018-05-18 08:58:48', 1, 3, NULL, NULL),
(321, 6, 70, '2018-05-18 08:58:48', 1, 3, NULL, NULL),
(322, 4, 72, '2018-05-18 08:58:48', 1, 3, NULL, NULL),
(323, 5, 72, '2018-05-18 08:58:48', 1, 3, NULL, NULL),
(324, 6, 72, '2018-05-18 08:58:48', 1, 3, NULL, NULL),
(325, 4, 73, '2018-05-18 08:58:48', 1, 3, NULL, NULL),
(326, 5, 73, '2018-05-18 08:58:48', 1, 3, NULL, NULL),
(327, 6, 73, '2018-05-18 08:58:48', 1, 3, NULL, NULL),
(328, 4, 74, '2018-05-18 08:58:48', 1, 3, NULL, NULL),
(329, 5, 74, '2018-05-18 08:58:48', 1, 3, NULL, NULL),
(330, 6, 74, '2018-05-18 08:58:48', 1, 3, NULL, NULL),
(331, 4, 75, '2018-05-18 08:58:48', 1, 3, NULL, NULL),
(332, 5, 75, '2018-05-18 08:58:48', 1, 3, NULL, NULL),
(333, 6, 75, '2018-05-18 08:58:48', 1, 3, NULL, NULL),
(334, 4, 76, '2018-05-18 08:58:48', 1, 3, NULL, NULL),
(335, 5, 76, '2018-05-18 08:58:48', 1, 3, NULL, NULL),
(336, 6, 76, '2018-05-18 08:58:48', 1, 3, NULL, NULL),
(337, 4, 77, '2018-05-18 08:58:48', 1, 3, NULL, NULL),
(338, 5, 77, '2018-05-18 08:58:48', 1, 3, NULL, NULL),
(339, 6, 77, '2018-05-18 08:58:48', 1, 3, NULL, NULL),
(340, 4, 78, '2018-05-18 08:58:48', 1, 3, NULL, NULL),
(341, 5, 78, '2018-05-18 08:58:48', 1, 3, NULL, NULL),
(342, 6, 78, '2018-05-18 08:58:48', 1, 3, NULL, NULL),
(343, 4, 80, '2018-05-18 08:58:48', 1, 3, NULL, NULL),
(344, 5, 80, '2018-05-18 08:58:48', 1, 3, NULL, NULL),
(345, 6, 80, '2018-05-18 08:58:48', 1, 3, NULL, NULL),
(346, 4, 87, '2018-05-18 08:58:48', 1, 3, NULL, NULL),
(347, 5, 87, '2018-05-18 08:58:48', 1, 3, NULL, NULL),
(348, 6, 87, '2018-05-18 08:58:48', 1, 3, NULL, NULL),
(349, 4, 95, '2018-05-18 08:58:48', 1, 3, NULL, NULL),
(350, 5, 95, '2018-05-18 08:58:48', 1, 3, NULL, NULL),
(351, 6, 95, '2018-05-18 08:58:48', 1, 3, NULL, NULL),
(352, 4, 96, '2018-05-18 08:58:48', 1, 3, NULL, NULL),
(353, 5, 96, '2018-05-18 08:58:48', 1, 3, NULL, NULL),
(354, 6, 96, '2018-05-18 08:58:48', 1, 3, NULL, NULL),
(355, 4, 97, '2018-05-18 08:58:48', 1, 3, NULL, NULL),
(356, 5, 97, '2018-05-18 08:58:48', 1, 3, NULL, NULL),
(357, 6, 97, '2018-05-18 08:58:48', 1, 3, NULL, NULL),
(358, 4, 105, '2018-05-18 08:58:48', 1, 3, NULL, NULL),
(359, 5, 105, '2018-05-18 08:58:48', 1, 3, NULL, NULL),
(360, 6, 105, '2018-05-18 08:58:48', 1, 3, NULL, NULL),
(361, 4, 106, '2018-05-18 08:58:48', 1, 3, NULL, NULL),
(362, 5, 106, '2018-05-18 08:58:48', 1, 3, NULL, NULL),
(363, 6, 106, '2018-05-18 08:58:48', 1, 3, NULL, NULL),
(370, 4, 111, '2018-05-18 08:58:48', 1, 3, NULL, NULL),
(371, 5, 111, '2018-05-18 08:58:48', 1, 3, NULL, NULL),
(372, 6, 111, '2018-05-18 08:58:48', 1, 3, NULL, NULL),
(376, 4, 115, '2018-05-18 08:58:48', 1, 3, NULL, NULL),
(377, 5, 115, '2018-05-18 08:58:48', 1, 3, NULL, NULL),
(378, 6, 115, '2018-05-18 08:58:48', 1, 3, NULL, NULL),
(379, 4, 151, '2018-05-18 08:58:48', 1, 3, NULL, NULL),
(380, 5, 151, '2018-05-18 08:58:48', 1, 3, NULL, NULL),
(381, 6, 151, '2018-05-18 08:58:48', 1, 3, NULL, NULL),
(382, 4, 155, '2018-05-18 08:58:48', 1, 3, NULL, NULL),
(383, 5, 155, '2018-05-18 08:58:48', 1, 3, NULL, NULL),
(384, 6, 155, '2018-05-18 08:58:48', 1, 3, NULL, NULL),
(385, 1, 47, '2018-05-18 08:58:48', 1, 3, NULL, NULL),
(386, 2, 47, '2018-05-18 08:58:48', 1, 3, NULL, NULL),
(387, 3, 47, '2018-05-18 08:58:48', 1, 3, NULL, NULL),
(388, 1, 48, '2018-05-18 08:58:48', 1, 3, NULL, NULL),
(389, 2, 48, '2018-05-18 08:58:48', 1, 3, NULL, NULL),
(390, 3, 48, '2018-05-18 08:58:48', 1, 3, NULL, NULL),
(391, 1, 49, '2018-05-18 08:58:48', 1, 3, NULL, NULL),
(392, 2, 49, '2018-05-18 08:58:48', 1, 3, NULL, NULL),
(393, 3, 49, '2018-05-18 08:58:48', 1, 3, NULL, NULL),
(394, 1, 50, '2018-05-18 08:58:48', 1, 3, NULL, NULL),
(395, 2, 50, '2018-05-18 08:58:48', 1, 3, NULL, NULL),
(396, 3, 50, '2018-05-18 08:58:48', 1, 3, NULL, NULL),
(397, 1, 51, '2018-05-18 08:58:48', 1, 3, NULL, NULL),
(398, 2, 51, '2018-05-18 08:58:48', 1, 3, NULL, NULL),
(399, 3, 51, '2018-05-18 08:58:48', 1, 3, NULL, NULL),
(400, 1, 52, '2018-05-18 08:58:48', 1, 3, NULL, NULL),
(401, 2, 52, '2018-05-18 08:58:48', 1, 3, NULL, NULL),
(402, 3, 52, '2018-05-18 08:58:48', 1, 3, NULL, NULL),
(403, 1, 53, '2018-05-18 08:58:48', 1, 3, NULL, NULL),
(404, 2, 53, '2018-05-18 08:58:48', 1, 3, NULL, NULL),
(405, 3, 53, '2018-05-18 08:58:48', 1, 3, NULL, NULL),
(406, 1, 54, '2018-05-18 08:58:48', 1, 3, NULL, NULL),
(407, 2, 54, '2018-05-18 08:58:48', 1, 3, NULL, NULL),
(408, 3, 54, '2018-05-18 08:58:48', 1, 3, NULL, NULL),
(409, 1, 55, '2018-05-18 08:58:48', 1, 3, NULL, NULL),
(410, 2, 55, '2018-05-18 08:58:48', 1, 3, NULL, NULL),
(411, 3, 55, '2018-05-18 08:58:48', 1, 3, NULL, NULL),
(412, 1, 56, '2018-05-18 08:58:48', 1, 3, NULL, NULL),
(413, 2, 56, '2018-05-18 08:58:48', 1, 3, NULL, NULL),
(414, 3, 56, '2018-05-18 08:58:48', 1, 3, NULL, NULL),
(415, 1, 57, '2018-05-18 08:58:48', 1, 3, NULL, NULL),
(416, 2, 57, '2018-05-18 08:58:48', 1, 3, NULL, NULL),
(417, 3, 57, '2018-05-18 08:58:48', 1, 3, NULL, NULL),
(418, 1, 58, '2018-05-18 08:58:48', 1, 3, NULL, NULL),
(419, 2, 58, '2018-05-18 08:58:48', 1, 3, NULL, NULL),
(420, 3, 58, '2018-05-18 08:58:48', 1, 3, NULL, NULL),
(421, 1, 59, '2018-05-18 08:58:48', 1, 3, NULL, NULL),
(422, 2, 59, '2018-05-18 08:58:48', 1, 3, NULL, NULL),
(423, 3, 59, '2018-05-18 08:58:48', 1, 3, NULL, NULL),
(424, 1, 60, '2018-05-18 08:58:48', 1, 3, NULL, NULL),
(425, 2, 60, '2018-05-18 08:58:48', 1, 3, NULL, NULL),
(426, 3, 60, '2018-05-18 08:58:48', 1, 3, NULL, NULL),
(427, 1, 61, '2018-05-18 08:58:48', 1, 3, NULL, NULL),
(428, 2, 61, '2018-05-18 08:58:48', 1, 3, NULL, NULL),
(429, 3, 61, '2018-05-18 08:58:48', 1, 3, NULL, NULL),
(430, 1, 62, '2018-05-18 08:58:48', 1, 3, NULL, NULL),
(431, 2, 62, '2018-05-18 08:58:48', 1, 3, NULL, NULL),
(432, 3, 62, '2018-05-18 08:58:48', 1, 3, NULL, NULL),
(433, 1, 63, '2018-05-18 08:58:48', 1, 3, NULL, NULL),
(434, 2, 63, '2018-05-18 08:58:48', 1, 3, NULL, NULL),
(435, 3, 63, '2018-05-18 08:58:48', 1, 3, NULL, NULL),
(436, 1, 64, '2018-05-18 08:58:48', 1, 3, NULL, NULL),
(437, 2, 64, '2018-05-18 08:58:48', 1, 3, NULL, NULL),
(438, 3, 64, '2018-05-18 08:58:48', 1, 3, NULL, NULL),
(439, 1, 69, '2018-05-18 08:58:48', 1, 3, NULL, NULL),
(440, 2, 69, '2018-05-18 08:58:48', 1, 3, NULL, NULL),
(441, 3, 69, '2018-05-18 08:58:48', 1, 3, NULL, NULL),
(442, 1, 70, '2018-05-18 08:58:48', 1, 3, NULL, NULL),
(443, 2, 70, '2018-05-18 08:58:48', 1, 3, NULL, NULL),
(444, 3, 70, '2018-05-18 08:58:48', 1, 3, NULL, NULL),
(445, 1, 72, '2018-05-18 08:58:48', 1, 3, NULL, NULL),
(446, 2, 72, '2018-05-18 08:58:48', 1, 3, NULL, NULL),
(447, 3, 72, '2018-05-18 08:58:48', 1, 3, NULL, NULL),
(448, 1, 73, '2018-05-18 08:58:48', 1, 3, NULL, NULL),
(449, 2, 73, '2018-05-18 08:58:48', 1, 3, NULL, NULL),
(450, 3, 73, '2018-05-18 08:58:48', 1, 3, NULL, NULL),
(451, 1, 74, '2018-05-18 08:58:48', 1, 3, NULL, NULL),
(452, 2, 74, '2018-05-18 08:58:48', 1, 3, NULL, NULL),
(453, 3, 74, '2018-05-18 08:58:48', 1, 3, NULL, NULL),
(454, 1, 75, '2018-05-18 08:58:48', 1, 3, NULL, NULL),
(455, 2, 75, '2018-05-18 08:58:48', 1, 3, NULL, NULL),
(456, 3, 75, '2018-05-18 08:58:48', 1, 3, NULL, NULL),
(457, 1, 76, '2018-05-18 08:58:48', 1, 3, NULL, NULL),
(458, 2, 76, '2018-05-18 08:58:48', 1, 3, NULL, NULL),
(459, 3, 76, '2018-05-18 08:58:48', 1, 3, NULL, NULL),
(460, 1, 77, '2018-05-18 08:58:48', 1, 3, NULL, NULL),
(461, 2, 77, '2018-05-18 08:58:48', 1, 3, NULL, NULL),
(462, 3, 77, '2018-05-18 08:58:48', 1, 3, NULL, NULL),
(463, 1, 78, '2018-05-18 08:58:48', 1, 3, NULL, NULL),
(464, 2, 78, '2018-05-18 08:58:48', 1, 3, NULL, NULL),
(465, 3, 78, '2018-05-18 08:58:48', 1, 3, NULL, NULL),
(466, 1, 80, '2018-05-18 08:58:48', 1, 3, NULL, NULL),
(467, 2, 80, '2018-05-18 08:58:48', 1, 3, NULL, NULL),
(468, 3, 80, '2018-05-18 08:58:48', 1, 3, NULL, NULL),
(469, 1, 87, '2018-05-18 08:58:48', 1, 3, NULL, NULL),
(470, 2, 87, '2018-05-18 08:58:48', 1, 3, NULL, NULL),
(471, 3, 87, '2018-05-18 08:58:48', 1, 3, NULL, NULL),
(472, 1, 95, '2018-05-18 08:58:48', 1, 3, NULL, NULL),
(473, 2, 95, '2018-05-18 08:58:48', 1, 3, NULL, NULL),
(474, 3, 95, '2018-05-18 08:58:48', 1, 3, NULL, NULL),
(475, 1, 96, '2018-05-18 08:58:48', 1, 3, NULL, NULL),
(476, 2, 96, '2018-05-18 08:58:48', 1, 3, NULL, NULL),
(477, 3, 96, '2018-05-18 08:58:48', 1, 3, NULL, NULL),
(478, 1, 97, '2018-05-18 08:58:48', 1, 3, NULL, NULL),
(479, 2, 97, '2018-05-18 08:58:48', 1, 3, NULL, NULL),
(480, 3, 97, '2018-05-18 08:58:48', 1, 3, NULL, NULL),
(481, 1, 105, '2018-05-18 08:58:48', 1, 3, NULL, NULL),
(482, 2, 105, '2018-05-18 08:58:48', 1, 3, NULL, NULL),
(483, 3, 105, '2018-05-18 08:58:48', 1, 3, NULL, NULL),
(484, 1, 106, '2018-05-18 08:58:48', 1, 3, NULL, NULL),
(485, 2, 106, '2018-05-18 08:58:48', 1, 3, NULL, NULL),
(486, 3, 106, '2018-05-18 08:58:48', 1, 3, NULL, NULL),
(493, 1, 111, '2018-05-18 08:58:48', 1, 3, NULL, NULL),
(494, 2, 111, '2018-05-18 08:58:48', 1, 3, NULL, NULL),
(495, 3, 111, '2018-05-18 08:58:48', 1, 3, NULL, NULL),
(499, 1, 115, '2018-05-18 08:58:48', 1, 3, NULL, NULL),
(500, 2, 115, '2018-05-18 08:58:48', 1, 3, NULL, NULL),
(501, 3, 115, '2018-05-18 08:58:48', 1, 3, NULL, NULL),
(502, 1, 151, '2018-05-18 08:58:48', 1, 3, NULL, NULL),
(503, 2, 151, '2018-05-18 08:58:48', 1, 3, NULL, NULL),
(504, 3, 151, '2018-05-18 08:58:48', 1, 3, NULL, NULL),
(505, 1, 155, '2018-05-18 08:58:48', 1, 3, NULL, NULL),
(506, 2, 155, '2018-05-18 08:58:48', 1, 3, NULL, NULL),
(507, 3, 155, '2018-05-18 08:58:48', 1, 3, NULL, NULL),
(508, 4, 7, '2018-05-21 06:46:24', 1, 3, NULL, NULL),
(509, 5, 7, '2018-05-21 06:46:24', 1, 3, NULL, NULL),
(510, 1, 7, '2018-05-21 06:46:24', 1, 3, NULL, NULL),
(511, 2, 7, '2018-05-21 06:46:24', 1, 3, NULL, NULL),
(512, 3, 7, '2018-05-21 06:46:24', 1, 3, NULL, NULL),
(513, 4, 25, '2018-05-21 06:50:28', 1, 3, NULL, NULL),
(514, 5, 25, '2018-05-21 06:50:28', 1, 3, NULL, NULL),
(515, 1, 25, '2018-05-21 06:50:28', 1, 3, NULL, NULL),
(516, 2, 25, '2018-05-21 06:50:28', 1, 3, NULL, NULL),
(517, 3, 25, '2018-05-21 06:50:28', 1, 3, NULL, NULL),
(518, 4, 12, '2018-05-21 06:55:26', 1, 3, NULL, NULL),
(519, 5, 12, '2018-05-21 06:55:26', 1, 3, NULL, NULL),
(520, 1, 12, '2018-05-21 06:55:26', 1, 3, NULL, NULL),
(521, 2, 12, '2018-05-21 06:55:26', 1, 3, NULL, NULL),
(522, 3, 12, '2018-05-21 06:55:26', 1, 3, NULL, NULL),
(523, 5, 13, '2018-05-30 07:43:43', 1, 3, NULL, NULL),
(524, 6, 13, '2018-05-30 07:43:43', 1, 3, NULL, NULL),
(525, 4, 18, '2018-05-30 07:43:43', 1, 3, NULL, NULL),
(526, 5, 18, '2018-05-30 07:43:43', 1, 3, NULL, NULL),
(527, 5, 15, '2018-05-30 07:43:43', 1, 3, NULL, NULL),
(528, 6, 15, '2018-05-30 07:43:43', 1, 3, NULL, NULL),
(529, 5, 14, '2018-05-30 07:43:43', 1, 3, NULL, NULL),
(530, 6, 14, '2018-05-30 07:43:43', 1, 3, NULL, NULL),
(531, 5, 19, '2018-05-30 07:43:43', 1, 3, NULL, NULL),
(532, 6, 19, '2018-05-30 07:43:43', 1, 3, NULL, NULL),
(533, 1, 13, '2018-05-30 07:43:43', 1, 3, NULL, NULL),
(534, 2, 13, '2018-05-30 07:43:43', 1, 3, NULL, NULL),
(535, 3, 13, '2018-05-30 07:43:43', 1, 3, NULL, NULL),
(536, 1, 18, '2018-05-30 07:43:43', 1, 3, NULL, NULL),
(537, 2, 18, '2018-05-30 07:43:43', 1, 3, NULL, NULL),
(538, 3, 18, '2018-05-30 07:43:43', 1, 3, NULL, NULL),
(539, 1, 15, '2018-05-30 07:43:43', 1, 3, NULL, NULL),
(540, 2, 15, '2018-05-30 07:43:43', 1, 3, NULL, NULL),
(541, 3, 15, '2018-05-30 07:43:43', 1, 3, NULL, NULL),
(542, 1, 14, '2018-05-30 07:43:43', 1, 3, NULL, NULL),
(543, 2, 14, '2018-05-30 07:43:43', 1, 3, NULL, NULL),
(544, 3, 14, '2018-05-30 07:43:43', 1, 3, NULL, NULL),
(545, 1, 19, '2018-05-30 07:43:43', 1, 3, NULL, NULL),
(546, 2, 19, '2018-05-30 07:43:43', 1, 3, NULL, NULL),
(547, 3, 19, '2018-05-30 07:43:43', 1, 3, NULL, NULL),
(548, 5, 121, '2018-06-04 09:00:15', 1, 3, NULL, NULL),
(549, 6, 121, '2018-06-04 09:00:15', 1, 3, NULL, NULL),
(550, 1, 121, '2018-06-04 09:00:15', 1, 3, NULL, NULL),
(551, 2, 121, '2018-06-04 09:00:15', 1, 3, NULL, NULL),
(552, 3, 121, '2018-06-04 09:00:15', 1, 3, NULL, NULL),
(553, 4, 148, '2018-07-17 12:07:55', 1, 1, NULL, NULL),
(554, 5, 148, '2018-07-17 12:07:55', 1, 1, NULL, NULL),
(555, 6, 148, '2018-07-17 12:07:55', 1, 1, NULL, NULL),
(556, 1, 148, '2018-07-17 12:07:55', 1, 1, NULL, NULL),
(557, 2, 148, '2018-07-17 12:07:55', 1, 1, NULL, NULL),
(558, 3, 148, '2018-07-17 12:07:55', 1, 1, NULL, NULL);

-- --------------------------------------------------------

--
-- Table structure for table `teacherattendance`
--

CREATE TABLE `teacherattendance` (
  `attendanceAutoId` int(10) NOT NULL,
  `attendanceTeacherId` int(10) NOT NULL,
  `attendanceStatus` varchar(10) NOT NULL,
  `attendanceDate` date NOT NULL,
  `attendance_event_name` varchar(50) NOT NULL,
  `attendanceUpdated` timestamp NOT NULL DEFAULT CURRENT_TIMESTAMP ON UPDATE CURRENT_TIMESTAMP,
  `creating_user_group_id` int(5) NOT NULL,
  `creating_user_id` int(10) NOT NULL,
  `last_update_user_id` int(10) DEFAULT NULL,
  `last_update_user_group_id` int(10) DEFAULT NULL
) ENGINE=InnoDB DEFAULT CHARSET=latin1;

--
-- Dumping data for table `teacherattendance`
--

INSERT INTO `teacherattendance` (`attendanceAutoId`, `attendanceTeacherId`, `attendanceStatus`, `attendanceDate`, `attendance_event_name`, `attendanceUpdated`, `creating_user_group_id`, `creating_user_id`, `last_update_user_id`, `last_update_user_group_id`) VALUES
(2, 13, 'ABSENT', '2018-02-17', 'Normal Saturday classes', '2018-06-06 09:17:09', 1, 3, NULL, NULL),
(3, 1, 'ABSENT', '2018-02-17', 'Normal Saturday classes', '2018-06-06 09:17:09', 1, 3, NULL, NULL),
(4, 4, 'ABSENT', '2018-02-17', 'Normal Saturday classes', '2018-06-06 09:17:09', 1, 3, NULL, NULL),
(5, 7, 'ABSENT', '2018-02-17', 'Normal Saturday classes', '2018-06-06 09:17:09', 1, 3, NULL, NULL),
(6, 5, 'ABSENT', '2018-02-17', 'Normal Saturday classes', '2018-06-06 09:17:09', 1, 3, NULL, NULL),
(7, 6, 'PRESENT', '2018-02-17', 'Normal Saturday classes', '2018-06-06 09:17:09', 1, 3, NULL, NULL),
(8, 14, 'ABSENT', '2018-02-17', 'Normal Saturday classes', '2018-06-06 09:17:09', 1, 3, NULL, NULL),
(9, 10, 'ABSENT', '2018-02-17', 'Normal Saturday classes', '2018-06-06 09:17:09', 1, 3, NULL, NULL),
(10, 15, 'ABSENT', '2018-02-17', 'Normal Saturday classes', '2018-06-06 09:17:09', 1, 3, NULL, NULL),
(11, 9, 'ABSENT', '2018-02-17', 'Normal Saturday classes', '2018-06-06 09:17:09', 1, 3, NULL, NULL),
(12, 11, 'ABSENT', '2018-02-17', 'Normal Saturday classes', '2018-06-06 09:17:09', 1, 3, NULL, NULL),
(13, 12, 'ABSENT', '2018-02-17', 'Normal Saturday classes', '2018-06-06 09:17:09', 1, 3, NULL, NULL),
(14, 8, 'ABSENT', '2018-02-17', 'Normal Saturday classes', '2018-06-06 09:17:09', 1, 3, NULL, NULL),
(16, 13, 'ABSENT', '2018-02-17', 'Normal Saturday classes', '2018-06-06 09:17:59', 1, 3, NULL, NULL),
(17, 1, 'ABSENT', '2018-02-17', 'Normal Saturday classes', '2018-06-06 09:17:59', 1, 3, NULL, NULL),
(18, 4, 'ABSENT', '2018-02-17', 'Normal Saturday classes', '2018-06-06 09:17:59', 1, 3, NULL, NULL),
(19, 7, 'ABSENT', '2018-02-17', 'Normal Saturday classes', '2018-06-06 09:17:59', 1, 3, NULL, NULL),
(20, 5, 'ABSENT', '2018-02-17', 'Normal Saturday classes', '2018-06-06 09:17:59', 1, 3, NULL, NULL),
(21, 6, 'PRESENT', '2018-02-17', 'Normal Saturday classes', '2018-06-06 09:17:59', 1, 3, NULL, NULL),
(22, 14, 'ABSENT', '2018-02-17', 'Normal Saturday classes', '2018-06-06 09:17:59', 1, 3, NULL, NULL),
(23, 10, 'ABSENT', '2018-02-17', 'Normal Saturday classes', '2018-06-06 09:17:59', 1, 3, NULL, NULL),
(24, 15, 'ABSENT', '2018-02-17', 'Normal Saturday classes', '2018-06-06 09:17:59', 1, 3, NULL, NULL),
(25, 9, 'ABSENT', '2018-02-17', 'Normal Saturday classes', '2018-06-06 09:17:59', 1, 3, NULL, NULL),
(26, 11, 'ABSENT', '2018-02-17', 'Normal Saturday classes', '2018-06-06 09:17:59', 1, 3, NULL, NULL),
(27, 12, 'ABSENT', '2018-02-17', 'Normal Saturday classes', '2018-06-06 09:17:59', 1, 3, NULL, NULL),
(28, 8, 'ABSENT', '2018-02-17', 'Normal Saturday classes', '2018-06-06 09:17:59', 1, 3, NULL, NULL),
(30, 13, 'EXCUSED', '2018-02-10', 'Normal Saturday classes', '2018-06-06 09:20:06', 1, 3, NULL, NULL),
(31, 1, 'EXCUSED', '2018-02-10', 'Normal Saturday classes', '2018-06-06 09:20:06', 1, 3, NULL, NULL),
(32, 4, 'PRESENT', '2018-02-10', 'Normal Saturday classes', '2018-06-06 09:20:06', 1, 3, NULL, NULL),
(33, 7, 'EXCUSED', '2018-02-10', 'Normal Saturday classes', '2018-06-06 09:20:06', 1, 3, NULL, NULL),
(34, 5, 'EXCUSED', '2018-02-10', 'Normal Saturday classes', '2018-06-06 09:20:06', 1, 3, NULL, NULL),
(35, 6, 'EXCUSED', '2018-02-10', 'Normal Saturday classes', '2018-06-06 09:20:06', 1, 3, NULL, NULL),
(36, 14, 'EXCUSED', '2018-02-10', 'Normal Saturday classes', '2018-06-06 09:20:06', 1, 3, NULL, NULL),
(37, 10, 'EXCUSED', '2018-02-10', 'Normal Saturday classes', '2018-06-06 09:20:06', 1, 3, NULL, NULL),
(38, 15, 'EXCUSED', '2018-02-10', 'Normal Saturday classes', '2018-06-06 09:20:06', 1, 3, NULL, NULL),
(39, 9, 'EXCUSED', '2018-02-10', 'Normal Saturday classes', '2018-06-06 09:20:06', 1, 3, NULL, NULL),
(40, 11, 'EXCUSED', '2018-02-10', 'Normal Saturday classes', '2018-06-06 09:20:06', 1, 3, NULL, NULL),
(41, 12, 'EXCUSED', '2018-02-10', 'Normal Saturday classes', '2018-06-06 09:20:06', 1, 3, NULL, NULL),
(42, 8, 'EXCUSED', '2018-02-10', 'Normal Saturday classes', '2018-06-06 09:20:06', 1, 3, NULL, NULL),
(44, 13, 'EXCUSED', '2018-02-10', 'Normal Saturday classes', '2018-06-06 09:29:34', 1, 3, NULL, NULL),
(45, 1, 'EXCUSED', '2018-02-10', 'Normal Saturday classes', '2018-06-06 09:29:34', 1, 3, NULL, NULL),
(46, 4, 'PRESENT', '2018-02-10', 'Normal Saturday classes', '2018-06-06 09:29:34', 1, 3, NULL, NULL),
(47, 7, 'EXCUSED', '2018-02-10', 'Normal Saturday classes', '2018-06-06 09:29:34', 1, 3, NULL, NULL),
(48, 5, 'EXCUSED', '2018-02-10', 'Normal Saturday classes', '2018-06-06 09:29:34', 1, 3, NULL, NULL),
(49, 6, 'EXCUSED', '2018-02-10', 'Normal Saturday classes', '2018-06-06 09:29:34', 1, 3, NULL, NULL),
(50, 14, 'EXCUSED', '2018-02-10', 'Normal Saturday classes', '2018-06-06 09:29:34', 1, 3, NULL, NULL),
(51, 10, 'EXCUSED', '2018-02-10', 'Normal Saturday classes', '2018-06-06 09:29:34', 1, 3, NULL, NULL),
(52, 15, 'EXCUSED', '2018-02-10', 'Normal Saturday classes', '2018-06-06 09:29:34', 1, 3, NULL, NULL),
(53, 9, 'EXCUSED', '2018-02-10', 'Normal Saturday classes', '2018-06-06 09:29:34', 1, 3, NULL, NULL),
(54, 11, 'EXCUSED', '2018-02-10', 'Normal Saturday classes', '2018-06-06 09:29:34', 1, 3, NULL, NULL),
(55, 12, 'EXCUSED', '2018-02-10', 'Normal Saturday classes', '2018-06-06 09:29:34', 1, 3, NULL, NULL),
(56, 8, 'EXCUSED', '2018-02-10', 'Normal Saturday classes', '2018-06-06 09:29:34', 1, 3, NULL, NULL);

-- --------------------------------------------------------

--
-- Table structure for table `teacherinstitutions`
--

CREATE TABLE `teacherinstitutions` (
  `institutionAutoId` int(10) NOT NULL,
  `institutionName` varchar(100) NOT NULL,
  `institutionLocation` varchar(100) DEFAULT NULL,
  `institutionAlias` varchar(15) NOT NULL,
  `creating_user_group_id` int(5) NOT NULL,
  `creating_user_id` int(10) NOT NULL,
  `last_update_user_id` int(10) DEFAULT NULL,
  `last_update_user_group_id` int(10) DEFAULT NULL
) ENGINE=InnoDB DEFAULT CHARSET=latin1;

-- --------------------------------------------------------

--
-- Table structure for table `teachers`
--

CREATE TABLE `teachers` (
  `teacherAutoId` int(10) NOT NULL,
  `teacherId` varchar(30) DEFAULT NULL,
  `teacherFname` varchar(30) NOT NULL,
  `teacherLname` varchar(30) NOT NULL,
  `teacherOtherNames` varchar(50) DEFAULT NULL,
  `teacherGender` varchar(10) NOT NULL,
  `teacherPhone` varchar(30) NOT NULL,
  `teacherEmail` varchar(100) NOT NULL,
  `teacherSchoolId` int(5) DEFAULT NULL,
  `teacherStartDate` date DEFAULT NULL,
  `teacherDateLeft` int(11) NOT NULL,
  `teacherPassword` varchar(150) NOT NULL,
  `teacherActiveStatus` tinyint(1) NOT NULL DEFAULT '1',
  `teacherReasonInactive` varchar(150) DEFAULT NULL,
  `teacherProfile` varchar(250) DEFAULT NULL,
  `teacherProfilePhoto` varchar(150) DEFAULT NULL,
  `teacherDateAdded` datetime NOT NULL,
  `teacherDateUpdated` timestamp NOT NULL DEFAULT CURRENT_TIMESTAMP ON UPDATE CURRENT_TIMESTAMP,
  `creating_user_group_id` int(5) NOT NULL,
  `creating_user_id` int(10) NOT NULL,
  `last_update_user_id` int(10) DEFAULT NULL,
  `last_update_user_group_id` int(10) DEFAULT NULL
) ENGINE=InnoDB DEFAULT CHARSET=latin1 ROW_FORMAT=COMPACT;

--
-- Dumping data for table `teachers`
--

INSERT INTO `teachers` (`teacherAutoId`, `teacherId`, `teacherFname`, `teacherLname`, `teacherOtherNames`, `teacherGender`, `teacherPhone`, `teacherEmail`, `teacherSchoolId`, `teacherStartDate`, `teacherDateLeft`, `teacherPassword`, `teacherActiveStatus`, `teacherReasonInactive`, `teacherProfile`, `teacherProfilePhoto`, `teacherDateAdded`, `teacherDateUpdated`, `creating_user_group_id`, `creating_user_id`, `last_update_user_id`, `last_update_user_group_id`) VALUES
(1, '', 'Fred', 'Odhiambo', '', 'Female', '0722496091', 'fred2odhiambo@gnail.com', 9, '0000-00-00', 0, 'c1ff34f0f9506f942a7b08a4e45c8cb0', 0, NULL, NULL, NULL, '2018-05-17 12:14:43', '2018-07-16 09:12:41', 1, 3, 1, 1),
(4, '00000008', 'Joe', 'Muhia', '', 'Male', '0722940095', 'joemuhia32@gmail.com', 9, '0000-00-00', 0, '73dbbea1f45abdf286de641e1504f4dd', 1, NULL, NULL, NULL, '2018-05-17 12:20:33', '2018-05-17 09:20:33', 1, 3, NULL, NULL),
(5, '0000009', 'Julian', 'Makena', 'Kihara', 'Female', '0724891254', 'jmakenauk@gnail.com', 11, '0000-00-00', 0, 'fcab552dd48c58c6ab02cf68b7ad1225', 1, NULL, NULL, NULL, '2018-05-17 12:22:09', '2018-05-17 09:22:09', 1, 3, NULL, NULL),
(6, '00000000011', 'Lucy', 'Kioo', '', 'Female', '0718848313', 'lucy.k@gmail.com', 11, '0000-00-00', 0, '9d7bfc228ccff48eb66c34eb8915c374', 1, NULL, NULL, NULL, '2018-05-17 12:23:44', '2018-05-17 09:23:44', 1, 3, NULL, NULL),
(7, '10000000', 'Josphat', 'Marucha', '', 'Male', '0723555085', 'jmarucha@gmail.com', 7, '0000-00-00', 0, '6d0a1f611ae550240e6bafaab79dbe52', 1, NULL, NULL, NULL, '2018-05-17 12:34:43', '2018-05-17 09:34:43', 1, 3, NULL, NULL),
(8, '11000000', 'Zachary', 'Sosi', '', 'Male', '0711801880', 'zsosi@gmail.com', 4, '0000-00-00', 0, 'ebadd0a6f31bb3776a5f0e7ac8dc33d5', 1, NULL, NULL, NULL, '2018-05-17 12:35:58', '2018-05-17 09:35:58', 1, 3, NULL, NULL),
(9, '1010000', 'Sister', 'Josephina', '', 'Female', '0723498482', 'sjosephina@gmail.com', 1, '0000-00-00', 0, '2ceb477bfe5eed21cc9cc3501617f0ad', 1, NULL, NULL, NULL, '2018-05-17 12:37:07', '2018-05-17 09:37:07', 1, 3, NULL, NULL),
(10, '120000000', 'Richard', 'Teka', '', 'Male', '0710188512', 'rteka@ gmail.com', 5, '0000-00-00', 0, 'e41c864d04638566d43a7a5984b98ff4', 1, NULL, NULL, NULL, '2018-05-17 12:38:16', '2018-05-17 09:38:16', 1, 3, NULL, NULL),
(11, '210000000', 'Teacher', 'Claris', '', 'Female', '0716076799', 'tclaris@gmail.com', 5, '0000-00-00', 0, '25b383ad4839396d355abd40331a9c02', 1, NULL, NULL, NULL, '2018-05-17 12:40:15', '2018-05-17 09:40:15', 1, 3, NULL, NULL),
(12, '21200000', 'Teacher', 'Fridah', '', 'Female', '0720648593', 'tfridah@gmail.com', 5, '0000-00-00', 0, 'df449c237b074fba2d890b341aa1aca0', 1, NULL, NULL, NULL, '2018-05-17 12:41:32', '2018-05-17 09:41:32', 1, 3, NULL, NULL),
(13, '12100000', 'Cetric', 'Mabiala', '', 'Male', '0714871891', 'mabiala@gmail.com', 3, '0000-00-00', 0, 'f5b8fc9f4edf0334e6a8e33ac9c0711b', 1, NULL, NULL, NULL, '2018-05-17 12:47:13', '2018-05-17 09:47:13', 1, 3, NULL, NULL),
(14, '220000', 'Mary', 'Wanjiku', 'Githinji', 'Female', '0726075736', 'mwanjiku@gmail.com', 2, '0000-00-00', 0, '47d9c5b108f749dc57e754489daf6801', 1, NULL, NULL, NULL, '2018-05-17 12:49:37', '2018-05-17 09:49:37', 1, 3, NULL, NULL),
(15, '231000000', 'Richard', 'Wangai', '', 'Male', '0724117763', 'rwangai@gmail.com', 8, '0000-00-00', 0, '87fee6868c600aff4c38340d73ada0db', 1, NULL, NULL, NULL, '2018-05-17 12:50:45', '2018-05-17 09:50:45', 1, 3, NULL, NULL);

-- --------------------------------------------------------

--
-- Table structure for table `user_groups`
--

CREATE TABLE `user_groups` (
  `user_group_id` int(5) NOT NULL,
  `user_group_name` varchar(30) NOT NULL
) ENGINE=InnoDB DEFAULT CHARSET=latin1;

--
-- Dumping data for table `user_groups`
--

INSERT INTO `user_groups` (`user_group_id`, `user_group_name`) VALUES
(1, 'Admin'),
(2, 'Mentor'),
(3, 'Teacher'),
(4, 'Intern');

--
-- Indexes for dumped tables
--

--
-- Indexes for table `admins`
--
ALTER TABLE `admins`
  ADD PRIMARY KEY (`adminAutoId`),
  ADD UNIQUE KEY `adminStaffId` (`adminStaffId`),
  ADD UNIQUE KEY `adminId` (`adminId`);

--
-- Indexes for table `classes`
--
ALTER TABLE `classes`
  ADD PRIMARY KEY (`classAutoId`),
  ADD KEY `f2_mentee_id_fk` (`classMenteeId`),
  ADD KEY `class_form_code_fk` (`formCode`);

--
-- Indexes for table `courses`
--
ALTER TABLE `courses`
  ADD PRIMARY KEY (`courseAutoId`),
  ADD KEY `course_institution_id_fk` (`courseInstitutionId`);

--
-- Indexes for table `forms`
--
ALTER TABLE `forms`
  ADD PRIMARY KEY (`formCode`);

--
-- Indexes for table `generalexams`
--
ALTER TABLE `generalexams`
  ADD PRIMARY KEY (`examAutoId`),
  ADD KEY `termId` (`examTermCode`),
  ADD KEY `examFormId` (`examFormCode`);

--
-- Indexes for table `generalsubjects`
--
ALTER TABLE `generalsubjects`
  ADD PRIMARY KEY (`subjectAutoId`);

--
-- Indexes for table `general_exams_performance`
--
ALTER TABLE `general_exams_performance`
  ADD PRIMARY KEY (`perfAutoId`),
  ADD KEY `perf_general_mentee_id` (`perfMenteeId`,`perfExamId`,`perfSubjectId`),
  ADD KEY `perf_general_exam_id_fk` (`perfExamId`),
  ADD KEY `perf_general_subject_id_fk` (`perfSubjectId`);

--
-- Indexes for table `guardians`
--
ALTER TABLE `guardians`
  ADD PRIMARY KEY (`guardianAutoId`),
  ADD UNIQUE KEY `guardianPhone` (`guardianPhone1`),
  ADD UNIQUE KEY `guardianEmail` (`guardianEmail`),
  ADD UNIQUE KEY `guardianPhone2` (`guardianPhone2`);

--
-- Indexes for table `institutions`
--
ALTER TABLE `institutions`
  ADD PRIMARY KEY (`institutionAutoId`);

--
-- Indexes for table `internattendance`
--
ALTER TABLE `internattendance`
  ADD PRIMARY KEY (`attendanceAutoId`),
  ADD KEY `intern_attendance_intern_id_fk` (`attendanceInternId`);

--
-- Indexes for table `interns`
--
ALTER TABLE `interns`
  ADD PRIMARY KEY (`internAutoId`),
  ADD UNIQUE KEY `internEmail` (`internEmail`),
  ADD UNIQUE KEY `internSUID` (`internStudId`),
  ADD KEY `intern_course_id_fk` (`internCourseId`),
  ADD KEY `intern_institution_fk` (`internInstitutionId`);

--
-- Indexes for table `macheoexams`
--
ALTER TABLE `macheoexams`
  ADD PRIMARY KEY (`examAutoId`),
  ADD KEY `termId` (`examTermCode`),
  ADD KEY `examFormId` (`examFormCode`);

--
-- Indexes for table `macheosubjects`
--
ALTER TABLE `macheosubjects`
  ADD PRIMARY KEY (`subjectAutoId`);

--
-- Indexes for table `macheo_exams_performance`
--
ALTER TABLE `macheo_exams_performance`
  ADD PRIMARY KEY (`perfAutoId`),
  ADD KEY `perf_macheo_mentee_id` (`perfMenteeId`,`perfExamId`,`perfSubjectId`),
  ADD KEY `perf_macheo_exam_id_fk` (`perfExamId`),
  ADD KEY `perf_macheo_subject_id_fk` (`perfSubjectId`);

--
-- Indexes for table `menteeattendance`
--
ALTER TABLE `menteeattendance`
  ADD PRIMARY KEY (`attendanceAutoId`),
  ADD KEY `attendance_mentee_id_fk` (`attendanceMenteeId`);

--
-- Indexes for table `mentees`
--
ALTER TABLE `mentees`
  ADD PRIMARY KEY (`menteeAutoId`),
  ADD KEY `studSchoolId` (`menteeSchoolId`),
  ADD KEY `studSchoolId_2` (`menteeSchoolId`,`menteeGuardianId`,`menteeMentorId`),
  ADD KEY `stud_guardian_id_fk` (`menteeGuardianId`),
  ADD KEY `stud_mentor_id_fk` (`menteeMentorId`);

--
-- Indexes for table `mentorattendance`
--
ALTER TABLE `mentorattendance`
  ADD PRIMARY KEY (`attendanceAutoId`),
  ADD KEY `mentor_attendance_mentor_id_fk` (`attendanceMentorId`);

--
-- Indexes for table `mentors`
--
ALTER TABLE `mentors`
  ADD PRIMARY KEY (`mentorAutoId`),
  ADD UNIQUE KEY `mentorPhone1` (`mentorPhone1`),
  ADD UNIQUE KEY `mentorEmail` (`mentorEmail`),
  ADD UNIQUE KEY `mentorId` (`mentorId`),
  ADD UNIQUE KEY `mentorPhone2` (`mentorPhone2`),
  ADD KEY `mentorInstitution` (`mentorInstitutionId`),
  ADD KEY `mentorYoS_2` (`mentorYoS`),
  ADD KEY `mentor_course_id_fk` (`mentorCourse`);

--
-- Indexes for table `mentorship`
--
ALTER TABLE `mentorship`
  ADD PRIMARY KEY (`mentorshipAutoId`),
  ADD KEY `mentorshipMenteeId` (`mentorshipMenteeId`,`mentorshipMentorId`),
  ADD KEY `mentorship_mentor_id_fk` (`mentorshipMentorId`);

--
-- Indexes for table `schoolcategories`
--
ALTER TABLE `schoolcategories`
  ADD PRIMARY KEY (`categoryAutoId`);

--
-- Indexes for table `schools`
--
ALTER TABLE `schools`
  ADD PRIMARY KEY (`schoolAutoId`),
  ADD UNIQUE KEY `schoolAlias` (`schoolAlias`),
  ADD KEY `schoolCategoryId` (`schoolCategoryId`);

--
-- Indexes for table `selectedgeneralsubjects`
--
ALTER TABLE `selectedgeneralsubjects`
  ADD PRIMARY KEY (`selectAutoId`),
  ADD KEY `selectSubjectId` (`selectSubjectId`,`selectMenteeId`),
  ADD KEY `selected_student_id_fk` (`selectMenteeId`);

--
-- Indexes for table `selectedmacheosubjects`
--
ALTER TABLE `selectedmacheosubjects`
  ADD PRIMARY KEY (`selectAutoId`),
  ADD KEY `selectSubjectId` (`selectSubjectId`,`selectMenteeId`),
  ADD KEY `selected_student_id_fk` (`selectMenteeId`);

--
-- Indexes for table `teacherattendance`
--
ALTER TABLE `teacherattendance`
  ADD PRIMARY KEY (`attendanceAutoId`),
  ADD KEY `attendance_teacher_id_fk` (`attendanceTeacherId`);

--
-- Indexes for table `teacherinstitutions`
--
ALTER TABLE `teacherinstitutions`
  ADD PRIMARY KEY (`institutionAutoId`);

--
-- Indexes for table `teachers`
--
ALTER TABLE `teachers`
  ADD PRIMARY KEY (`teacherAutoId`),
  ADD UNIQUE KEY `teacherPhone` (`teacherPhone`),
  ADD UNIQUE KEY `teacherEmail` (`teacherEmail`),
  ADD UNIQUE KEY `teacherNID` (`teacherId`),
  ADD KEY `teacher_school_id_fk` (`teacherSchoolId`);

--
-- Indexes for table `user_groups`
--
ALTER TABLE `user_groups`
  ADD PRIMARY KEY (`user_group_id`);

--
-- AUTO_INCREMENT for dumped tables
--

--
-- AUTO_INCREMENT for table `admins`
--
ALTER TABLE `admins`
  MODIFY `adminAutoId` int(10) NOT NULL AUTO_INCREMENT, AUTO_INCREMENT=5;

--
-- AUTO_INCREMENT for table `classes`
--
ALTER TABLE `classes`
  MODIFY `classAutoId` int(10) NOT NULL AUTO_INCREMENT, AUTO_INCREMENT=167;

--
-- AUTO_INCREMENT for table `courses`
--
ALTER TABLE `courses`
  MODIFY `courseAutoId` int(5) NOT NULL AUTO_INCREMENT, AUTO_INCREMENT=13;

--
-- AUTO_INCREMENT for table `generalexams`
--
ALTER TABLE `generalexams`
  MODIFY `examAutoId` int(10) NOT NULL AUTO_INCREMENT, AUTO_INCREMENT=5;

--
-- AUTO_INCREMENT for table `generalsubjects`
--
ALTER TABLE `generalsubjects`
  MODIFY `subjectAutoId` int(10) NOT NULL AUTO_INCREMENT, AUTO_INCREMENT=20;

--
-- AUTO_INCREMENT for table `general_exams_performance`
--
ALTER TABLE `general_exams_performance`
  MODIFY `perfAutoId` int(10) NOT NULL AUTO_INCREMENT, AUTO_INCREMENT=463;

--
-- AUTO_INCREMENT for table `guardians`
--
ALTER TABLE `guardians`
  MODIFY `guardianAutoId` int(10) NOT NULL AUTO_INCREMENT, AUTO_INCREMENT=128;

--
-- AUTO_INCREMENT for table `institutions`
--
ALTER TABLE `institutions`
  MODIFY `institutionAutoId` int(10) NOT NULL AUTO_INCREMENT, AUTO_INCREMENT=7;

--
-- AUTO_INCREMENT for table `internattendance`
--
ALTER TABLE `internattendance`
  MODIFY `attendanceAutoId` int(10) NOT NULL AUTO_INCREMENT;

--
-- AUTO_INCREMENT for table `interns`
--
ALTER TABLE `interns`
  MODIFY `internAutoId` int(10) NOT NULL AUTO_INCREMENT, AUTO_INCREMENT=3;

--
-- AUTO_INCREMENT for table `macheoexams`
--
ALTER TABLE `macheoexams`
  MODIFY `examAutoId` int(10) NOT NULL AUTO_INCREMENT, AUTO_INCREMENT=2;

--
-- AUTO_INCREMENT for table `macheosubjects`
--
ALTER TABLE `macheosubjects`
  MODIFY `subjectAutoId` int(10) NOT NULL AUTO_INCREMENT, AUTO_INCREMENT=7;

--
-- AUTO_INCREMENT for table `macheo_exams_performance`
--
ALTER TABLE `macheo_exams_performance`
  MODIFY `perfAutoId` int(10) NOT NULL AUTO_INCREMENT;

--
-- AUTO_INCREMENT for table `menteeattendance`
--
ALTER TABLE `menteeattendance`
  MODIFY `attendanceAutoId` int(10) NOT NULL AUTO_INCREMENT, AUTO_INCREMENT=2628;

--
-- AUTO_INCREMENT for table `mentees`
--
ALTER TABLE `mentees`
  MODIFY `menteeAutoId` int(10) NOT NULL AUTO_INCREMENT, AUTO_INCREMENT=167;

--
-- AUTO_INCREMENT for table `mentorattendance`
--
ALTER TABLE `mentorattendance`
  MODIFY `attendanceAutoId` int(10) NOT NULL AUTO_INCREMENT, AUTO_INCREMENT=77;

--
-- AUTO_INCREMENT for table `mentors`
--
ALTER TABLE `mentors`
  MODIFY `mentorAutoId` int(10) NOT NULL AUTO_INCREMENT, AUTO_INCREMENT=78;

--
-- AUTO_INCREMENT for table `mentorship`
--
ALTER TABLE `mentorship`
  MODIFY `mentorshipAutoId` int(10) NOT NULL AUTO_INCREMENT;

--
-- AUTO_INCREMENT for table `schoolcategories`
--
ALTER TABLE `schoolcategories`
  MODIFY `categoryAutoId` int(10) NOT NULL AUTO_INCREMENT, AUTO_INCREMENT=10;

--
-- AUTO_INCREMENT for table `schools`
--
ALTER TABLE `schools`
  MODIFY `schoolAutoId` int(10) NOT NULL AUTO_INCREMENT, AUTO_INCREMENT=14;

--
-- AUTO_INCREMENT for table `selectedgeneralsubjects`
--
ALTER TABLE `selectedgeneralsubjects`
  MODIFY `selectAutoId` int(10) NOT NULL AUTO_INCREMENT, AUTO_INCREMENT=948;

--
-- AUTO_INCREMENT for table `selectedmacheosubjects`
--
ALTER TABLE `selectedmacheosubjects`
  MODIFY `selectAutoId` int(10) NOT NULL AUTO_INCREMENT, AUTO_INCREMENT=559;

--
-- AUTO_INCREMENT for table `teacherattendance`
--
ALTER TABLE `teacherattendance`
  MODIFY `attendanceAutoId` int(10) NOT NULL AUTO_INCREMENT, AUTO_INCREMENT=57;

--
-- AUTO_INCREMENT for table `teacherinstitutions`
--
ALTER TABLE `teacherinstitutions`
  MODIFY `institutionAutoId` int(10) NOT NULL AUTO_INCREMENT;

--
-- AUTO_INCREMENT for table `teachers`
--
ALTER TABLE `teachers`
  MODIFY `teacherAutoId` int(10) NOT NULL AUTO_INCREMENT, AUTO_INCREMENT=16;

--
-- AUTO_INCREMENT for table `user_groups`
--
ALTER TABLE `user_groups`
  MODIFY `user_group_id` int(5) NOT NULL AUTO_INCREMENT, AUTO_INCREMENT=5;

--
-- Constraints for dumped tables
--

--
-- Constraints for table `classes`
--
ALTER TABLE `classes`
  ADD CONSTRAINT `class_form_code_fk` FOREIGN KEY (`formCode`) REFERENCES `forms` (`formCode`) ON DELETE CASCADE,
  ADD CONSTRAINT `class_mentee_id_fk` FOREIGN KEY (`classMenteeId`) REFERENCES `mentees` (`menteeAutoId`) ON DELETE CASCADE;

--
-- Constraints for table `courses`
--
ALTER TABLE `courses`
  ADD CONSTRAINT `course_institution_id_fk` FOREIGN KEY (`courseInstitutionId`) REFERENCES `institutions` (`institutionAutoId`) ON DELETE CASCADE;

--
-- Constraints for table `general_exams_performance`
--
ALTER TABLE `general_exams_performance`
  ADD CONSTRAINT `perf_general_exam_id_fk` FOREIGN KEY (`perfExamId`) REFERENCES `generalexams` (`examAutoId`) ON DELETE CASCADE,
  ADD CONSTRAINT `perf_general_mentee_id_fk` FOREIGN KEY (`perfMenteeId`) REFERENCES `mentees` (`menteeAutoId`) ON DELETE CASCADE,
  ADD CONSTRAINT `perf_general_subject_id_fk` FOREIGN KEY (`perfSubjectId`) REFERENCES `generalsubjects` (`subjectAutoId`) ON DELETE CASCADE;

--
-- Constraints for table `internattendance`
--
ALTER TABLE `internattendance`
  ADD CONSTRAINT `intern_attendance_intern_id_fk` FOREIGN KEY (`attendanceInternId`) REFERENCES `interns` (`internAutoId`) ON DELETE CASCADE;

--
-- Constraints for table `interns`
--
ALTER TABLE `interns`
  ADD CONSTRAINT `intern_course_id_fk` FOREIGN KEY (`internCourseId`) REFERENCES `courses` (`courseAutoId`) ON DELETE CASCADE,
  ADD CONSTRAINT `intern_institution_fk` FOREIGN KEY (`internInstitutionId`) REFERENCES `institutions` (`institutionAutoId`) ON DELETE CASCADE;

--
-- Constraints for table `macheo_exams_performance`
--
ALTER TABLE `macheo_exams_performance`
  ADD CONSTRAINT `perf_macheo_exam_id_fk` FOREIGN KEY (`perfExamId`) REFERENCES `macheoexams` (`examAutoId`) ON DELETE CASCADE,
  ADD CONSTRAINT `perf_macheo_mentee_id_fk` FOREIGN KEY (`perfMenteeId`) REFERENCES `mentees` (`menteeAutoId`) ON DELETE CASCADE,
  ADD CONSTRAINT `perf_macheo_subject_id_fk` FOREIGN KEY (`perfSubjectId`) REFERENCES `macheosubjects` (`subjectAutoId`) ON DELETE CASCADE;

--
-- Constraints for table `menteeattendance`
--
ALTER TABLE `menteeattendance`
  ADD CONSTRAINT `attendance_mentee_id_fk` FOREIGN KEY (`attendanceMenteeId`) REFERENCES `mentees` (`menteeAutoId`) ON DELETE CASCADE;

--
-- Constraints for table `mentees`
--
ALTER TABLE `mentees`
  ADD CONSTRAINT `mentee_guardian_id_fk` FOREIGN KEY (`menteeGuardianId`) REFERENCES `guardians` (`guardianAutoId`) ON DELETE SET NULL,
  ADD CONSTRAINT `mentee_mentor_id_fk` FOREIGN KEY (`menteeMentorId`) REFERENCES `mentors` (`mentorAutoId`) ON DELETE SET NULL,
  ADD CONSTRAINT `mentee_school_id_fk` FOREIGN KEY (`menteeSchoolId`) REFERENCES `schools` (`schoolAutoId`);

--
-- Constraints for table `mentorattendance`
--
ALTER TABLE `mentorattendance`
  ADD CONSTRAINT `mentor_attendance_mentor_id_fk` FOREIGN KEY (`attendanceMentorId`) REFERENCES `mentors` (`mentorAutoId`) ON DELETE CASCADE;

--
-- Constraints for table `mentors`
--
ALTER TABLE `mentors`
  ADD CONSTRAINT `mentor_course_id_fk` FOREIGN KEY (`mentorCourse`) REFERENCES `courses` (`courseAutoId`) ON DELETE CASCADE,
  ADD CONSTRAINT `mentor_institution_id_fk` FOREIGN KEY (`mentorInstitutionId`) REFERENCES `institutions` (`institutionAutoId`) ON DELETE CASCADE;

--
-- Constraints for table `mentorship`
--
ALTER TABLE `mentorship`
  ADD CONSTRAINT `mentorship_mentee_id_fk` FOREIGN KEY (`mentorshipMenteeId`) REFERENCES `mentees` (`menteeAutoId`) ON DELETE CASCADE,
  ADD CONSTRAINT `mentorship_mentor_id_fk` FOREIGN KEY (`mentorshipMentorId`) REFERENCES `mentors` (`mentorAutoId`) ON DELETE CASCADE;

--
-- Constraints for table `schools`
--
ALTER TABLE `schools`
  ADD CONSTRAINT `school_category_id_fk` FOREIGN KEY (`schoolCategoryId`) REFERENCES `schoolcategories` (`categoryAutoId`) ON DELETE CASCADE;

--
-- Constraints for table `selectedgeneralsubjects`
--
ALTER TABLE `selectedgeneralsubjects`
  ADD CONSTRAINT `selected_general_mentee_id_fk` FOREIGN KEY (`selectMenteeId`) REFERENCES `mentees` (`menteeAutoId`) ON DELETE CASCADE,
  ADD CONSTRAINT `selected_general_subject_id_fk` FOREIGN KEY (`selectSubjectId`) REFERENCES `generalsubjects` (`subjectAutoId`) ON DELETE CASCADE;

--
-- Constraints for table `selectedmacheosubjects`
--
ALTER TABLE `selectedmacheosubjects`
  ADD CONSTRAINT `selected_macheo_mentee_id_fk` FOREIGN KEY (`selectMenteeId`) REFERENCES `mentees` (`menteeAutoId`) ON DELETE CASCADE,
  ADD CONSTRAINT `selected_macheo_subject_id_fk` FOREIGN KEY (`selectSubjectId`) REFERENCES `macheosubjects` (`subjectAutoId`) ON DELETE CASCADE;

--
-- Constraints for table `teacherattendance`
--
ALTER TABLE `teacherattendance`
  ADD CONSTRAINT `attendance_teacher_id_fk` FOREIGN KEY (`attendanceTeacherId`) REFERENCES `teachers` (`teacherAutoId`) ON DELETE CASCADE;

--
-- Constraints for table `teachers`
--
ALTER TABLE `teachers`
  ADD CONSTRAINT `teacher_school_id_fk` FOREIGN KEY (`teacherSchoolId`) REFERENCES `schools` (`schoolAutoId`) ON DELETE SET NULL;
COMMIT;

/*!40101 SET CHARACTER_SET_CLIENT=@OLD_CHARACTER_SET_CLIENT */;
/*!40101 SET CHARACTER_SET_RESULTS=@OLD_CHARACTER_SET_RESULTS */;
/*!40101 SET COLLATION_CONNECTION=@OLD_COLLATION_CONNECTION */;
